ISO-10303-21;
HEADER;
FILE_DESCRIPTION(('KiCad electronic assembly'),'2;1');
FILE_NAME('hzk65_switch.step','2026-07-25T11:15:15',('Pcbnew'),('Kicad')
  ,'Open CASCADE STEP processor 7.6','KiCad to STEP converter','Unknown'
  );
FILE_SCHEMA(('AUTOMOTIVE_DESIGN { 1 0 10303 214 1 1 1 1 }'));
ENDSEC;
DATA;
#1 = APPLICATION_PROTOCOL_DEFINITION('international standard',
  'automotive_design',2000,#2);
#2 = APPLICATION_CONTEXT(
  'core data for automotive mechanical design processes');
#3 = SHAPE_DEFINITION_REPRESENTATION(#4,#10);
#4 = PRODUCT_DEFINITION_SHAPE('','',#5);
#5 = PRODUCT_DEFINITION('design','',#6,#9);
#6 = PRODUCT_DEFINITION_FORMATION('','',#7);
#7 = PRODUCT('hzk65_switch 1','hzk65_switch 1','',(#8));
#8 = PRODUCT_CONTEXT('',#2,'mechanical');
#9 = PRODUCT_DEFINITION_CONTEXT('part definition',#2,'design');
#10 = SHAPE_REPRESENTATION('',(#11,#15),#19);
#11 = AXIS2_PLACEMENT_3D('',#12,#13,#14);
#12 = CARTESIAN_POINT('',(0.,0.,0.));
#13 = DIRECTION('',(0.,0.,1.));
#14 = DIRECTION('',(1.,0.,-0.));
#15 = AXIS2_PLACEMENT_3D('',#16,#17,#18);
#16 = CARTESIAN_POINT('',(0.,0.,0.));
#17 = DIRECTION('',(0.,0.,1.));
#18 = DIRECTION('',(1.,0.,-0.));
#19 = ( GEOMETRIC_REPRESENTATION_CONTEXT(3) 
GLOBAL_UNCERTAINTY_ASSIGNED_CONTEXT((#23)) GLOBAL_UNIT_ASSIGNED_CONTEXT(
(#20,#21,#22)) REPRESENTATION_CONTEXT('Context #1',
  '3D Context with UNIT and UNCERTAINTY') );
#20 = ( LENGTH_UNIT() NAMED_UNIT(*) SI_UNIT(.MILLI.,.METRE.) );
#21 = ( NAMED_UNIT(*) PLANE_ANGLE_UNIT() SI_UNIT($,.RADIAN.) );
#22 = ( NAMED_UNIT(*) SI_UNIT($,.STERADIAN.) SOLID_ANGLE_UNIT() );
#23 = UNCERTAINTY_MEASURE_WITH_UNIT(LENGTH_MEASURE(1.E-07),#20,
  'distance_accuracy_value','confusion accuracy');
#24 = PRODUCT_RELATED_PRODUCT_CATEGORY('part',$,(#7));
#25 = SHAPE_DEFINITION_REPRESENTATION(#26,#32);
#26 = PRODUCT_DEFINITION_SHAPE('','',#27);
#27 = PRODUCT_DEFINITION('design','',#28,#31);
#28 = PRODUCT_DEFINITION_FORMATION('','',#29);
#29 = PRODUCT('hzk65_switch-unsaved-export-31sN4V_PCB',
  'hzk65_switch-unsaved-export-31sN4V_PCB','',(#30));
#30 = PRODUCT_CONTEXT('',#2,'mechanical');
#31 = PRODUCT_DEFINITION_CONTEXT('part definition',#2,'design');
#32 = ADVANCED_BREP_SHAPE_REPRESENTATION('',(#11,#33),#13971);
#33 = MANIFOLD_SOLID_BREP('',#34);
#34 = CLOSED_SHELL('',(#35,#77,#108,#139,#3581,#7023,#7040,#7057,#7074,
    #7091,#7103,#7120,#7142,#7159,#7176,#7188,#7210,#7227,#7244,#7256,
    #7278,#7295,#7312,#7324,#7341,#7363,#7380,#7397,#7414,#7431,#7448,
    #7465,#7482,#7499,#7516,#7533,#7550,#7567,#7584,#7601,#7618,#7635,
    #7652,#7669,#7686,#7703,#7720,#7737,#7754,#7771,#7788,#7805,#7822,
    #7839,#7856,#7873,#7890,#7907,#7924,#7941,#7953,#7975,#7992,#8009,
    #8026,#8043,#8060,#8077,#8094,#8111,#8128,#8145,#8162,#8179,#8196,
    #8213,#8230,#8247,#8264,#8281,#8298,#8315,#8332,#8349,#8366,#8383,
    #8400,#8417,#8434,#8451,#8468,#8485,#8502,#8519,#8536,#8553,#8565,
    #8587,#8604,#8621,#8633,#8655,#8672,#8689,#8701,#8723,#8740,#8757,
    #8769,#8791,#8808,#8825,#8837,#8859,#8876,#8893,#8905,#8927,#8944,
    #8961,#8973,#8990,#9012,#9029,#9046,#9058,#9080,#9097,#9114,#9126,
    #9148,#9165,#9182,#9194,#9211,#9233,#9250,#9267,#9279,#9301,#9318,
    #9335,#9347,#9369,#9386,#9403,#9415,#9437,#9454,#9471,#9483,#9505,
    #9522,#9539,#9551,#9573,#9590,#9607,#9619,#9641,#9658,#9675,#9687,
    #9709,#9726,#9743,#9755,#9777,#9794,#9811,#9823,#9845,#9862,#9879,
    #9891,#9913,#9930,#9947,#9959,#9981,#9998,#10015,#10027,#10049,
    #10066,#10083,#10095,#10117,#10134,#10151,#10163,#10185,#10202,
    #10219,#10231,#10253,#10270,#10287,#10299,#10321,#10338,#10355,
    #10367,#10389,#10406,#10423,#10435,#10457,#10474,#10491,#10503,
    #10525,#10542,#10559,#10571,#10593,#10610,#10627,#10639,#10661,
    #10678,#10695,#10707,#10729,#10746,#10763,#10775,#10797,#10814,
    #10831,#10843,#10865,#10882,#10899,#10911,#10933,#10950,#10967,
    #10979,#11001,#11018,#11035,#11047,#11064,#11086,#11103,#11120,
    #11132,#11154,#11171,#11188,#11200,#11222,#11239,#11256,#11268,
    #11290,#11307,#11324,#11336,#11353,#11375,#11392,#11409,#11421,
    #11443,#11460,#11477,#11489,#11511,#11528,#11545,#11557,#11579,
    #11596,#11613,#11625,#11647,#11664,#11681,#11693,#11715,#11732,
    #11749,#11761,#11783,#11800,#11817,#11829,#11851,#11868,#11885,
    #11897,#11919,#11936,#11953,#11965,#11987,#12004,#12021,#12033,
    #12055,#12072,#12089,#12101,#12123,#12140,#12157,#12174,#12191,
    #12208,#12225,#12242,#12259,#12276,#12293,#12310,#12327,#12344,
    #12361,#12378,#12395,#12412,#12429,#12446,#12463,#12480,#12497,
    #12514,#12531,#12548,#12565,#12582,#12599,#12616,#12633,#12650,
    #12667,#12684,#12701,#12713,#12735,#12752,#12769,#12781,#12803,
    #12820,#12837,#12849,#12871,#12888,#12905,#12917,#12939,#12956,
    #12973,#12985,#13007,#13024,#13041,#13053,#13075,#13092,#13109,
    #13121,#13143,#13160,#13177,#13189,#13211,#13228,#13245,#13257,
    #13274,#13296,#13313,#13330,#13347,#13364,#13381,#13398,#13415,
    #13432,#13449,#13466,#13483,#13500,#13517,#13534,#13551,#13568,
    #13585,#13602,#13619,#13636,#13653,#13670,#13687,#13704,#13721,
    #13738,#13755,#13772,#13789,#13806,#13823,#13840,#13857,#13874,
    #13886,#13908,#13925,#13942,#13954));
#35 = ADVANCED_FACE('',(#36),#72,.T.);
#36 = FACE_BOUND('',#37,.T.);
#37 = EDGE_LOOP('',(#38,#48,#57,#65));
#38 = ORIENTED_EDGE('',*,*,#39,.T.);
#39 = EDGE_CURVE('',#40,#42,#44,.T.);
#40 = VERTEX_POINT('',#41);
#41 = CARTESIAN_POINT('',(321.46195,6.217248937901E-15,0.));
#42 = VERTEX_POINT('',#43);
#43 = CARTESIAN_POINT('',(321.46195,6.217248937901E-15,1.51));
#44 = LINE('',#45,#46);
#45 = CARTESIAN_POINT('',(321.46195,6.217248937901E-15,0.));
#46 = VECTOR('',#47,1.);
#47 = DIRECTION('',(0.,0.,1.));
#48 = ORIENTED_EDGE('',*,*,#49,.T.);
#49 = EDGE_CURVE('',#42,#50,#52,.T.);
#50 = VERTEX_POINT('',#51);
#51 = CARTESIAN_POINT('',(323.8432,-2.38125,1.51));
#52 = CIRCLE('',#53,2.381250077504);
#53 = AXIS2_PLACEMENT_3D('',#54,#55,#56);
#54 = CARTESIAN_POINT('',(321.46194992249,-2.381250077504,1.51));
#55 = DIRECTION('',(0.,0.,-1.));
#56 = DIRECTION('',(3.254771105434E-08,1.,0.));
#57 = ORIENTED_EDGE('',*,*,#58,.F.);
#58 = EDGE_CURVE('',#59,#50,#61,.T.);
#59 = VERTEX_POINT('',#60);
#60 = CARTESIAN_POINT('',(323.8432,-2.38125,0.));
#61 = LINE('',#62,#63);
#62 = CARTESIAN_POINT('',(323.8432,-2.38125,0.));
#63 = VECTOR('',#64,1.);
#64 = DIRECTION('',(0.,0.,1.));
#65 = ORIENTED_EDGE('',*,*,#66,.F.);
#66 = EDGE_CURVE('',#40,#59,#67,.T.);
#67 = CIRCLE('',#68,2.381250077504);
#68 = AXIS2_PLACEMENT_3D('',#69,#70,#71);
#69 = CARTESIAN_POINT('',(321.46194992249,-2.381250077504,0.));
#70 = DIRECTION('',(0.,0.,-1.));
#71 = DIRECTION('',(3.254771105434E-08,1.,0.));
#72 = CYLINDRICAL_SURFACE('',#73,2.381250077504);
#73 = AXIS2_PLACEMENT_3D('',#74,#75,#76);
#74 = CARTESIAN_POINT('',(321.46194992249,-2.381250077504,0.));
#75 = DIRECTION('',(0.,0.,-1.));
#76 = DIRECTION('',(3.254771105434E-08,1.,0.));
#77 = ADVANCED_FACE('',(#78),#103,.T.);
#78 = FACE_BOUND('',#79,.T.);
#79 = EDGE_LOOP('',(#80,#90,#96,#97));
#80 = ORIENTED_EDGE('',*,*,#81,.T.);
#81 = EDGE_CURVE('',#82,#84,#86,.T.);
#82 = VERTEX_POINT('',#83);
#83 = CARTESIAN_POINT('',(2.38125,0.,0.));
#84 = VERTEX_POINT('',#85);
#85 = CARTESIAN_POINT('',(2.38125,0.,1.51));
#86 = LINE('',#87,#88);
#87 = CARTESIAN_POINT('',(2.38125,0.,0.));
#88 = VECTOR('',#89,1.);
#89 = DIRECTION('',(0.,0.,1.));
#90 = ORIENTED_EDGE('',*,*,#91,.T.);
#91 = EDGE_CURVE('',#84,#42,#92,.T.);
#92 = LINE('',#93,#94);
#93 = CARTESIAN_POINT('',(2.38125,0.,1.51));
#94 = VECTOR('',#95,1.);
#95 = DIRECTION('',(1.,0.,0.));
#96 = ORIENTED_EDGE('',*,*,#39,.F.);
#97 = ORIENTED_EDGE('',*,*,#98,.F.);
#98 = EDGE_CURVE('',#82,#40,#99,.T.);
#99 = LINE('',#100,#101);
#100 = CARTESIAN_POINT('',(2.38125,-0.,0.));
#101 = VECTOR('',#102,1.);
#102 = DIRECTION('',(1.,0.,0.));
#103 = PLANE('',#104);
#104 = AXIS2_PLACEMENT_3D('',#105,#106,#107);
#105 = CARTESIAN_POINT('',(2.38125,0.,0.));
#106 = DIRECTION('',(0.,1.,0.));
#107 = DIRECTION('',(1.,0.,0.));
#108 = ADVANCED_FACE('',(#109),#134,.T.);
#109 = FACE_BOUND('',#110,.T.);
#110 = EDGE_LOOP('',(#111,#112,#120,#128));
#111 = ORIENTED_EDGE('',*,*,#58,.T.);
#112 = ORIENTED_EDGE('',*,*,#113,.T.);
#113 = EDGE_CURVE('',#50,#114,#116,.T.);
#114 = VERTEX_POINT('',#115);
#115 = CARTESIAN_POINT('',(323.8432,-107.15395,1.51));
#116 = LINE('',#117,#118);
#117 = CARTESIAN_POINT('',(323.8432,-2.38125,1.51));
#118 = VECTOR('',#119,1.);
#119 = DIRECTION('',(0.,-1.,0.));
#120 = ORIENTED_EDGE('',*,*,#121,.F.);
#121 = EDGE_CURVE('',#122,#114,#124,.T.);
#122 = VERTEX_POINT('',#123);
#123 = CARTESIAN_POINT('',(323.8432,-107.15395,0.));
#124 = LINE('',#125,#126);
#125 = CARTESIAN_POINT('',(323.8432,-107.15395,0.));
#126 = VECTOR('',#127,1.);
#127 = DIRECTION('',(0.,0.,1.));
#128 = ORIENTED_EDGE('',*,*,#129,.F.);
#129 = EDGE_CURVE('',#59,#122,#130,.T.);
#130 = LINE('',#131,#132);
#131 = CARTESIAN_POINT('',(323.8432,-2.38125,0.));
#132 = VECTOR('',#133,1.);
#133 = DIRECTION('',(0.,-1.,0.));
#134 = PLANE('',#135);
#135 = AXIS2_PLACEMENT_3D('',#136,#137,#138);
#136 = CARTESIAN_POINT('',(323.8432,-2.38125,0.));
#137 = DIRECTION('',(1.,0.,-0.));
#138 = DIRECTION('',(0.,-1.,0.));
#139 = ADVANCED_FACE('',(#140,#186,#197,#231,#265,#299,#310,#600,#890,
    #924,#958,#992,#1026,#1060,#1094,#1105,#1139,#1173,#1207,#1218,#1252
    ,#1286,#1320,#1354,#1388,#1422,#1456,#1490,#1524,#1558,#1592,#1626,
    #1660,#1694,#1728,#1762,#1796,#1830,#1864,#1898,#1932,#1966,#2000,
    #2034,#2068,#2102,#2136,#2147,#2181,#2215,#2249,#2283,#2294,#2328,
    #2362,#2396,#2430,#2464,#2498,#2532,#2566,#2600,#2634,#2668,#2958,
    #2992,#3026,#3060,#3094,#3128,#3162,#3196,#3230,#3241,#3531,#3565),
  #3576,.F.);
#140 = FACE_BOUND('',#141,.F.);
#141 = EDGE_LOOP('',(#142,#143,#144,#153,#161,#170,#178,#185));
#142 = ORIENTED_EDGE('',*,*,#66,.F.);
#143 = ORIENTED_EDGE('',*,*,#98,.F.);
#144 = ORIENTED_EDGE('',*,*,#145,.F.);
#145 = EDGE_CURVE('',#146,#82,#148,.T.);
#146 = VERTEX_POINT('',#147);
#147 = CARTESIAN_POINT('',(0.,-2.38125,0.));
#148 = CIRCLE('',#149,2.381301292594);
#149 = AXIS2_PLACEMENT_3D('',#150,#151,#152);
#150 = CARTESIAN_POINT('',(2.381301292041,-2.381301292041,0.));
#151 = DIRECTION('',(0.,0.,-1.));
#152 = DIRECTION('',(-0.999999999768,2.153950088234E-05,0.));
#153 = ORIENTED_EDGE('',*,*,#154,.F.);
#154 = EDGE_CURVE('',#155,#146,#157,.T.);
#155 = VERTEX_POINT('',#156);
#156 = CARTESIAN_POINT('',(-1.33226762955E-15,-107.15395,0.));
#157 = LINE('',#158,#159);
#158 = CARTESIAN_POINT('',(0.,-107.15395,0.));
#159 = VECTOR('',#160,1.);
#160 = DIRECTION('',(0.,1.,0.));
#161 = ORIENTED_EDGE('',*,*,#162,.F.);
#162 = EDGE_CURVE('',#163,#155,#165,.T.);
#163 = VERTEX_POINT('',#164);
#164 = CARTESIAN_POINT('',(2.38125,-109.5352,0.));
#165 = CIRCLE('',#166,2.381250077504);
#166 = AXIS2_PLACEMENT_3D('',#167,#168,#169);
#167 = CARTESIAN_POINT('',(2.381250077504,-107.1539499224,0.));
#168 = DIRECTION('',(0.,0.,-1.));
#169 = DIRECTION('',(-3.254771310577E-08,-1.,-0.));
#170 = ORIENTED_EDGE('',*,*,#171,.F.);
#171 = EDGE_CURVE('',#172,#163,#174,.T.);
#172 = VERTEX_POINT('',#173);
#173 = CARTESIAN_POINT('',(321.46195,-109.5352,0.));
#174 = LINE('',#175,#176);
#175 = CARTESIAN_POINT('',(321.46195,-109.5352,0.));
#176 = VECTOR('',#177,1.);
#177 = DIRECTION('',(-1.,0.,0.));
#178 = ORIENTED_EDGE('',*,*,#179,.F.);
#179 = EDGE_CURVE('',#122,#172,#180,.T.);
#180 = CIRCLE('',#181,2.381301292594);
#181 = AXIS2_PLACEMENT_3D('',#182,#183,#184);
#182 = CARTESIAN_POINT('',(321.46189870795,-107.1538987079,0.));
#183 = DIRECTION('',(0.,0.,-1.));
#184 = DIRECTION('',(0.999999999768,-2.153950090565E-05,0.));
#185 = ORIENTED_EDGE('',*,*,#129,.F.);
#186 = FACE_BOUND('',#187,.F.);
#187 = EDGE_LOOP('',(#188));
#188 = ORIENTED_EDGE('',*,*,#189,.T.);
#189 = EDGE_CURVE('',#190,#190,#192,.T.);
#190 = VERTEX_POINT('',#191);
#191 = CARTESIAN_POINT('',(2.38125,-108.25625,0.));
#192 = CIRCLE('',#193,1.1);
#193 = AXIS2_PLACEMENT_3D('',#194,#195,#196);
#194 = CARTESIAN_POINT('',(2.38125,-107.15625,0.));
#195 = DIRECTION('',(-0.,0.,-1.));
#196 = DIRECTION('',(-0.,-1.,0.));
#197 = FACE_BOUND('',#198,.F.);
#198 = EDGE_LOOP('',(#199,#209,#217,#225));
#199 = ORIENTED_EDGE('',*,*,#200,.F.);
#200 = EDGE_CURVE('',#201,#203,#205,.T.);
#201 = VERTEX_POINT('',#202);
#202 = CARTESIAN_POINT('',(9.669,-97.484,0.));
#203 = VERTEX_POINT('',#204);
#204 = CARTESIAN_POINT('',(23.669,-97.484,0.));
#205 = LINE('',#206,#207);
#206 = CARTESIAN_POINT('',(9.669,-97.484,0.));
#207 = VECTOR('',#208,1.);
#208 = DIRECTION('',(1.,0.,0.));
#209 = ORIENTED_EDGE('',*,*,#210,.F.);
#210 = EDGE_CURVE('',#211,#201,#213,.T.);
#211 = VERTEX_POINT('',#212);
#212 = CARTESIAN_POINT('',(9.669,-83.484,0.));
#213 = LINE('',#214,#215);
#214 = CARTESIAN_POINT('',(9.669,-83.484,0.));
#215 = VECTOR('',#216,1.);
#216 = DIRECTION('',(0.,-1.,0.));
#217 = ORIENTED_EDGE('',*,*,#218,.F.);
#218 = EDGE_CURVE('',#219,#211,#221,.T.);
#219 = VERTEX_POINT('',#220);
#220 = CARTESIAN_POINT('',(23.669,-83.484,0.));
#221 = LINE('',#222,#223);
#222 = CARTESIAN_POINT('',(23.669,-83.484,0.));
#223 = VECTOR('',#224,1.);
#224 = DIRECTION('',(-1.,0.,0.));
#225 = ORIENTED_EDGE('',*,*,#226,.F.);
#226 = EDGE_CURVE('',#203,#219,#227,.T.);
#227 = LINE('',#228,#229);
#228 = CARTESIAN_POINT('',(23.669,-97.484,0.));
#229 = VECTOR('',#230,1.);
#230 = DIRECTION('',(0.,1.,0.));
#231 = FACE_BOUND('',#232,.F.);
#232 = EDGE_LOOP('',(#233,#243,#251,#259));
#233 = ORIENTED_EDGE('',*,*,#234,.F.);
#234 = EDGE_CURVE('',#235,#237,#239,.T.);
#235 = VERTEX_POINT('',#236);
#236 = CARTESIAN_POINT('',(33.482,-97.484,0.));
#237 = VERTEX_POINT('',#238);
#238 = CARTESIAN_POINT('',(47.482,-97.484,0.));
#239 = LINE('',#240,#241);
#240 = CARTESIAN_POINT('',(33.482,-97.484,0.));
#241 = VECTOR('',#242,1.);
#242 = DIRECTION('',(1.,0.,0.));
#243 = ORIENTED_EDGE('',*,*,#244,.F.);
#244 = EDGE_CURVE('',#245,#235,#247,.T.);
#245 = VERTEX_POINT('',#246);
#246 = CARTESIAN_POINT('',(33.482,-83.484,0.));
#247 = LINE('',#248,#249);
#248 = CARTESIAN_POINT('',(33.482,-83.484,0.));
#249 = VECTOR('',#250,1.);
#250 = DIRECTION('',(0.,-1.,0.));
#251 = ORIENTED_EDGE('',*,*,#252,.F.);
#252 = EDGE_CURVE('',#253,#245,#255,.T.);
#253 = VERTEX_POINT('',#254);
#254 = CARTESIAN_POINT('',(47.482,-83.484,0.));
#255 = LINE('',#256,#257);
#256 = CARTESIAN_POINT('',(47.482,-83.484,0.));
#257 = VECTOR('',#258,1.);
#258 = DIRECTION('',(-1.,0.,0.));
#259 = ORIENTED_EDGE('',*,*,#260,.F.);
#260 = EDGE_CURVE('',#237,#253,#261,.T.);
#261 = LINE('',#262,#263);
#262 = CARTESIAN_POINT('',(47.482,-97.484,0.));
#263 = VECTOR('',#264,1.);
#264 = DIRECTION('',(0.,1.,0.));
#265 = FACE_BOUND('',#266,.F.);
#266 = EDGE_LOOP('',(#267,#277,#285,#293));
#267 = ORIENTED_EDGE('',*,*,#268,.F.);
#268 = EDGE_CURVE('',#269,#271,#273,.T.);
#269 = VERTEX_POINT('',#270);
#270 = CARTESIAN_POINT('',(57.294,-97.484,0.));
#271 = VERTEX_POINT('',#272);
#272 = CARTESIAN_POINT('',(71.294,-97.484,0.));
#273 = LINE('',#274,#275);
#274 = CARTESIAN_POINT('',(57.294,-97.484,0.));
#275 = VECTOR('',#276,1.);
#276 = DIRECTION('',(1.,0.,0.));
#277 = ORIENTED_EDGE('',*,*,#278,.F.);
#278 = EDGE_CURVE('',#279,#269,#281,.T.);
#279 = VERTEX_POINT('',#280);
#280 = CARTESIAN_POINT('',(57.294,-83.484,0.));
#281 = LINE('',#282,#283);
#282 = CARTESIAN_POINT('',(57.294,-83.484,0.));
#283 = VECTOR('',#284,1.);
#284 = DIRECTION('',(0.,-1.,0.));
#285 = ORIENTED_EDGE('',*,*,#286,.F.);
#286 = EDGE_CURVE('',#287,#279,#289,.T.);
#287 = VERTEX_POINT('',#288);
#288 = CARTESIAN_POINT('',(71.294,-83.484,0.));
#289 = LINE('',#290,#291);
#290 = CARTESIAN_POINT('',(71.294,-83.484,0.));
#291 = VECTOR('',#292,1.);
#292 = DIRECTION('',(-1.,0.,0.));
#293 = ORIENTED_EDGE('',*,*,#294,.F.);
#294 = EDGE_CURVE('',#271,#287,#295,.T.);
#295 = LINE('',#296,#297);
#296 = CARTESIAN_POINT('',(71.294,-97.484,0.));
#297 = VECTOR('',#298,1.);
#298 = DIRECTION('',(0.,1.,0.));
#299 = FACE_BOUND('',#300,.F.);
#300 = EDGE_LOOP('',(#301));
#301 = ORIENTED_EDGE('',*,*,#302,.T.);
#302 = EDGE_CURVE('',#303,#303,#305,.T.);
#303 = VERTEX_POINT('',#304);
#304 = CARTESIAN_POINT('',(108.744083,-108.25625,0.));
#305 = CIRCLE('',#306,1.1);
#306 = AXIS2_PLACEMENT_3D('',#307,#308,#309);
#307 = CARTESIAN_POINT('',(108.744083,-107.15625,0.));
#308 = DIRECTION('',(-0.,0.,-1.));
#309 = DIRECTION('',(1.2918958832E-14,-1.,-0.));
#310 = FACE_BOUND('',#311,.F.);
#311 = EDGE_LOOP('',(#312,#322,#330,#338,#346,#354,#362,#370,#378,#386,
    #394,#402,#410,#418,#426,#434,#442,#450,#458,#466,#474,#482,#490,
    #498,#506,#514,#522,#530,#538,#546,#554,#562,#570,#578,#586,#594));
#312 = ORIENTED_EDGE('',*,*,#313,.F.);
#313 = EDGE_CURVE('',#314,#316,#318,.T.);
#314 = VERTEX_POINT('',#315);
#315 = CARTESIAN_POINT('',(84.082,-83.714,0.));
#316 = VERTEX_POINT('',#317);
#317 = CARTESIAN_POINT('',(82.357,-83.714,0.));
#318 = LINE('',#319,#320);
#319 = CARTESIAN_POINT('',(84.082,-83.714,0.));
#320 = VECTOR('',#321,1.);
#321 = DIRECTION('',(-1.,0.,0.));
#322 = ORIENTED_EDGE('',*,*,#323,.F.);
#323 = EDGE_CURVE('',#324,#314,#326,.T.);
#324 = VERTEX_POINT('',#325);
#325 = CARTESIAN_POINT('',(84.082,-82.514,0.));
#326 = LINE('',#327,#328);
#327 = CARTESIAN_POINT('',(84.082,-82.514,0.));
#328 = VECTOR('',#329,1.);
#329 = DIRECTION('',(0.,-1.,0.));
#330 = ORIENTED_EDGE('',*,*,#331,.F.);
#331 = EDGE_CURVE('',#332,#324,#334,.T.);
#332 = VERTEX_POINT('',#333);
#333 = CARTESIAN_POINT('',(87.382,-82.514,0.));
#334 = LINE('',#335,#336);
#335 = CARTESIAN_POINT('',(87.382,-82.514,0.));
#336 = VECTOR('',#337,1.);
#337 = DIRECTION('',(-1.,0.,0.));
#338 = ORIENTED_EDGE('',*,*,#339,.F.);
#339 = EDGE_CURVE('',#340,#332,#342,.T.);
#340 = VERTEX_POINT('',#341);
#341 = CARTESIAN_POINT('',(87.382,-83.714,0.));
#342 = LINE('',#343,#344);
#343 = CARTESIAN_POINT('',(87.382,-83.714,0.));
#344 = VECTOR('',#345,1.);
#345 = DIRECTION('',(0.,1.,0.));
#346 = ORIENTED_EDGE('',*,*,#347,.F.);
#347 = EDGE_CURVE('',#348,#340,#350,.T.);
#348 = VERTEX_POINT('',#349);
#349 = CARTESIAN_POINT('',(89.107,-83.714,0.));
#350 = LINE('',#351,#352);
#351 = CARTESIAN_POINT('',(89.107,-83.714,0.));
#352 = VECTOR('',#353,1.);
#353 = DIRECTION('',(-1.,0.,0.));
#354 = ORIENTED_EDGE('',*,*,#355,.F.);
#355 = EDGE_CURVE('',#356,#348,#358,.T.);
#356 = VERTEX_POINT('',#357);
#357 = CARTESIAN_POINT('',(89.107,-88.184,0.));
#358 = LINE('',#359,#360);
#359 = CARTESIAN_POINT('',(89.107,-88.184,0.));
#360 = VECTOR('',#361,1.);
#361 = DIRECTION('',(0.,1.,0.));
#362 = ORIENTED_EDGE('',*,*,#363,.F.);
#363 = EDGE_CURVE('',#364,#356,#366,.T.);
#364 = VERTEX_POINT('',#365);
#365 = CARTESIAN_POINT('',(128.732,-88.184,0.));
#366 = LINE('',#367,#368);
#367 = CARTESIAN_POINT('',(128.732,-88.184,0.));
#368 = VECTOR('',#369,1.);
#369 = DIRECTION('',(-1.,0.,0.));
#370 = ORIENTED_EDGE('',*,*,#371,.F.);
#371 = EDGE_CURVE('',#372,#364,#374,.T.);
#372 = VERTEX_POINT('',#373);
#373 = CARTESIAN_POINT('',(128.732,-83.484,0.));
#374 = LINE('',#375,#376);
#375 = CARTESIAN_POINT('',(128.732,-83.484,0.));
#376 = VECTOR('',#377,1.);
#377 = DIRECTION('',(0.,-1.,0.));
#378 = ORIENTED_EDGE('',*,*,#379,.F.);
#379 = EDGE_CURVE('',#380,#372,#382,.T.);
#380 = VERTEX_POINT('',#381);
#381 = CARTESIAN_POINT('',(142.732,-83.484,0.));
#382 = LINE('',#383,#384);
#383 = CARTESIAN_POINT('',(142.732,-83.484,0.));
#384 = VECTOR('',#385,1.);
#385 = DIRECTION('',(-1.,0.,0.));
#386 = ORIENTED_EDGE('',*,*,#387,.F.);
#387 = EDGE_CURVE('',#388,#380,#390,.T.);
#388 = VERTEX_POINT('',#389);
#389 = CARTESIAN_POINT('',(142.732,-88.184,0.));
#390 = LINE('',#391,#392);
#391 = CARTESIAN_POINT('',(142.732,-88.184,0.));
#392 = VECTOR('',#393,1.);
#393 = DIRECTION('',(0.,1.,0.));
#394 = ORIENTED_EDGE('',*,*,#395,.F.);
#395 = EDGE_CURVE('',#396,#388,#398,.T.);
#396 = VERTEX_POINT('',#397);
#397 = CARTESIAN_POINT('',(182.357,-88.184,0.));
#398 = LINE('',#399,#400);
#399 = CARTESIAN_POINT('',(182.357,-88.184,0.));
#400 = VECTOR('',#401,1.);
#401 = DIRECTION('',(-1.,0.,0.));
#402 = ORIENTED_EDGE('',*,*,#403,.F.);
#403 = EDGE_CURVE('',#404,#396,#406,.T.);
#404 = VERTEX_POINT('',#405);
#405 = CARTESIAN_POINT('',(182.357,-83.714,0.));
#406 = LINE('',#407,#408);
#407 = CARTESIAN_POINT('',(182.357,-83.714,0.));
#408 = VECTOR('',#409,1.);
#409 = DIRECTION('',(0.,-1.,0.));
#410 = ORIENTED_EDGE('',*,*,#411,.F.);
#411 = EDGE_CURVE('',#412,#404,#414,.T.);
#412 = VERTEX_POINT('',#413);
#413 = CARTESIAN_POINT('',(184.082,-83.714,0.));
#414 = LINE('',#415,#416);
#415 = CARTESIAN_POINT('',(184.082,-83.714,0.));
#416 = VECTOR('',#417,1.);
#417 = DIRECTION('',(-1.,0.,0.));
#418 = ORIENTED_EDGE('',*,*,#419,.F.);
#419 = EDGE_CURVE('',#420,#412,#422,.T.);
#420 = VERTEX_POINT('',#421);
#421 = CARTESIAN_POINT('',(184.082,-82.514,0.));
#422 = LINE('',#423,#424);
#423 = CARTESIAN_POINT('',(184.082,-82.514,0.));
#424 = VECTOR('',#425,1.);
#425 = DIRECTION('',(0.,-1.,0.));
#426 = ORIENTED_EDGE('',*,*,#427,.F.);
#427 = EDGE_CURVE('',#428,#420,#430,.T.);
#428 = VERTEX_POINT('',#429);
#429 = CARTESIAN_POINT('',(187.382,-82.514,0.));
#430 = LINE('',#431,#432);
#431 = CARTESIAN_POINT('',(187.382,-82.514,0.));
#432 = VECTOR('',#433,1.);
#433 = DIRECTION('',(-1.,0.,0.));
#434 = ORIENTED_EDGE('',*,*,#435,.F.);
#435 = EDGE_CURVE('',#436,#428,#438,.T.);
#436 = VERTEX_POINT('',#437);
#437 = CARTESIAN_POINT('',(187.382,-83.714,0.));
#438 = LINE('',#439,#440);
#439 = CARTESIAN_POINT('',(187.382,-83.714,0.));
#440 = VECTOR('',#441,1.);
#441 = DIRECTION('',(0.,1.,0.));
#442 = ORIENTED_EDGE('',*,*,#443,.F.);
#443 = EDGE_CURVE('',#444,#436,#446,.T.);
#444 = VERTEX_POINT('',#445);
#445 = CARTESIAN_POINT('',(189.107,-83.714,0.));
#446 = LINE('',#447,#448);
#447 = CARTESIAN_POINT('',(189.107,-83.714,0.));
#448 = VECTOR('',#449,1.);
#449 = DIRECTION('',(-1.,0.,0.));
#450 = ORIENTED_EDGE('',*,*,#451,.F.);
#451 = EDGE_CURVE('',#452,#444,#454,.T.);
#452 = VERTEX_POINT('',#453);
#453 = CARTESIAN_POINT('',(189.107,-89.984,0.));
#454 = LINE('',#455,#456);
#455 = CARTESIAN_POINT('',(189.107,-89.984,0.));
#456 = VECTOR('',#457,1.);
#457 = DIRECTION('',(0.,1.,0.));
#458 = ORIENTED_EDGE('',*,*,#459,.F.);
#459 = EDGE_CURVE('',#460,#452,#462,.T.);
#460 = VERTEX_POINT('',#461);
#461 = CARTESIAN_POINT('',(189.932,-89.984,0.));
#462 = LINE('',#463,#464);
#463 = CARTESIAN_POINT('',(189.932,-89.984,0.));
#464 = VECTOR('',#465,1.);
#465 = DIRECTION('',(-1.,0.,0.));
#466 = ORIENTED_EDGE('',*,*,#467,.F.);
#467 = EDGE_CURVE('',#468,#460,#470,.T.);
#468 = VERTEX_POINT('',#469);
#469 = CARTESIAN_POINT('',(189.932,-92.784,0.));
#470 = LINE('',#471,#472);
#471 = CARTESIAN_POINT('',(189.932,-92.784,0.));
#472 = VECTOR('',#473,1.);
#473 = DIRECTION('',(0.,1.,0.));
#474 = ORIENTED_EDGE('',*,*,#475,.F.);
#475 = EDGE_CURVE('',#476,#468,#478,.T.);
#476 = VERTEX_POINT('',#477);
#477 = CARTESIAN_POINT('',(189.107,-92.784,0.));
#478 = LINE('',#479,#480);
#479 = CARTESIAN_POINT('',(189.107,-92.784,0.));
#480 = VECTOR('',#481,1.);
#481 = DIRECTION('',(1.,0.,0.));
#482 = ORIENTED_EDGE('',*,*,#483,.F.);
#483 = EDGE_CURVE('',#484,#476,#486,.T.);
#484 = VERTEX_POINT('',#485);
#485 = CARTESIAN_POINT('',(189.107,-96.014,0.));
#486 = LINE('',#487,#488);
#487 = CARTESIAN_POINT('',(189.107,-96.014,0.));
#488 = VECTOR('',#489,1.);
#489 = DIRECTION('',(0.,1.,0.));
#490 = ORIENTED_EDGE('',*,*,#491,.F.);
#491 = EDGE_CURVE('',#492,#484,#494,.T.);
#492 = VERTEX_POINT('',#493);
#493 = CARTESIAN_POINT('',(182.357,-96.014,0.));
#494 = LINE('',#495,#496);
#495 = CARTESIAN_POINT('',(182.357,-96.014,0.));
#496 = VECTOR('',#497,1.);
#497 = DIRECTION('',(1.,0.,0.));
#498 = ORIENTED_EDGE('',*,*,#499,.F.);
#499 = EDGE_CURVE('',#500,#492,#502,.T.);
#500 = VERTEX_POINT('',#501);
#501 = CARTESIAN_POINT('',(182.357,-92.784,0.));
#502 = LINE('',#503,#504);
#503 = CARTESIAN_POINT('',(182.357,-92.784,0.));
#504 = VECTOR('',#505,1.);
#505 = DIRECTION('',(0.,-1.,0.));
#506 = ORIENTED_EDGE('',*,*,#507,.F.);
#507 = EDGE_CURVE('',#508,#500,#510,.T.);
#508 = VERTEX_POINT('',#509);
#509 = CARTESIAN_POINT('',(142.732,-92.784,0.));
#510 = LINE('',#511,#512);
#511 = CARTESIAN_POINT('',(142.732,-92.784,0.));
#512 = VECTOR('',#513,1.);
#513 = DIRECTION('',(1.,0.,0.));
#514 = ORIENTED_EDGE('',*,*,#515,.F.);
#515 = EDGE_CURVE('',#516,#508,#518,.T.);
#516 = VERTEX_POINT('',#517);
#517 = CARTESIAN_POINT('',(142.732,-97.484,0.));
#518 = LINE('',#519,#520);
#519 = CARTESIAN_POINT('',(142.732,-97.484,0.));
#520 = VECTOR('',#521,1.);
#521 = DIRECTION('',(0.,1.,0.));
#522 = ORIENTED_EDGE('',*,*,#523,.F.);
#523 = EDGE_CURVE('',#524,#516,#526,.T.);
#524 = VERTEX_POINT('',#525);
#525 = CARTESIAN_POINT('',(128.732,-97.484,0.));
#526 = LINE('',#527,#528);
#527 = CARTESIAN_POINT('',(128.732,-97.484,0.));
#528 = VECTOR('',#529,1.);
#529 = DIRECTION('',(1.,0.,0.));
#530 = ORIENTED_EDGE('',*,*,#531,.F.);
#531 = EDGE_CURVE('',#532,#524,#534,.T.);
#532 = VERTEX_POINT('',#533);
#533 = CARTESIAN_POINT('',(128.732,-92.784,0.));
#534 = LINE('',#535,#536);
#535 = CARTESIAN_POINT('',(128.732,-92.784,0.));
#536 = VECTOR('',#537,1.);
#537 = DIRECTION('',(0.,-1.,0.));
#538 = ORIENTED_EDGE('',*,*,#539,.F.);
#539 = EDGE_CURVE('',#540,#532,#542,.T.);
#540 = VERTEX_POINT('',#541);
#541 = CARTESIAN_POINT('',(89.107,-92.784,0.));
#542 = LINE('',#543,#544);
#543 = CARTESIAN_POINT('',(89.107,-92.784,0.));
#544 = VECTOR('',#545,1.);
#545 = DIRECTION('',(1.,0.,0.));
#546 = ORIENTED_EDGE('',*,*,#547,.F.);
#547 = EDGE_CURVE('',#548,#540,#550,.T.);
#548 = VERTEX_POINT('',#549);
#549 = CARTESIAN_POINT('',(89.107,-96.014,0.));
#550 = LINE('',#551,#552);
#551 = CARTESIAN_POINT('',(89.107,-96.014,0.));
#552 = VECTOR('',#553,1.);
#553 = DIRECTION('',(0.,1.,0.));
#554 = ORIENTED_EDGE('',*,*,#555,.F.);
#555 = EDGE_CURVE('',#556,#548,#558,.T.);
#556 = VERTEX_POINT('',#557);
#557 = CARTESIAN_POINT('',(82.357,-96.014,0.));
#558 = LINE('',#559,#560);
#559 = CARTESIAN_POINT('',(82.357,-96.014,0.));
#560 = VECTOR('',#561,1.);
#561 = DIRECTION('',(1.,0.,0.));
#562 = ORIENTED_EDGE('',*,*,#563,.F.);
#563 = EDGE_CURVE('',#564,#556,#566,.T.);
#564 = VERTEX_POINT('',#565);
#565 = CARTESIAN_POINT('',(82.357,-92.784,0.));
#566 = LINE('',#567,#568);
#567 = CARTESIAN_POINT('',(82.357,-92.784,0.));
#568 = VECTOR('',#569,1.);
#569 = DIRECTION('',(0.,-1.,0.));
#570 = ORIENTED_EDGE('',*,*,#571,.F.);
#571 = EDGE_CURVE('',#572,#564,#574,.T.);
#572 = VERTEX_POINT('',#573);
#573 = CARTESIAN_POINT('',(81.532,-92.784,0.));
#574 = LINE('',#575,#576);
#575 = CARTESIAN_POINT('',(81.532,-92.784,0.));
#576 = VECTOR('',#577,1.);
#577 = DIRECTION('',(1.,0.,0.));
#578 = ORIENTED_EDGE('',*,*,#579,.F.);
#579 = EDGE_CURVE('',#580,#572,#582,.T.);
#580 = VERTEX_POINT('',#581);
#581 = CARTESIAN_POINT('',(81.532,-89.984,0.));
#582 = LINE('',#583,#584);
#583 = CARTESIAN_POINT('',(81.532,-89.984,0.));
#584 = VECTOR('',#585,1.);
#585 = DIRECTION('',(0.,-1.,0.));
#586 = ORIENTED_EDGE('',*,*,#587,.F.);
#587 = EDGE_CURVE('',#588,#580,#590,.T.);
#588 = VERTEX_POINT('',#589);
#589 = CARTESIAN_POINT('',(82.357,-89.984,0.));
#590 = LINE('',#591,#592);
#591 = CARTESIAN_POINT('',(82.357,-89.984,0.));
#592 = VECTOR('',#593,1.);
#593 = DIRECTION('',(-1.,0.,0.));
#594 = ORIENTED_EDGE('',*,*,#595,.F.);
#595 = EDGE_CURVE('',#316,#588,#596,.T.);
#596 = LINE('',#597,#598);
#597 = CARTESIAN_POINT('',(82.357,-83.714,0.));
#598 = VECTOR('',#599,1.);
#599 = DIRECTION('',(0.,-1.,0.));
#600 = FACE_BOUND('',#601,.F.);
#601 = EDGE_LOOP('',(#602,#612,#620,#628,#636,#644,#652,#660,#668,#676,
    #684,#692,#700,#708,#716,#724,#732,#740,#748,#756,#764,#772,#780,
    #788,#796,#804,#812,#820,#828,#836,#844,#852,#860,#868,#876,#884));
#602 = ORIENTED_EDGE('',*,*,#603,.F.);
#603 = EDGE_CURVE('',#604,#606,#608,.T.);
#604 = VERTEX_POINT('',#605);
#605 = CARTESIAN_POINT('',(19.194,-69.134,0.));
#606 = VERTEX_POINT('',#607);
#607 = CARTESIAN_POINT('',(17.669,-69.134,0.));
#608 = LINE('',#609,#610);
#609 = CARTESIAN_POINT('',(19.194,-69.134,0.));
#610 = VECTOR('',#611,1.);
#611 = DIRECTION('',(-1.,0.,0.));
#612 = ORIENTED_EDGE('',*,*,#613,.F.);
#613 = EDGE_CURVE('',#614,#604,#616,.T.);
#614 = VERTEX_POINT('',#615);
#615 = CARTESIAN_POINT('',(19.194,-64.434,0.));
#616 = LINE('',#617,#618);
#617 = CARTESIAN_POINT('',(19.194,-64.434,0.));
#618 = VECTOR('',#619,1.);
#619 = DIRECTION('',(0.,-1.,0.));
#620 = ORIENTED_EDGE('',*,*,#621,.F.);
#621 = EDGE_CURVE('',#622,#614,#624,.T.);
#622 = VERTEX_POINT('',#623);
#623 = CARTESIAN_POINT('',(33.194,-64.434,0.));
#624 = LINE('',#625,#626);
#625 = CARTESIAN_POINT('',(33.194,-64.434,0.));
#626 = VECTOR('',#627,1.);
#627 = DIRECTION('',(-1.,0.,0.));
#628 = ORIENTED_EDGE('',*,*,#629,.F.);
#629 = EDGE_CURVE('',#630,#622,#632,.T.);
#630 = VERTEX_POINT('',#631);
#631 = CARTESIAN_POINT('',(33.194,-69.134,0.));
#632 = LINE('',#633,#634);
#633 = CARTESIAN_POINT('',(33.194,-69.134,0.));
#634 = VECTOR('',#635,1.);
#635 = DIRECTION('',(0.,1.,0.));
#636 = ORIENTED_EDGE('',*,*,#637,.F.);
#637 = EDGE_CURVE('',#638,#630,#640,.T.);
#638 = VERTEX_POINT('',#639);
#639 = CARTESIAN_POINT('',(34.719,-69.134,0.));
#640 = LINE('',#641,#642);
#641 = CARTESIAN_POINT('',(34.719,-69.134,0.));
#642 = VECTOR('',#643,1.);
#643 = DIRECTION('',(-1.,0.,0.));
#644 = ORIENTED_EDGE('',*,*,#645,.F.);
#645 = EDGE_CURVE('',#646,#638,#648,.T.);
#646 = VERTEX_POINT('',#647);
#647 = CARTESIAN_POINT('',(34.719,-65.904,0.));
#648 = LINE('',#649,#650);
#649 = CARTESIAN_POINT('',(34.719,-65.904,0.));
#650 = VECTOR('',#651,1.);
#651 = DIRECTION('',(0.,-1.,0.));
#652 = ORIENTED_EDGE('',*,*,#653,.F.);
#653 = EDGE_CURVE('',#654,#646,#656,.T.);
#654 = VERTEX_POINT('',#655);
#655 = CARTESIAN_POINT('',(41.469,-65.904,0.));
#656 = LINE('',#657,#658);
#657 = CARTESIAN_POINT('',(41.469,-65.904,0.));
#658 = VECTOR('',#659,1.);
#659 = DIRECTION('',(-1.,0.,0.));
#660 = ORIENTED_EDGE('',*,*,#661,.F.);
#661 = EDGE_CURVE('',#662,#654,#664,.T.);
#662 = VERTEX_POINT('',#663);
#663 = CARTESIAN_POINT('',(41.469,-69.134,0.));
#664 = LINE('',#665,#666);
#665 = CARTESIAN_POINT('',(41.469,-69.134,0.));
#666 = VECTOR('',#667,1.);
#667 = DIRECTION('',(0.,1.,0.));
#668 = ORIENTED_EDGE('',*,*,#669,.F.);
#669 = EDGE_CURVE('',#670,#662,#672,.T.);
#670 = VERTEX_POINT('',#671);
#671 = CARTESIAN_POINT('',(42.294,-69.134,0.));
#672 = LINE('',#673,#674);
#673 = CARTESIAN_POINT('',(42.294,-69.134,0.));
#674 = VECTOR('',#675,1.);
#675 = DIRECTION('',(-1.,0.,0.));
#676 = ORIENTED_EDGE('',*,*,#677,.F.);
#677 = EDGE_CURVE('',#678,#670,#680,.T.);
#678 = VERTEX_POINT('',#679);
#679 = CARTESIAN_POINT('',(42.294,-71.934,0.));
#680 = LINE('',#681,#682);
#681 = CARTESIAN_POINT('',(42.294,-71.934,0.));
#682 = VECTOR('',#683,1.);
#683 = DIRECTION('',(0.,1.,0.));
#684 = ORIENTED_EDGE('',*,*,#685,.F.);
#685 = EDGE_CURVE('',#686,#678,#688,.T.);
#686 = VERTEX_POINT('',#687);
#687 = CARTESIAN_POINT('',(41.469,-71.934,0.));
#688 = LINE('',#689,#690);
#689 = CARTESIAN_POINT('',(41.469,-71.934,0.));
#690 = VECTOR('',#691,1.);
#691 = DIRECTION('',(1.,0.,0.));
#692 = ORIENTED_EDGE('',*,*,#693,.F.);
#693 = EDGE_CURVE('',#694,#686,#696,.T.);
#694 = VERTEX_POINT('',#695);
#695 = CARTESIAN_POINT('',(41.469,-78.204,0.));
#696 = LINE('',#697,#698);
#697 = CARTESIAN_POINT('',(41.469,-78.204,0.));
#698 = VECTOR('',#699,1.);
#699 = DIRECTION('',(0.,1.,0.));
#700 = ORIENTED_EDGE('',*,*,#701,.F.);
#701 = EDGE_CURVE('',#702,#694,#704,.T.);
#702 = VERTEX_POINT('',#703);
#703 = CARTESIAN_POINT('',(39.744,-78.204,0.));
#704 = LINE('',#705,#706);
#705 = CARTESIAN_POINT('',(39.744,-78.204,0.));
#706 = VECTOR('',#707,1.);
#707 = DIRECTION('',(1.,0.,0.));
#708 = ORIENTED_EDGE('',*,*,#709,.F.);
#709 = EDGE_CURVE('',#710,#702,#712,.T.);
#710 = VERTEX_POINT('',#711);
#711 = CARTESIAN_POINT('',(39.744,-79.404,0.));
#712 = LINE('',#713,#714);
#713 = CARTESIAN_POINT('',(39.744,-79.404,0.));
#714 = VECTOR('',#715,1.);
#715 = DIRECTION('',(0.,1.,0.));
#716 = ORIENTED_EDGE('',*,*,#717,.F.);
#717 = EDGE_CURVE('',#718,#710,#720,.T.);
#718 = VERTEX_POINT('',#719);
#719 = CARTESIAN_POINT('',(36.444,-79.404,0.));
#720 = LINE('',#721,#722);
#721 = CARTESIAN_POINT('',(36.444,-79.404,0.));
#722 = VECTOR('',#723,1.);
#723 = DIRECTION('',(1.,0.,0.));
#724 = ORIENTED_EDGE('',*,*,#725,.F.);
#725 = EDGE_CURVE('',#726,#718,#728,.T.);
#726 = VERTEX_POINT('',#727);
#727 = CARTESIAN_POINT('',(36.444,-78.204,0.));
#728 = LINE('',#729,#730);
#729 = CARTESIAN_POINT('',(36.444,-78.204,0.));
#730 = VECTOR('',#731,1.);
#731 = DIRECTION('',(0.,-1.,0.));
#732 = ORIENTED_EDGE('',*,*,#733,.F.);
#733 = EDGE_CURVE('',#734,#726,#736,.T.);
#734 = VERTEX_POINT('',#735);
#735 = CARTESIAN_POINT('',(34.719,-78.204,0.));
#736 = LINE('',#737,#738);
#737 = CARTESIAN_POINT('',(34.719,-78.204,0.));
#738 = VECTOR('',#739,1.);
#739 = DIRECTION('',(1.,0.,0.));
#740 = ORIENTED_EDGE('',*,*,#741,.F.);
#741 = EDGE_CURVE('',#742,#734,#744,.T.);
#742 = VERTEX_POINT('',#743);
#743 = CARTESIAN_POINT('',(34.719,-73.734,0.));
#744 = LINE('',#745,#746);
#745 = CARTESIAN_POINT('',(34.719,-73.734,0.));
#746 = VECTOR('',#747,1.);
#747 = DIRECTION('',(0.,-1.,0.));
#748 = ORIENTED_EDGE('',*,*,#749,.F.);
#749 = EDGE_CURVE('',#750,#742,#752,.T.);
#750 = VERTEX_POINT('',#751);
#751 = CARTESIAN_POINT('',(33.194,-73.734,0.));
#752 = LINE('',#753,#754);
#753 = CARTESIAN_POINT('',(33.194,-73.734,0.));
#754 = VECTOR('',#755,1.);
#755 = DIRECTION('',(1.,0.,0.));
#756 = ORIENTED_EDGE('',*,*,#757,.F.);
#757 = EDGE_CURVE('',#758,#750,#760,.T.);
#758 = VERTEX_POINT('',#759);
#759 = CARTESIAN_POINT('',(33.194,-78.434,0.));
#760 = LINE('',#761,#762);
#761 = CARTESIAN_POINT('',(33.194,-78.434,0.));
#762 = VECTOR('',#763,1.);
#763 = DIRECTION('',(0.,1.,0.));
#764 = ORIENTED_EDGE('',*,*,#765,.F.);
#765 = EDGE_CURVE('',#766,#758,#768,.T.);
#766 = VERTEX_POINT('',#767);
#767 = CARTESIAN_POINT('',(19.194,-78.434,0.));
#768 = LINE('',#769,#770);
#769 = CARTESIAN_POINT('',(19.194,-78.434,0.));
#770 = VECTOR('',#771,1.);
#771 = DIRECTION('',(1.,0.,0.));
#772 = ORIENTED_EDGE('',*,*,#773,.F.);
#773 = EDGE_CURVE('',#774,#766,#776,.T.);
#774 = VERTEX_POINT('',#775);
#775 = CARTESIAN_POINT('',(19.194,-73.734,0.));
#776 = LINE('',#777,#778);
#777 = CARTESIAN_POINT('',(19.194,-73.734,0.));
#778 = VECTOR('',#779,1.);
#779 = DIRECTION('',(0.,-1.,0.));
#780 = ORIENTED_EDGE('',*,*,#781,.F.);
#781 = EDGE_CURVE('',#782,#774,#784,.T.);
#782 = VERTEX_POINT('',#783);
#783 = CARTESIAN_POINT('',(17.669,-73.734,0.));
#784 = LINE('',#785,#786);
#785 = CARTESIAN_POINT('',(17.669,-73.734,0.));
#786 = VECTOR('',#787,1.);
#787 = DIRECTION('',(1.,0.,0.));
#788 = ORIENTED_EDGE('',*,*,#789,.F.);
#789 = EDGE_CURVE('',#790,#782,#792,.T.);
#790 = VERTEX_POINT('',#791);
#791 = CARTESIAN_POINT('',(17.669,-78.204,0.));
#792 = LINE('',#793,#794);
#793 = CARTESIAN_POINT('',(17.669,-78.204,0.));
#794 = VECTOR('',#795,1.);
#795 = DIRECTION('',(0.,1.,0.));
#796 = ORIENTED_EDGE('',*,*,#797,.F.);
#797 = EDGE_CURVE('',#798,#790,#800,.T.);
#798 = VERTEX_POINT('',#799);
#799 = CARTESIAN_POINT('',(15.944,-78.204,0.));
#800 = LINE('',#801,#802);
#801 = CARTESIAN_POINT('',(15.944,-78.204,0.));
#802 = VECTOR('',#803,1.);
#803 = DIRECTION('',(1.,0.,0.));
#804 = ORIENTED_EDGE('',*,*,#805,.F.);
#805 = EDGE_CURVE('',#806,#798,#808,.T.);
#806 = VERTEX_POINT('',#807);
#807 = CARTESIAN_POINT('',(15.944,-79.404,0.));
#808 = LINE('',#809,#810);
#809 = CARTESIAN_POINT('',(15.944,-79.404,0.));
#810 = VECTOR('',#811,1.);
#811 = DIRECTION('',(0.,1.,0.));
#812 = ORIENTED_EDGE('',*,*,#813,.F.);
#813 = EDGE_CURVE('',#814,#806,#816,.T.);
#814 = VERTEX_POINT('',#815);
#815 = CARTESIAN_POINT('',(12.644,-79.404,0.));
#816 = LINE('',#817,#818);
#817 = CARTESIAN_POINT('',(12.644,-79.404,0.));
#818 = VECTOR('',#819,1.);
#819 = DIRECTION('',(1.,0.,0.));
#820 = ORIENTED_EDGE('',*,*,#821,.F.);
#821 = EDGE_CURVE('',#822,#814,#824,.T.);
#822 = VERTEX_POINT('',#823);
#823 = CARTESIAN_POINT('',(12.644,-78.204,0.));
#824 = LINE('',#825,#826);
#825 = CARTESIAN_POINT('',(12.644,-78.204,0.));
#826 = VECTOR('',#827,1.);
#827 = DIRECTION('',(0.,-1.,0.));
#828 = ORIENTED_EDGE('',*,*,#829,.F.);
#829 = EDGE_CURVE('',#830,#822,#832,.T.);
#830 = VERTEX_POINT('',#831);
#831 = CARTESIAN_POINT('',(10.919,-78.204,0.));
#832 = LINE('',#833,#834);
#833 = CARTESIAN_POINT('',(10.919,-78.204,0.));
#834 = VECTOR('',#835,1.);
#835 = DIRECTION('',(1.,0.,0.));
#836 = ORIENTED_EDGE('',*,*,#837,.F.);
#837 = EDGE_CURVE('',#838,#830,#840,.T.);
#838 = VERTEX_POINT('',#839);
#839 = CARTESIAN_POINT('',(10.919,-71.934,0.));
#840 = LINE('',#841,#842);
#841 = CARTESIAN_POINT('',(10.919,-71.934,0.));
#842 = VECTOR('',#843,1.);
#843 = DIRECTION('',(0.,-1.,0.));
#844 = ORIENTED_EDGE('',*,*,#845,.F.);
#845 = EDGE_CURVE('',#846,#838,#848,.T.);
#846 = VERTEX_POINT('',#847);
#847 = CARTESIAN_POINT('',(10.094,-71.934,0.));
#848 = LINE('',#849,#850);
#849 = CARTESIAN_POINT('',(10.094,-71.934,0.));
#850 = VECTOR('',#851,1.);
#851 = DIRECTION('',(1.,0.,0.));
#852 = ORIENTED_EDGE('',*,*,#853,.F.);
#853 = EDGE_CURVE('',#854,#846,#856,.T.);
#854 = VERTEX_POINT('',#855);
#855 = CARTESIAN_POINT('',(10.094,-69.134,0.));
#856 = LINE('',#857,#858);
#857 = CARTESIAN_POINT('',(10.094,-69.134,0.));
#858 = VECTOR('',#859,1.);
#859 = DIRECTION('',(0.,-1.,0.));
#860 = ORIENTED_EDGE('',*,*,#861,.F.);
#861 = EDGE_CURVE('',#862,#854,#864,.T.);
#862 = VERTEX_POINT('',#863);
#863 = CARTESIAN_POINT('',(10.919,-69.134,0.));
#864 = LINE('',#865,#866);
#865 = CARTESIAN_POINT('',(10.919,-69.134,0.));
#866 = VECTOR('',#867,1.);
#867 = DIRECTION('',(-1.,0.,0.));
#868 = ORIENTED_EDGE('',*,*,#869,.F.);
#869 = EDGE_CURVE('',#870,#862,#872,.T.);
#870 = VERTEX_POINT('',#871);
#871 = CARTESIAN_POINT('',(10.919,-65.904,0.));
#872 = LINE('',#873,#874);
#873 = CARTESIAN_POINT('',(10.919,-65.904,0.));
#874 = VECTOR('',#875,1.);
#875 = DIRECTION('',(0.,-1.,0.));
#876 = ORIENTED_EDGE('',*,*,#877,.F.);
#877 = EDGE_CURVE('',#878,#870,#880,.T.);
#878 = VERTEX_POINT('',#879);
#879 = CARTESIAN_POINT('',(17.669,-65.904,0.));
#880 = LINE('',#881,#882);
#881 = CARTESIAN_POINT('',(17.669,-65.904,0.));
#882 = VECTOR('',#883,1.);
#883 = DIRECTION('',(-1.,0.,0.));
#884 = ORIENTED_EDGE('',*,*,#885,.F.);
#885 = EDGE_CURVE('',#606,#878,#886,.T.);
#886 = LINE('',#887,#888);
#887 = CARTESIAN_POINT('',(17.669,-69.134,0.));
#888 = VECTOR('',#889,1.);
#889 = DIRECTION('',(0.,1.,0.));
#890 = FACE_BOUND('',#891,.F.);
#891 = EDGE_LOOP('',(#892,#902,#910,#918));
#892 = ORIENTED_EDGE('',*,*,#893,.F.);
#893 = EDGE_CURVE('',#894,#896,#898,.T.);
#894 = VERTEX_POINT('',#895);
#895 = CARTESIAN_POINT('',(50.151,-78.434,0.));
#896 = VERTEX_POINT('',#897);
#897 = CARTESIAN_POINT('',(64.151,-78.434,0.));
#898 = LINE('',#899,#900);
#899 = CARTESIAN_POINT('',(50.151,-78.434,0.));
#900 = VECTOR('',#901,1.);
#901 = DIRECTION('',(1.,0.,0.));
#902 = ORIENTED_EDGE('',*,*,#903,.F.);
#903 = EDGE_CURVE('',#904,#894,#906,.T.);
#904 = VERTEX_POINT('',#905);
#905 = CARTESIAN_POINT('',(50.151,-64.434,0.));
#906 = LINE('',#907,#908);
#907 = CARTESIAN_POINT('',(50.151,-64.434,0.));
#908 = VECTOR('',#909,1.);
#909 = DIRECTION('',(0.,-1.,0.));
#910 = ORIENTED_EDGE('',*,*,#911,.F.);
#911 = EDGE_CURVE('',#912,#904,#914,.T.);
#912 = VERTEX_POINT('',#913);
#913 = CARTESIAN_POINT('',(64.151,-64.434,0.));
#914 = LINE('',#915,#916);
#915 = CARTESIAN_POINT('',(64.151,-64.434,0.));
#916 = VECTOR('',#917,1.);
#917 = DIRECTION('',(-1.,0.,0.));
#918 = ORIENTED_EDGE('',*,*,#919,.F.);
#919 = EDGE_CURVE('',#896,#912,#920,.T.);
#920 = LINE('',#921,#922);
#921 = CARTESIAN_POINT('',(64.151,-78.434,0.));
#922 = VECTOR('',#923,1.);
#923 = DIRECTION('',(0.,1.,0.));
#924 = FACE_BOUND('',#925,.F.);
#925 = EDGE_LOOP('',(#926,#936,#944,#952));
#926 = ORIENTED_EDGE('',*,*,#927,.F.);
#927 = EDGE_CURVE('',#928,#930,#932,.T.);
#928 = VERTEX_POINT('',#929);
#929 = CARTESIAN_POINT('',(69.201,-78.434,0.));
#930 = VERTEX_POINT('',#931);
#931 = CARTESIAN_POINT('',(83.201,-78.434,0.));
#932 = LINE('',#933,#934);
#933 = CARTESIAN_POINT('',(69.201,-78.434,0.));
#934 = VECTOR('',#935,1.);
#935 = DIRECTION('',(1.,0.,0.));
#936 = ORIENTED_EDGE('',*,*,#937,.F.);
#937 = EDGE_CURVE('',#938,#928,#940,.T.);
#938 = VERTEX_POINT('',#939);
#939 = CARTESIAN_POINT('',(69.201,-64.434,0.));
#940 = LINE('',#941,#942);
#941 = CARTESIAN_POINT('',(69.201,-64.434,0.));
#942 = VECTOR('',#943,1.);
#943 = DIRECTION('',(0.,-1.,0.));
#944 = ORIENTED_EDGE('',*,*,#945,.F.);
#945 = EDGE_CURVE('',#946,#938,#948,.T.);
#946 = VERTEX_POINT('',#947);
#947 = CARTESIAN_POINT('',(83.201,-64.434,0.));
#948 = LINE('',#949,#950);
#949 = CARTESIAN_POINT('',(83.201,-64.434,0.));
#950 = VECTOR('',#951,1.);
#951 = DIRECTION('',(-1.,0.,0.));
#952 = ORIENTED_EDGE('',*,*,#953,.F.);
#953 = EDGE_CURVE('',#930,#946,#954,.T.);
#954 = LINE('',#955,#956);
#955 = CARTESIAN_POINT('',(83.201,-78.434,0.));
#956 = VECTOR('',#957,1.);
#957 = DIRECTION('',(0.,1.,0.));
#958 = FACE_BOUND('',#959,.F.);
#959 = EDGE_LOOP('',(#960,#970,#978,#986));
#960 = ORIENTED_EDGE('',*,*,#961,.F.);
#961 = EDGE_CURVE('',#962,#964,#966,.T.);
#962 = VERTEX_POINT('',#963);
#963 = CARTESIAN_POINT('',(88.251,-78.434,0.));
#964 = VERTEX_POINT('',#965);
#965 = CARTESIAN_POINT('',(102.251,-78.434,0.));
#966 = LINE('',#967,#968);
#967 = CARTESIAN_POINT('',(88.251,-78.434,0.));
#968 = VECTOR('',#969,1.);
#969 = DIRECTION('',(1.,0.,0.));
#970 = ORIENTED_EDGE('',*,*,#971,.F.);
#971 = EDGE_CURVE('',#972,#962,#974,.T.);
#972 = VERTEX_POINT('',#973);
#973 = CARTESIAN_POINT('',(88.251,-64.434,0.));
#974 = LINE('',#975,#976);
#975 = CARTESIAN_POINT('',(88.251,-64.434,0.));
#976 = VECTOR('',#977,1.);
#977 = DIRECTION('',(0.,-1.,0.));
#978 = ORIENTED_EDGE('',*,*,#979,.F.);
#979 = EDGE_CURVE('',#980,#972,#982,.T.);
#980 = VERTEX_POINT('',#981);
#981 = CARTESIAN_POINT('',(102.251,-64.434,0.));
#982 = LINE('',#983,#984);
#983 = CARTESIAN_POINT('',(102.251,-64.434,0.));
#984 = VECTOR('',#985,1.);
#985 = DIRECTION('',(-1.,0.,0.));
#986 = ORIENTED_EDGE('',*,*,#987,.F.);
#987 = EDGE_CURVE('',#964,#980,#988,.T.);
#988 = LINE('',#989,#990);
#989 = CARTESIAN_POINT('',(102.251,-78.434,0.));
#990 = VECTOR('',#991,1.);
#991 = DIRECTION('',(0.,1.,0.));
#992 = FACE_BOUND('',#993,.F.);
#993 = EDGE_LOOP('',(#994,#1004,#1012,#1020));
#994 = ORIENTED_EDGE('',*,*,#995,.F.);
#995 = EDGE_CURVE('',#996,#998,#1000,.T.);
#996 = VERTEX_POINT('',#997);
#997 = CARTESIAN_POINT('',(107.301,-78.434,0.));
#998 = VERTEX_POINT('',#999);
#999 = CARTESIAN_POINT('',(121.301,-78.434,0.));
#1000 = LINE('',#1001,#1002);
#1001 = CARTESIAN_POINT('',(107.301,-78.434,0.));
#1002 = VECTOR('',#1003,1.);
#1003 = DIRECTION('',(1.,0.,0.));
#1004 = ORIENTED_EDGE('',*,*,#1005,.F.);
#1005 = EDGE_CURVE('',#1006,#996,#1008,.T.);
#1006 = VERTEX_POINT('',#1007);
#1007 = CARTESIAN_POINT('',(107.301,-64.434,0.));
#1008 = LINE('',#1009,#1010);
#1009 = CARTESIAN_POINT('',(107.301,-64.434,0.));
#1010 = VECTOR('',#1011,1.);
#1011 = DIRECTION('',(0.,-1.,0.));
#1012 = ORIENTED_EDGE('',*,*,#1013,.F.);
#1013 = EDGE_CURVE('',#1014,#1006,#1016,.T.);
#1014 = VERTEX_POINT('',#1015);
#1015 = CARTESIAN_POINT('',(121.301,-64.434,0.));
#1016 = LINE('',#1017,#1018);
#1017 = CARTESIAN_POINT('',(121.301,-64.434,0.));
#1018 = VECTOR('',#1019,1.);
#1019 = DIRECTION('',(-1.,0.,0.));
#1020 = ORIENTED_EDGE('',*,*,#1021,.F.);
#1021 = EDGE_CURVE('',#998,#1014,#1022,.T.);
#1022 = LINE('',#1023,#1024);
#1023 = CARTESIAN_POINT('',(121.301,-78.434,0.));
#1024 = VECTOR('',#1025,1.);
#1025 = DIRECTION('',(0.,1.,0.));
#1026 = FACE_BOUND('',#1027,.F.);
#1027 = EDGE_LOOP('',(#1028,#1038,#1046,#1054));
#1028 = ORIENTED_EDGE('',*,*,#1029,.F.);
#1029 = EDGE_CURVE('',#1030,#1032,#1034,.T.);
#1030 = VERTEX_POINT('',#1031);
#1031 = CARTESIAN_POINT('',(126.351,-78.434,0.));
#1032 = VERTEX_POINT('',#1033);
#1033 = CARTESIAN_POINT('',(140.351,-78.434,0.));
#1034 = LINE('',#1035,#1036);
#1035 = CARTESIAN_POINT('',(126.351,-78.434,0.));
#1036 = VECTOR('',#1037,1.);
#1037 = DIRECTION('',(1.,0.,0.));
#1038 = ORIENTED_EDGE('',*,*,#1039,.F.);
#1039 = EDGE_CURVE('',#1040,#1030,#1042,.T.);
#1040 = VERTEX_POINT('',#1041);
#1041 = CARTESIAN_POINT('',(126.351,-64.434,0.));
#1042 = LINE('',#1043,#1044);
#1043 = CARTESIAN_POINT('',(126.351,-64.434,0.));
#1044 = VECTOR('',#1045,1.);
#1045 = DIRECTION('',(0.,-1.,0.));
#1046 = ORIENTED_EDGE('',*,*,#1047,.F.);
#1047 = EDGE_CURVE('',#1048,#1040,#1050,.T.);
#1048 = VERTEX_POINT('',#1049);
#1049 = CARTESIAN_POINT('',(140.351,-64.434,0.));
#1050 = LINE('',#1051,#1052);
#1051 = CARTESIAN_POINT('',(140.351,-64.434,0.));
#1052 = VECTOR('',#1053,1.);
#1053 = DIRECTION('',(-1.,0.,0.));
#1054 = ORIENTED_EDGE('',*,*,#1055,.F.);
#1055 = EDGE_CURVE('',#1032,#1048,#1056,.T.);
#1056 = LINE('',#1057,#1058);
#1057 = CARTESIAN_POINT('',(140.351,-78.434,0.));
#1058 = VECTOR('',#1059,1.);
#1059 = DIRECTION('',(0.,1.,0.));
#1060 = FACE_BOUND('',#1061,.F.);
#1061 = EDGE_LOOP('',(#1062,#1072,#1080,#1088));
#1062 = ORIENTED_EDGE('',*,*,#1063,.F.);
#1063 = EDGE_CURVE('',#1064,#1066,#1068,.T.);
#1064 = VERTEX_POINT('',#1065);
#1065 = CARTESIAN_POINT('',(145.401,-78.434,0.));
#1066 = VERTEX_POINT('',#1067);
#1067 = CARTESIAN_POINT('',(159.401,-78.434,0.));
#1068 = LINE('',#1069,#1070);
#1069 = CARTESIAN_POINT('',(145.401,-78.434,0.));
#1070 = VECTOR('',#1071,1.);
#1071 = DIRECTION('',(1.,0.,0.));
#1072 = ORIENTED_EDGE('',*,*,#1073,.F.);
#1073 = EDGE_CURVE('',#1074,#1064,#1076,.T.);
#1074 = VERTEX_POINT('',#1075);
#1075 = CARTESIAN_POINT('',(145.401,-64.434,0.));
#1076 = LINE('',#1077,#1078);
#1077 = CARTESIAN_POINT('',(145.401,-64.434,0.));
#1078 = VECTOR('',#1079,1.);
#1079 = DIRECTION('',(0.,-1.,0.));
#1080 = ORIENTED_EDGE('',*,*,#1081,.F.);
#1081 = EDGE_CURVE('',#1082,#1074,#1084,.T.);
#1082 = VERTEX_POINT('',#1083);
#1083 = CARTESIAN_POINT('',(159.401,-64.434,0.));
#1084 = LINE('',#1085,#1086);
#1085 = CARTESIAN_POINT('',(159.401,-64.434,0.));
#1086 = VECTOR('',#1087,1.);
#1087 = DIRECTION('',(-1.,0.,0.));
#1088 = ORIENTED_EDGE('',*,*,#1089,.F.);
#1089 = EDGE_CURVE('',#1066,#1082,#1090,.T.);
#1090 = LINE('',#1091,#1092);
#1091 = CARTESIAN_POINT('',(159.401,-78.434,0.));
#1092 = VECTOR('',#1093,1.);
#1093 = DIRECTION('',(0.,1.,0.));
#1094 = FACE_BOUND('',#1095,.F.);
#1095 = EDGE_LOOP('',(#1096));
#1096 = ORIENTED_EDGE('',*,*,#1097,.T.);
#1097 = EDGE_CURVE('',#1098,#1098,#1100,.T.);
#1098 = VERTEX_POINT('',#1099);
#1099 = CARTESIAN_POINT('',(215.106916,-108.25625,0.));
#1100 = CIRCLE('',#1101,1.1);
#1101 = AXIS2_PLACEMENT_3D('',#1102,#1103,#1104);
#1102 = CARTESIAN_POINT('',(215.106916,-107.15625,0.));
#1103 = DIRECTION('',(-0.,0.,-1.));
#1104 = DIRECTION('',(-0.,-1.,0.));
#1105 = FACE_BOUND('',#1106,.F.);
#1106 = EDGE_LOOP('',(#1107,#1117,#1125,#1133));
#1107 = ORIENTED_EDGE('',*,*,#1108,.F.);
#1108 = EDGE_CURVE('',#1109,#1111,#1113,.T.);
#1109 = VERTEX_POINT('',#1110);
#1110 = CARTESIAN_POINT('',(197.788,-97.484,0.));
#1111 = VERTEX_POINT('',#1112);
#1112 = CARTESIAN_POINT('',(211.788,-97.484,0.));
#1113 = LINE('',#1114,#1115);
#1114 = CARTESIAN_POINT('',(197.788,-97.484,0.));
#1115 = VECTOR('',#1116,1.);
#1116 = DIRECTION('',(1.,0.,0.));
#1117 = ORIENTED_EDGE('',*,*,#1118,.F.);
#1118 = EDGE_CURVE('',#1119,#1109,#1121,.T.);
#1119 = VERTEX_POINT('',#1120);
#1120 = CARTESIAN_POINT('',(197.788,-83.484,0.));
#1121 = LINE('',#1122,#1123);
#1122 = CARTESIAN_POINT('',(197.788,-83.484,0.));
#1123 = VECTOR('',#1124,1.);
#1124 = DIRECTION('',(0.,-1.,0.));
#1125 = ORIENTED_EDGE('',*,*,#1126,.F.);
#1126 = EDGE_CURVE('',#1127,#1119,#1129,.T.);
#1127 = VERTEX_POINT('',#1128);
#1128 = CARTESIAN_POINT('',(211.788,-83.484,0.));
#1129 = LINE('',#1130,#1131);
#1130 = CARTESIAN_POINT('',(211.788,-83.484,0.));
#1131 = VECTOR('',#1132,1.);
#1132 = DIRECTION('',(-1.,0.,0.));
#1133 = ORIENTED_EDGE('',*,*,#1134,.F.);
#1134 = EDGE_CURVE('',#1111,#1127,#1135,.T.);
#1135 = LINE('',#1136,#1137);
#1136 = CARTESIAN_POINT('',(211.788,-97.484,0.));
#1137 = VECTOR('',#1138,1.);
#1138 = DIRECTION('',(0.,1.,0.));
#1139 = FACE_BOUND('',#1140,.F.);
#1140 = EDGE_LOOP('',(#1141,#1151,#1159,#1167));
#1141 = ORIENTED_EDGE('',*,*,#1142,.F.);
#1142 = EDGE_CURVE('',#1143,#1145,#1147,.T.);
#1143 = VERTEX_POINT('',#1144);
#1144 = CARTESIAN_POINT('',(216.838,-97.484,0.));
#1145 = VERTEX_POINT('',#1146);
#1146 = CARTESIAN_POINT('',(230.838,-97.484,0.));
#1147 = LINE('',#1148,#1149);
#1148 = CARTESIAN_POINT('',(216.838,-97.484,0.));
#1149 = VECTOR('',#1150,1.);
#1150 = DIRECTION('',(1.,0.,0.));
#1151 = ORIENTED_EDGE('',*,*,#1152,.F.);
#1152 = EDGE_CURVE('',#1153,#1143,#1155,.T.);
#1153 = VERTEX_POINT('',#1154);
#1154 = CARTESIAN_POINT('',(216.838,-83.484,0.));
#1155 = LINE('',#1156,#1157);
#1156 = CARTESIAN_POINT('',(216.838,-83.484,0.));
#1157 = VECTOR('',#1158,1.);
#1158 = DIRECTION('',(0.,-1.,0.));
#1159 = ORIENTED_EDGE('',*,*,#1160,.F.);
#1160 = EDGE_CURVE('',#1161,#1153,#1163,.T.);
#1161 = VERTEX_POINT('',#1162);
#1162 = CARTESIAN_POINT('',(230.838,-83.484,0.));
#1163 = LINE('',#1164,#1165);
#1164 = CARTESIAN_POINT('',(230.838,-83.484,0.));
#1165 = VECTOR('',#1166,1.);
#1166 = DIRECTION('',(-1.,0.,0.));
#1167 = ORIENTED_EDGE('',*,*,#1168,.F.);
#1168 = EDGE_CURVE('',#1145,#1161,#1169,.T.);
#1169 = LINE('',#1170,#1171);
#1170 = CARTESIAN_POINT('',(230.838,-97.484,0.));
#1171 = VECTOR('',#1172,1.);
#1172 = DIRECTION('',(0.,1.,0.));
#1173 = FACE_BOUND('',#1174,.F.);
#1174 = EDGE_LOOP('',(#1175,#1185,#1193,#1201));
#1175 = ORIENTED_EDGE('',*,*,#1176,.F.);
#1176 = EDGE_CURVE('',#1177,#1179,#1181,.T.);
#1177 = VERTEX_POINT('',#1178);
#1178 = CARTESIAN_POINT('',(259.701,-102.247,0.));
#1179 = VERTEX_POINT('',#1180);
#1180 = CARTESIAN_POINT('',(273.701,-102.247,0.));
#1181 = LINE('',#1182,#1183);
#1182 = CARTESIAN_POINT('',(259.701,-102.247,0.));
#1183 = VECTOR('',#1184,1.);
#1184 = DIRECTION('',(1.,0.,0.));
#1185 = ORIENTED_EDGE('',*,*,#1186,.F.);
#1186 = EDGE_CURVE('',#1187,#1177,#1189,.T.);
#1187 = VERTEX_POINT('',#1188);
#1188 = CARTESIAN_POINT('',(259.701,-88.247,0.));
#1189 = LINE('',#1190,#1191);
#1190 = CARTESIAN_POINT('',(259.701,-88.247,0.));
#1191 = VECTOR('',#1192,1.);
#1192 = DIRECTION('',(0.,-1.,0.));
#1193 = ORIENTED_EDGE('',*,*,#1194,.F.);
#1194 = EDGE_CURVE('',#1195,#1187,#1197,.T.);
#1195 = VERTEX_POINT('',#1196);
#1196 = CARTESIAN_POINT('',(273.701,-88.247,0.));
#1197 = LINE('',#1198,#1199);
#1198 = CARTESIAN_POINT('',(273.701,-88.247,0.));
#1199 = VECTOR('',#1200,1.);
#1200 = DIRECTION('',(-1.,0.,0.));
#1201 = ORIENTED_EDGE('',*,*,#1202,.F.);
#1202 = EDGE_CURVE('',#1179,#1195,#1203,.T.);
#1203 = LINE('',#1204,#1205);
#1204 = CARTESIAN_POINT('',(273.701,-102.247,0.));
#1205 = VECTOR('',#1206,1.);
#1206 = DIRECTION('',(0.,1.,0.));
#1207 = FACE_BOUND('',#1208,.F.);
#1208 = EDGE_LOOP('',(#1209));
#1209 = ORIENTED_EDGE('',*,*,#1210,.T.);
#1210 = EDGE_CURVE('',#1211,#1211,#1213,.T.);
#1211 = VERTEX_POINT('',#1212);
#1212 = CARTESIAN_POINT('',(321.46875,-108.25625,0.));
#1213 = CIRCLE('',#1214,1.1);
#1214 = AXIS2_PLACEMENT_3D('',#1215,#1216,#1217);
#1215 = CARTESIAN_POINT('',(321.46875,-107.15625,0.));
#1216 = DIRECTION('',(-0.,0.,-1.));
#1217 = DIRECTION('',(-0.,-1.,0.));
#1218 = FACE_BOUND('',#1219,.F.);
#1219 = EDGE_LOOP('',(#1220,#1230,#1238,#1246));
#1220 = ORIENTED_EDGE('',*,*,#1221,.F.);
#1221 = EDGE_CURVE('',#1222,#1224,#1226,.T.);
#1222 = VERTEX_POINT('',#1223);
#1223 = CARTESIAN_POINT('',(278.751,-102.247,0.));
#1224 = VERTEX_POINT('',#1225);
#1225 = CARTESIAN_POINT('',(292.751,-102.247,0.));
#1226 = LINE('',#1227,#1228);
#1227 = CARTESIAN_POINT('',(278.751,-102.247,0.));
#1228 = VECTOR('',#1229,1.);
#1229 = DIRECTION('',(1.,0.,0.));
#1230 = ORIENTED_EDGE('',*,*,#1231,.F.);
#1231 = EDGE_CURVE('',#1232,#1222,#1234,.T.);
#1232 = VERTEX_POINT('',#1233);
#1233 = CARTESIAN_POINT('',(278.751,-88.247,0.));
#1234 = LINE('',#1235,#1236);
#1235 = CARTESIAN_POINT('',(278.751,-88.247,0.));
#1236 = VECTOR('',#1237,1.);
#1237 = DIRECTION('',(0.,-1.,0.));
#1238 = ORIENTED_EDGE('',*,*,#1239,.F.);
#1239 = EDGE_CURVE('',#1240,#1232,#1242,.T.);
#1240 = VERTEX_POINT('',#1241);
#1241 = CARTESIAN_POINT('',(292.751,-88.247,0.));
#1242 = LINE('',#1243,#1244);
#1243 = CARTESIAN_POINT('',(292.751,-88.247,0.));
#1244 = VECTOR('',#1245,1.);
#1245 = DIRECTION('',(-1.,0.,0.));
#1246 = ORIENTED_EDGE('',*,*,#1247,.F.);
#1247 = EDGE_CURVE('',#1224,#1240,#1248,.T.);
#1248 = LINE('',#1249,#1250);
#1249 = CARTESIAN_POINT('',(292.751,-102.247,0.));
#1250 = VECTOR('',#1251,1.);
#1251 = DIRECTION('',(0.,1.,0.));
#1252 = FACE_BOUND('',#1253,.F.);
#1253 = EDGE_LOOP('',(#1254,#1264,#1272,#1280));
#1254 = ORIENTED_EDGE('',*,*,#1255,.F.);
#1255 = EDGE_CURVE('',#1256,#1258,#1260,.T.);
#1256 = VERTEX_POINT('',#1257);
#1257 = CARTESIAN_POINT('',(297.801,-102.247,0.));
#1258 = VERTEX_POINT('',#1259);
#1259 = CARTESIAN_POINT('',(311.801,-102.247,0.));
#1260 = LINE('',#1261,#1262);
#1261 = CARTESIAN_POINT('',(297.801,-102.247,0.));
#1262 = VECTOR('',#1263,1.);
#1263 = DIRECTION('',(1.,0.,0.));
#1264 = ORIENTED_EDGE('',*,*,#1265,.F.);
#1265 = EDGE_CURVE('',#1266,#1256,#1268,.T.);
#1266 = VERTEX_POINT('',#1267);
#1267 = CARTESIAN_POINT('',(297.801,-88.247,0.));
#1268 = LINE('',#1269,#1270);
#1269 = CARTESIAN_POINT('',(297.801,-88.247,0.));
#1270 = VECTOR('',#1271,1.);
#1271 = DIRECTION('',(0.,-1.,0.));
#1272 = ORIENTED_EDGE('',*,*,#1273,.F.);
#1273 = EDGE_CURVE('',#1274,#1266,#1276,.T.);
#1274 = VERTEX_POINT('',#1275);
#1275 = CARTESIAN_POINT('',(311.801,-88.247,0.));
#1276 = LINE('',#1277,#1278);
#1277 = CARTESIAN_POINT('',(311.801,-88.247,0.));
#1278 = VECTOR('',#1279,1.);
#1279 = DIRECTION('',(-1.,0.,0.));
#1280 = ORIENTED_EDGE('',*,*,#1281,.F.);
#1281 = EDGE_CURVE('',#1258,#1274,#1282,.T.);
#1282 = LINE('',#1283,#1284);
#1283 = CARTESIAN_POINT('',(311.801,-102.247,0.));
#1284 = VECTOR('',#1285,1.);
#1285 = DIRECTION('',(0.,1.,0.));
#1286 = FACE_BOUND('',#1287,.F.);
#1287 = EDGE_LOOP('',(#1288,#1298,#1306,#1314));
#1288 = ORIENTED_EDGE('',*,*,#1289,.F.);
#1289 = EDGE_CURVE('',#1290,#1292,#1294,.T.);
#1290 = VERTEX_POINT('',#1291);
#1291 = CARTESIAN_POINT('',(235.888,-97.484,0.));
#1292 = VERTEX_POINT('',#1293);
#1293 = CARTESIAN_POINT('',(249.888,-97.484,0.));
#1294 = LINE('',#1295,#1296);
#1295 = CARTESIAN_POINT('',(235.888,-97.484,0.));
#1296 = VECTOR('',#1297,1.);
#1297 = DIRECTION('',(1.,0.,0.));
#1298 = ORIENTED_EDGE('',*,*,#1299,.F.);
#1299 = EDGE_CURVE('',#1300,#1290,#1302,.T.);
#1300 = VERTEX_POINT('',#1301);
#1301 = CARTESIAN_POINT('',(235.888,-83.484,0.));
#1302 = LINE('',#1303,#1304);
#1303 = CARTESIAN_POINT('',(235.888,-83.484,0.));
#1304 = VECTOR('',#1305,1.);
#1305 = DIRECTION('',(0.,-1.,0.));
#1306 = ORIENTED_EDGE('',*,*,#1307,.F.);
#1307 = EDGE_CURVE('',#1308,#1300,#1310,.T.);
#1308 = VERTEX_POINT('',#1309);
#1309 = CARTESIAN_POINT('',(249.888,-83.484,0.));
#1310 = LINE('',#1311,#1312);
#1311 = CARTESIAN_POINT('',(249.888,-83.484,0.));
#1312 = VECTOR('',#1313,1.);
#1313 = DIRECTION('',(-1.,0.,0.));
#1314 = ORIENTED_EDGE('',*,*,#1315,.F.);
#1315 = EDGE_CURVE('',#1292,#1308,#1316,.T.);
#1316 = LINE('',#1317,#1318);
#1317 = CARTESIAN_POINT('',(249.888,-97.484,0.));
#1318 = VECTOR('',#1319,1.);
#1319 = DIRECTION('',(0.,1.,0.));
#1320 = FACE_BOUND('',#1321,.F.);
#1321 = EDGE_LOOP('',(#1322,#1332,#1340,#1348));
#1322 = ORIENTED_EDGE('',*,*,#1323,.F.);
#1323 = EDGE_CURVE('',#1324,#1326,#1328,.T.);
#1324 = VERTEX_POINT('',#1325);
#1325 = CARTESIAN_POINT('',(164.451,-78.434,0.));
#1326 = VERTEX_POINT('',#1327);
#1327 = CARTESIAN_POINT('',(178.451,-78.434,0.));
#1328 = LINE('',#1329,#1330);
#1329 = CARTESIAN_POINT('',(164.451,-78.434,0.));
#1330 = VECTOR('',#1331,1.);
#1331 = DIRECTION('',(1.,0.,0.));
#1332 = ORIENTED_EDGE('',*,*,#1333,.F.);
#1333 = EDGE_CURVE('',#1334,#1324,#1336,.T.);
#1334 = VERTEX_POINT('',#1335);
#1335 = CARTESIAN_POINT('',(164.451,-64.434,0.));
#1336 = LINE('',#1337,#1338);
#1337 = CARTESIAN_POINT('',(164.451,-64.434,0.));
#1338 = VECTOR('',#1339,1.);
#1339 = DIRECTION('',(0.,-1.,0.));
#1340 = ORIENTED_EDGE('',*,*,#1341,.F.);
#1341 = EDGE_CURVE('',#1342,#1334,#1344,.T.);
#1342 = VERTEX_POINT('',#1343);
#1343 = CARTESIAN_POINT('',(178.451,-64.434,0.));
#1344 = LINE('',#1345,#1346);
#1345 = CARTESIAN_POINT('',(178.451,-64.434,0.));
#1346 = VECTOR('',#1347,1.);
#1347 = DIRECTION('',(-1.,0.,0.));
#1348 = ORIENTED_EDGE('',*,*,#1349,.F.);
#1349 = EDGE_CURVE('',#1326,#1342,#1350,.T.);
#1350 = LINE('',#1351,#1352);
#1351 = CARTESIAN_POINT('',(178.451,-78.434,0.));
#1352 = VECTOR('',#1353,1.);
#1353 = DIRECTION('',(0.,1.,0.));
#1354 = FACE_BOUND('',#1355,.F.);
#1355 = EDGE_LOOP('',(#1356,#1366,#1374,#1382));
#1356 = ORIENTED_EDGE('',*,*,#1357,.F.);
#1357 = EDGE_CURVE('',#1358,#1360,#1362,.T.);
#1358 = VERTEX_POINT('',#1359);
#1359 = CARTESIAN_POINT('',(183.501,-78.434,0.));
#1360 = VERTEX_POINT('',#1361);
#1361 = CARTESIAN_POINT('',(197.501,-78.434,0.));
#1362 = LINE('',#1363,#1364);
#1363 = CARTESIAN_POINT('',(183.501,-78.434,0.));
#1364 = VECTOR('',#1365,1.);
#1365 = DIRECTION('',(1.,0.,0.));
#1366 = ORIENTED_EDGE('',*,*,#1367,.F.);
#1367 = EDGE_CURVE('',#1368,#1358,#1370,.T.);
#1368 = VERTEX_POINT('',#1369);
#1369 = CARTESIAN_POINT('',(183.501,-64.434,0.));
#1370 = LINE('',#1371,#1372);
#1371 = CARTESIAN_POINT('',(183.501,-64.434,0.));
#1372 = VECTOR('',#1373,1.);
#1373 = DIRECTION('',(0.,-1.,0.));
#1374 = ORIENTED_EDGE('',*,*,#1375,.F.);
#1375 = EDGE_CURVE('',#1376,#1368,#1378,.T.);
#1376 = VERTEX_POINT('',#1377);
#1377 = CARTESIAN_POINT('',(197.501,-64.434,0.));
#1378 = LINE('',#1379,#1380);
#1379 = CARTESIAN_POINT('',(197.501,-64.434,0.));
#1380 = VECTOR('',#1381,1.);
#1381 = DIRECTION('',(-1.,0.,0.));
#1382 = ORIENTED_EDGE('',*,*,#1383,.F.);
#1383 = EDGE_CURVE('',#1360,#1376,#1384,.T.);
#1384 = LINE('',#1385,#1386);
#1385 = CARTESIAN_POINT('',(197.501,-78.434,0.));
#1386 = VECTOR('',#1387,1.);
#1387 = DIRECTION('',(0.,1.,0.));
#1388 = FACE_BOUND('',#1389,.F.);
#1389 = EDGE_LOOP('',(#1390,#1400,#1408,#1416));
#1390 = ORIENTED_EDGE('',*,*,#1391,.F.);
#1391 = EDGE_CURVE('',#1392,#1394,#1396,.T.);
#1392 = VERTEX_POINT('',#1393);
#1393 = CARTESIAN_POINT('',(202.551,-78.434,0.));
#1394 = VERTEX_POINT('',#1395);
#1395 = CARTESIAN_POINT('',(216.551,-78.434,0.));
#1396 = LINE('',#1397,#1398);
#1397 = CARTESIAN_POINT('',(202.551,-78.434,0.));
#1398 = VECTOR('',#1399,1.);
#1399 = DIRECTION('',(1.,0.,0.));
#1400 = ORIENTED_EDGE('',*,*,#1401,.F.);
#1401 = EDGE_CURVE('',#1402,#1392,#1404,.T.);
#1402 = VERTEX_POINT('',#1403);
#1403 = CARTESIAN_POINT('',(202.551,-64.434,0.));
#1404 = LINE('',#1405,#1406);
#1405 = CARTESIAN_POINT('',(202.551,-64.434,0.));
#1406 = VECTOR('',#1407,1.);
#1407 = DIRECTION('',(0.,-1.,0.));
#1408 = ORIENTED_EDGE('',*,*,#1409,.F.);
#1409 = EDGE_CURVE('',#1410,#1402,#1412,.T.);
#1410 = VERTEX_POINT('',#1411);
#1411 = CARTESIAN_POINT('',(216.551,-64.434,0.));
#1412 = LINE('',#1413,#1414);
#1413 = CARTESIAN_POINT('',(216.551,-64.434,0.));
#1414 = VECTOR('',#1415,1.);
#1415 = DIRECTION('',(-1.,0.,0.));
#1416 = ORIENTED_EDGE('',*,*,#1417,.F.);
#1417 = EDGE_CURVE('',#1394,#1410,#1418,.T.);
#1418 = LINE('',#1419,#1420);
#1419 = CARTESIAN_POINT('',(216.551,-78.434,0.));
#1420 = VECTOR('',#1421,1.);
#1421 = DIRECTION('',(0.,1.,0.));
#1422 = FACE_BOUND('',#1423,.F.);
#1423 = EDGE_LOOP('',(#1424,#1434,#1442,#1450));
#1424 = ORIENTED_EDGE('',*,*,#1425,.F.);
#1425 = EDGE_CURVE('',#1426,#1428,#1430,.T.);
#1426 = VERTEX_POINT('',#1427);
#1427 = CARTESIAN_POINT('',(221.601,-78.434,0.));
#1428 = VERTEX_POINT('',#1429);
#1429 = CARTESIAN_POINT('',(235.601,-78.434,0.));
#1430 = LINE('',#1431,#1432);
#1431 = CARTESIAN_POINT('',(221.601,-78.434,0.));
#1432 = VECTOR('',#1433,1.);
#1433 = DIRECTION('',(1.,0.,0.));
#1434 = ORIENTED_EDGE('',*,*,#1435,.F.);
#1435 = EDGE_CURVE('',#1436,#1426,#1438,.T.);
#1436 = VERTEX_POINT('',#1437);
#1437 = CARTESIAN_POINT('',(221.601,-64.434,0.));
#1438 = LINE('',#1439,#1440);
#1439 = CARTESIAN_POINT('',(221.601,-64.434,0.));
#1440 = VECTOR('',#1441,1.);
#1441 = DIRECTION('',(0.,-1.,0.));
#1442 = ORIENTED_EDGE('',*,*,#1443,.F.);
#1443 = EDGE_CURVE('',#1444,#1436,#1446,.T.);
#1444 = VERTEX_POINT('',#1445);
#1445 = CARTESIAN_POINT('',(235.601,-64.434,0.));
#1446 = LINE('',#1447,#1448);
#1447 = CARTESIAN_POINT('',(235.601,-64.434,0.));
#1448 = VECTOR('',#1449,1.);
#1449 = DIRECTION('',(-1.,0.,0.));
#1450 = ORIENTED_EDGE('',*,*,#1451,.F.);
#1451 = EDGE_CURVE('',#1428,#1444,#1452,.T.);
#1452 = LINE('',#1453,#1454);
#1453 = CARTESIAN_POINT('',(235.601,-78.434,0.));
#1454 = VECTOR('',#1455,1.);
#1455 = DIRECTION('',(0.,1.,0.));
#1456 = FACE_BOUND('',#1457,.F.);
#1457 = EDGE_LOOP('',(#1458,#1468,#1476,#1484));
#1458 = ORIENTED_EDGE('',*,*,#1459,.F.);
#1459 = EDGE_CURVE('',#1460,#1462,#1464,.T.);
#1460 = VERTEX_POINT('',#1461);
#1461 = CARTESIAN_POINT('',(247.794,-78.434,0.));
#1462 = VERTEX_POINT('',#1463);
#1463 = CARTESIAN_POINT('',(261.794,-78.434,0.));
#1464 = LINE('',#1465,#1466);
#1465 = CARTESIAN_POINT('',(247.794,-78.434,0.));
#1466 = VECTOR('',#1467,1.);
#1467 = DIRECTION('',(1.,0.,0.));
#1468 = ORIENTED_EDGE('',*,*,#1469,.F.);
#1469 = EDGE_CURVE('',#1470,#1460,#1472,.T.);
#1470 = VERTEX_POINT('',#1471);
#1471 = CARTESIAN_POINT('',(247.794,-64.434,0.));
#1472 = LINE('',#1473,#1474);
#1473 = CARTESIAN_POINT('',(247.794,-64.434,0.));
#1474 = VECTOR('',#1475,1.);
#1475 = DIRECTION('',(0.,-1.,0.));
#1476 = ORIENTED_EDGE('',*,*,#1477,.F.);
#1477 = EDGE_CURVE('',#1478,#1470,#1480,.T.);
#1478 = VERTEX_POINT('',#1479);
#1479 = CARTESIAN_POINT('',(261.794,-64.434,0.));
#1480 = LINE('',#1481,#1482);
#1481 = CARTESIAN_POINT('',(261.794,-64.434,0.));
#1482 = VECTOR('',#1483,1.);
#1483 = DIRECTION('',(-1.,0.,0.));
#1484 = ORIENTED_EDGE('',*,*,#1485,.F.);
#1485 = EDGE_CURVE('',#1462,#1478,#1486,.T.);
#1486 = LINE('',#1487,#1488);
#1487 = CARTESIAN_POINT('',(261.794,-78.434,0.));
#1488 = VECTOR('',#1489,1.);
#1489 = DIRECTION('',(0.,1.,0.));
#1490 = FACE_BOUND('',#1491,.F.);
#1491 = EDGE_LOOP('',(#1492,#1502,#1510,#1518));
#1492 = ORIENTED_EDGE('',*,*,#1493,.F.);
#1493 = EDGE_CURVE('',#1494,#1496,#1498,.T.);
#1494 = VERTEX_POINT('',#1495);
#1495 = CARTESIAN_POINT('',(278.751,-83.197,0.));
#1496 = VERTEX_POINT('',#1497);
#1497 = CARTESIAN_POINT('',(292.751,-83.197,0.));
#1498 = LINE('',#1499,#1500);
#1499 = CARTESIAN_POINT('',(278.751,-83.197,0.));
#1500 = VECTOR('',#1501,1.);
#1501 = DIRECTION('',(1.,0.,0.));
#1502 = ORIENTED_EDGE('',*,*,#1503,.F.);
#1503 = EDGE_CURVE('',#1504,#1494,#1506,.T.);
#1504 = VERTEX_POINT('',#1505);
#1505 = CARTESIAN_POINT('',(278.751,-69.197,0.));
#1506 = LINE('',#1507,#1508);
#1507 = CARTESIAN_POINT('',(278.751,-69.197,0.));
#1508 = VECTOR('',#1509,1.);
#1509 = DIRECTION('',(0.,-1.,0.));
#1510 = ORIENTED_EDGE('',*,*,#1511,.F.);
#1511 = EDGE_CURVE('',#1512,#1504,#1514,.T.);
#1512 = VERTEX_POINT('',#1513);
#1513 = CARTESIAN_POINT('',(292.751,-69.197,0.));
#1514 = LINE('',#1515,#1516);
#1515 = CARTESIAN_POINT('',(292.751,-69.197,0.));
#1516 = VECTOR('',#1517,1.);
#1517 = DIRECTION('',(-1.,0.,0.));
#1518 = ORIENTED_EDGE('',*,*,#1519,.F.);
#1519 = EDGE_CURVE('',#1496,#1512,#1520,.T.);
#1520 = LINE('',#1521,#1522);
#1521 = CARTESIAN_POINT('',(292.751,-83.197,0.));
#1522 = VECTOR('',#1523,1.);
#1523 = DIRECTION('',(0.,1.,0.));
#1524 = FACE_BOUND('',#1525,.F.);
#1525 = EDGE_LOOP('',(#1526,#1536,#1544,#1552));
#1526 = ORIENTED_EDGE('',*,*,#1527,.F.);
#1527 = EDGE_CURVE('',#1528,#1530,#1532,.T.);
#1528 = VERTEX_POINT('',#1529);
#1529 = CARTESIAN_POINT('',(302.563,-78.434,0.));
#1530 = VERTEX_POINT('',#1531);
#1531 = CARTESIAN_POINT('',(316.563,-78.434,0.));
#1532 = LINE('',#1533,#1534);
#1533 = CARTESIAN_POINT('',(302.563,-78.434,0.));
#1534 = VECTOR('',#1535,1.);
#1535 = DIRECTION('',(1.,0.,0.));
#1536 = ORIENTED_EDGE('',*,*,#1537,.F.);
#1537 = EDGE_CURVE('',#1538,#1528,#1540,.T.);
#1538 = VERTEX_POINT('',#1539);
#1539 = CARTESIAN_POINT('',(302.563,-64.434,0.));
#1540 = LINE('',#1541,#1542);
#1541 = CARTESIAN_POINT('',(302.563,-64.434,0.));
#1542 = VECTOR('',#1543,1.);
#1543 = DIRECTION('',(0.,-1.,0.));
#1544 = ORIENTED_EDGE('',*,*,#1545,.F.);
#1545 = EDGE_CURVE('',#1546,#1538,#1548,.T.);
#1546 = VERTEX_POINT('',#1547);
#1547 = CARTESIAN_POINT('',(316.563,-64.434,0.));
#1548 = LINE('',#1549,#1550);
#1549 = CARTESIAN_POINT('',(316.563,-64.434,0.));
#1550 = VECTOR('',#1551,1.);
#1551 = DIRECTION('',(-1.,0.,0.));
#1552 = ORIENTED_EDGE('',*,*,#1553,.F.);
#1553 = EDGE_CURVE('',#1530,#1546,#1554,.T.);
#1554 = LINE('',#1555,#1556);
#1555 = CARTESIAN_POINT('',(316.563,-78.434,0.));
#1556 = VECTOR('',#1557,1.);
#1557 = DIRECTION('',(0.,1.,0.));
#1558 = FACE_BOUND('',#1559,.F.);
#1559 = EDGE_LOOP('',(#1560,#1570,#1578,#1586));
#1560 = ORIENTED_EDGE('',*,*,#1561,.F.);
#1561 = EDGE_CURVE('',#1562,#1564,#1566,.T.);
#1562 = VERTEX_POINT('',#1563);
#1563 = CARTESIAN_POINT('',(14.432,-59.384,0.));
#1564 = VERTEX_POINT('',#1565);
#1565 = CARTESIAN_POINT('',(28.432,-59.384,0.));
#1566 = LINE('',#1567,#1568);
#1567 = CARTESIAN_POINT('',(14.432,-59.384,0.));
#1568 = VECTOR('',#1569,1.);
#1569 = DIRECTION('',(1.,0.,0.));
#1570 = ORIENTED_EDGE('',*,*,#1571,.F.);
#1571 = EDGE_CURVE('',#1572,#1562,#1574,.T.);
#1572 = VERTEX_POINT('',#1573);
#1573 = CARTESIAN_POINT('',(14.432,-45.384,0.));
#1574 = LINE('',#1575,#1576);
#1575 = CARTESIAN_POINT('',(14.432,-45.384,0.));
#1576 = VECTOR('',#1577,1.);
#1577 = DIRECTION('',(0.,-1.,0.));
#1578 = ORIENTED_EDGE('',*,*,#1579,.F.);
#1579 = EDGE_CURVE('',#1580,#1572,#1582,.T.);
#1580 = VERTEX_POINT('',#1581);
#1581 = CARTESIAN_POINT('',(28.432,-45.384,0.));
#1582 = LINE('',#1583,#1584);
#1583 = CARTESIAN_POINT('',(28.432,-45.384,0.));
#1584 = VECTOR('',#1585,1.);
#1585 = DIRECTION('',(-1.,0.,0.));
#1586 = ORIENTED_EDGE('',*,*,#1587,.F.);
#1587 = EDGE_CURVE('',#1564,#1580,#1588,.T.);
#1588 = LINE('',#1589,#1590);
#1589 = CARTESIAN_POINT('',(28.432,-59.384,0.));
#1590 = VECTOR('',#1591,1.);
#1591 = DIRECTION('',(0.,1.,0.));
#1592 = FACE_BOUND('',#1593,.F.);
#1593 = EDGE_LOOP('',(#1594,#1604,#1612,#1620));
#1594 = ORIENTED_EDGE('',*,*,#1595,.F.);
#1595 = EDGE_CURVE('',#1596,#1598,#1600,.T.);
#1596 = VERTEX_POINT('',#1597);
#1597 = CARTESIAN_POINT('',(40.626,-59.384,0.));
#1598 = VERTEX_POINT('',#1599);
#1599 = CARTESIAN_POINT('',(54.626,-59.384,0.));
#1600 = LINE('',#1601,#1602);
#1601 = CARTESIAN_POINT('',(40.626,-59.384,0.));
#1602 = VECTOR('',#1603,1.);
#1603 = DIRECTION('',(1.,0.,0.));
#1604 = ORIENTED_EDGE('',*,*,#1605,.F.);
#1605 = EDGE_CURVE('',#1606,#1596,#1608,.T.);
#1606 = VERTEX_POINT('',#1607);
#1607 = CARTESIAN_POINT('',(40.626,-45.384,0.));
#1608 = LINE('',#1609,#1610);
#1609 = CARTESIAN_POINT('',(40.626,-45.384,0.));
#1610 = VECTOR('',#1611,1.);
#1611 = DIRECTION('',(0.,-1.,0.));
#1612 = ORIENTED_EDGE('',*,*,#1613,.F.);
#1613 = EDGE_CURVE('',#1614,#1606,#1616,.T.);
#1614 = VERTEX_POINT('',#1615);
#1615 = CARTESIAN_POINT('',(54.626,-45.384,0.));
#1616 = LINE('',#1617,#1618);
#1617 = CARTESIAN_POINT('',(54.626,-45.384,0.));
#1618 = VECTOR('',#1619,1.);
#1619 = DIRECTION('',(-1.,0.,0.));
#1620 = ORIENTED_EDGE('',*,*,#1621,.F.);
#1621 = EDGE_CURVE('',#1598,#1614,#1622,.T.);
#1622 = LINE('',#1623,#1624);
#1623 = CARTESIAN_POINT('',(54.626,-59.384,0.));
#1624 = VECTOR('',#1625,1.);
#1625 = DIRECTION('',(0.,1.,0.));
#1626 = FACE_BOUND('',#1627,.F.);
#1627 = EDGE_LOOP('',(#1628,#1638,#1646,#1654));
#1628 = ORIENTED_EDGE('',*,*,#1629,.F.);
#1629 = EDGE_CURVE('',#1630,#1632,#1634,.T.);
#1630 = VERTEX_POINT('',#1631);
#1631 = CARTESIAN_POINT('',(59.676,-59.384,0.));
#1632 = VERTEX_POINT('',#1633);
#1633 = CARTESIAN_POINT('',(73.676,-59.384,0.));
#1634 = LINE('',#1635,#1636);
#1635 = CARTESIAN_POINT('',(59.676,-59.384,0.));
#1636 = VECTOR('',#1637,1.);
#1637 = DIRECTION('',(1.,0.,0.));
#1638 = ORIENTED_EDGE('',*,*,#1639,.F.);
#1639 = EDGE_CURVE('',#1640,#1630,#1642,.T.);
#1640 = VERTEX_POINT('',#1641);
#1641 = CARTESIAN_POINT('',(59.676,-45.384,0.));
#1642 = LINE('',#1643,#1644);
#1643 = CARTESIAN_POINT('',(59.676,-45.384,0.));
#1644 = VECTOR('',#1645,1.);
#1645 = DIRECTION('',(0.,-1.,0.));
#1646 = ORIENTED_EDGE('',*,*,#1647,.F.);
#1647 = EDGE_CURVE('',#1648,#1640,#1650,.T.);
#1648 = VERTEX_POINT('',#1649);
#1649 = CARTESIAN_POINT('',(73.676,-45.384,0.));
#1650 = LINE('',#1651,#1652);
#1651 = CARTESIAN_POINT('',(73.676,-45.384,0.));
#1652 = VECTOR('',#1653,1.);
#1653 = DIRECTION('',(-1.,0.,0.));
#1654 = ORIENTED_EDGE('',*,*,#1655,.F.);
#1655 = EDGE_CURVE('',#1632,#1648,#1656,.T.);
#1656 = LINE('',#1657,#1658);
#1657 = CARTESIAN_POINT('',(73.676,-59.384,0.));
#1658 = VECTOR('',#1659,1.);
#1659 = DIRECTION('',(0.,1.,0.));
#1660 = FACE_BOUND('',#1661,.F.);
#1661 = EDGE_LOOP('',(#1662,#1672,#1680,#1688));
#1662 = ORIENTED_EDGE('',*,*,#1663,.F.);
#1663 = EDGE_CURVE('',#1664,#1666,#1668,.T.);
#1664 = VERTEX_POINT('',#1665);
#1665 = CARTESIAN_POINT('',(12.051,-40.334,0.));
#1666 = VERTEX_POINT('',#1667);
#1667 = CARTESIAN_POINT('',(26.051,-40.334,0.));
#1668 = LINE('',#1669,#1670);
#1669 = CARTESIAN_POINT('',(12.051,-40.334,0.));
#1670 = VECTOR('',#1671,1.);
#1671 = DIRECTION('',(1.,0.,0.));
#1672 = ORIENTED_EDGE('',*,*,#1673,.F.);
#1673 = EDGE_CURVE('',#1674,#1664,#1676,.T.);
#1674 = VERTEX_POINT('',#1675);
#1675 = CARTESIAN_POINT('',(12.051,-26.334,0.));
#1676 = LINE('',#1677,#1678);
#1677 = CARTESIAN_POINT('',(12.051,-26.334,0.));
#1678 = VECTOR('',#1679,1.);
#1679 = DIRECTION('',(0.,-1.,0.));
#1680 = ORIENTED_EDGE('',*,*,#1681,.F.);
#1681 = EDGE_CURVE('',#1682,#1674,#1684,.T.);
#1682 = VERTEX_POINT('',#1683);
#1683 = CARTESIAN_POINT('',(26.051,-26.334,0.));
#1684 = LINE('',#1685,#1686);
#1685 = CARTESIAN_POINT('',(26.051,-26.334,0.));
#1686 = VECTOR('',#1687,1.);
#1687 = DIRECTION('',(-1.,0.,0.));
#1688 = ORIENTED_EDGE('',*,*,#1689,.F.);
#1689 = EDGE_CURVE('',#1666,#1682,#1690,.T.);
#1690 = LINE('',#1691,#1692);
#1691 = CARTESIAN_POINT('',(26.051,-40.334,0.));
#1692 = VECTOR('',#1693,1.);
#1693 = DIRECTION('',(0.,1.,0.));
#1694 = FACE_BOUND('',#1695,.F.);
#1695 = EDGE_LOOP('',(#1696,#1706,#1714,#1722));
#1696 = ORIENTED_EDGE('',*,*,#1697,.F.);
#1697 = EDGE_CURVE('',#1698,#1700,#1702,.T.);
#1698 = VERTEX_POINT('',#1699);
#1699 = CARTESIAN_POINT('',(35.863,-40.334,0.));
#1700 = VERTEX_POINT('',#1701);
#1701 = CARTESIAN_POINT('',(49.863,-40.334,0.));
#1702 = LINE('',#1703,#1704);
#1703 = CARTESIAN_POINT('',(35.863,-40.334,0.));
#1704 = VECTOR('',#1705,1.);
#1705 = DIRECTION('',(1.,0.,0.));
#1706 = ORIENTED_EDGE('',*,*,#1707,.F.);
#1707 = EDGE_CURVE('',#1708,#1698,#1710,.T.);
#1708 = VERTEX_POINT('',#1709);
#1709 = CARTESIAN_POINT('',(35.863,-26.334,0.));
#1710 = LINE('',#1711,#1712);
#1711 = CARTESIAN_POINT('',(35.863,-26.334,0.));
#1712 = VECTOR('',#1713,1.);
#1713 = DIRECTION('',(0.,-1.,0.));
#1714 = ORIENTED_EDGE('',*,*,#1715,.F.);
#1715 = EDGE_CURVE('',#1716,#1708,#1718,.T.);
#1716 = VERTEX_POINT('',#1717);
#1717 = CARTESIAN_POINT('',(49.863,-26.334,0.));
#1718 = LINE('',#1719,#1720);
#1719 = CARTESIAN_POINT('',(49.863,-26.334,0.));
#1720 = VECTOR('',#1721,1.);
#1721 = DIRECTION('',(-1.,0.,0.));
#1722 = ORIENTED_EDGE('',*,*,#1723,.F.);
#1723 = EDGE_CURVE('',#1700,#1716,#1724,.T.);
#1724 = LINE('',#1725,#1726);
#1725 = CARTESIAN_POINT('',(49.863,-40.334,0.));
#1726 = VECTOR('',#1727,1.);
#1727 = DIRECTION('',(0.,1.,0.));
#1728 = FACE_BOUND('',#1729,.F.);
#1729 = EDGE_LOOP('',(#1730,#1740,#1748,#1756));
#1730 = ORIENTED_EDGE('',*,*,#1731,.F.);
#1731 = EDGE_CURVE('',#1732,#1734,#1736,.T.);
#1732 = VERTEX_POINT('',#1733);
#1733 = CARTESIAN_POINT('',(54.913,-40.334,0.));
#1734 = VERTEX_POINT('',#1735);
#1735 = CARTESIAN_POINT('',(68.913,-40.334,0.));
#1736 = LINE('',#1737,#1738);
#1737 = CARTESIAN_POINT('',(54.913,-40.334,0.));
#1738 = VECTOR('',#1739,1.);
#1739 = DIRECTION('',(1.,0.,0.));
#1740 = ORIENTED_EDGE('',*,*,#1741,.F.);
#1741 = EDGE_CURVE('',#1742,#1732,#1744,.T.);
#1742 = VERTEX_POINT('',#1743);
#1743 = CARTESIAN_POINT('',(54.913,-26.334,0.));
#1744 = LINE('',#1745,#1746);
#1745 = CARTESIAN_POINT('',(54.913,-26.334,0.));
#1746 = VECTOR('',#1747,1.);
#1747 = DIRECTION('',(0.,-1.,0.));
#1748 = ORIENTED_EDGE('',*,*,#1749,.F.);
#1749 = EDGE_CURVE('',#1750,#1742,#1752,.T.);
#1750 = VERTEX_POINT('',#1751);
#1751 = CARTESIAN_POINT('',(68.913,-26.334,0.));
#1752 = LINE('',#1753,#1754);
#1753 = CARTESIAN_POINT('',(68.913,-26.334,0.));
#1754 = VECTOR('',#1755,1.);
#1755 = DIRECTION('',(-1.,0.,0.));
#1756 = ORIENTED_EDGE('',*,*,#1757,.F.);
#1757 = EDGE_CURVE('',#1734,#1750,#1758,.T.);
#1758 = LINE('',#1759,#1760);
#1759 = CARTESIAN_POINT('',(68.913,-40.334,0.));
#1760 = VECTOR('',#1761,1.);
#1761 = DIRECTION('',(0.,1.,0.));
#1762 = FACE_BOUND('',#1763,.F.);
#1763 = EDGE_LOOP('',(#1764,#1774,#1782,#1790));
#1764 = ORIENTED_EDGE('',*,*,#1765,.F.);
#1765 = EDGE_CURVE('',#1766,#1768,#1770,.T.);
#1766 = VERTEX_POINT('',#1767);
#1767 = CARTESIAN_POINT('',(73.963,-40.334,0.));
#1768 = VERTEX_POINT('',#1769);
#1769 = CARTESIAN_POINT('',(87.963,-40.334,0.));
#1770 = LINE('',#1771,#1772);
#1771 = CARTESIAN_POINT('',(73.963,-40.334,0.));
#1772 = VECTOR('',#1773,1.);
#1773 = DIRECTION('',(1.,0.,0.));
#1774 = ORIENTED_EDGE('',*,*,#1775,.F.);
#1775 = EDGE_CURVE('',#1776,#1766,#1778,.T.);
#1776 = VERTEX_POINT('',#1777);
#1777 = CARTESIAN_POINT('',(73.963,-26.334,0.));
#1778 = LINE('',#1779,#1780);
#1779 = CARTESIAN_POINT('',(73.963,-26.334,0.));
#1780 = VECTOR('',#1781,1.);
#1781 = DIRECTION('',(0.,-1.,0.));
#1782 = ORIENTED_EDGE('',*,*,#1783,.F.);
#1783 = EDGE_CURVE('',#1784,#1776,#1786,.T.);
#1784 = VERTEX_POINT('',#1785);
#1785 = CARTESIAN_POINT('',(87.963,-26.334,0.));
#1786 = LINE('',#1787,#1788);
#1787 = CARTESIAN_POINT('',(87.963,-26.334,0.));
#1788 = VECTOR('',#1789,1.);
#1789 = DIRECTION('',(-1.,0.,0.));
#1790 = ORIENTED_EDGE('',*,*,#1791,.F.);
#1791 = EDGE_CURVE('',#1768,#1784,#1792,.T.);
#1792 = LINE('',#1793,#1794);
#1793 = CARTESIAN_POINT('',(87.963,-40.334,0.));
#1794 = VECTOR('',#1795,1.);
#1795 = DIRECTION('',(0.,1.,0.));
#1796 = FACE_BOUND('',#1797,.F.);
#1797 = EDGE_LOOP('',(#1798,#1808,#1816,#1824));
#1798 = ORIENTED_EDGE('',*,*,#1799,.F.);
#1799 = EDGE_CURVE('',#1800,#1802,#1804,.T.);
#1800 = VERTEX_POINT('',#1801);
#1801 = CARTESIAN_POINT('',(78.726,-59.384,0.));
#1802 = VERTEX_POINT('',#1803);
#1803 = CARTESIAN_POINT('',(92.726,-59.384,0.));
#1804 = LINE('',#1805,#1806);
#1805 = CARTESIAN_POINT('',(78.726,-59.384,0.));
#1806 = VECTOR('',#1807,1.);
#1807 = DIRECTION('',(1.,0.,0.));
#1808 = ORIENTED_EDGE('',*,*,#1809,.F.);
#1809 = EDGE_CURVE('',#1810,#1800,#1812,.T.);
#1810 = VERTEX_POINT('',#1811);
#1811 = CARTESIAN_POINT('',(78.726,-45.384,0.));
#1812 = LINE('',#1813,#1814);
#1813 = CARTESIAN_POINT('',(78.726,-45.384,0.));
#1814 = VECTOR('',#1815,1.);
#1815 = DIRECTION('',(0.,-1.,0.));
#1816 = ORIENTED_EDGE('',*,*,#1817,.F.);
#1817 = EDGE_CURVE('',#1818,#1810,#1820,.T.);
#1818 = VERTEX_POINT('',#1819);
#1819 = CARTESIAN_POINT('',(92.726,-45.384,0.));
#1820 = LINE('',#1821,#1822);
#1821 = CARTESIAN_POINT('',(92.726,-45.384,0.));
#1822 = VECTOR('',#1823,1.);
#1823 = DIRECTION('',(-1.,0.,0.));
#1824 = ORIENTED_EDGE('',*,*,#1825,.F.);
#1825 = EDGE_CURVE('',#1802,#1818,#1826,.T.);
#1826 = LINE('',#1827,#1828);
#1827 = CARTESIAN_POINT('',(92.726,-59.384,0.));
#1828 = VECTOR('',#1829,1.);
#1829 = DIRECTION('',(0.,1.,0.));
#1830 = FACE_BOUND('',#1831,.F.);
#1831 = EDGE_LOOP('',(#1832,#1842,#1850,#1858));
#1832 = ORIENTED_EDGE('',*,*,#1833,.F.);
#1833 = EDGE_CURVE('',#1834,#1836,#1838,.T.);
#1834 = VERTEX_POINT('',#1835);
#1835 = CARTESIAN_POINT('',(97.775,-59.384,0.));
#1836 = VERTEX_POINT('',#1837);
#1837 = CARTESIAN_POINT('',(111.775,-59.384,0.));
#1838 = LINE('',#1839,#1840);
#1839 = CARTESIAN_POINT('',(97.775,-59.384,0.));
#1840 = VECTOR('',#1841,1.);
#1841 = DIRECTION('',(1.,0.,0.));
#1842 = ORIENTED_EDGE('',*,*,#1843,.F.);
#1843 = EDGE_CURVE('',#1844,#1834,#1846,.T.);
#1844 = VERTEX_POINT('',#1845);
#1845 = CARTESIAN_POINT('',(97.775,-45.384,0.));
#1846 = LINE('',#1847,#1848);
#1847 = CARTESIAN_POINT('',(97.775,-45.384,0.));
#1848 = VECTOR('',#1849,1.);
#1849 = DIRECTION('',(0.,-1.,0.));
#1850 = ORIENTED_EDGE('',*,*,#1851,.F.);
#1851 = EDGE_CURVE('',#1852,#1844,#1854,.T.);
#1852 = VERTEX_POINT('',#1853);
#1853 = CARTESIAN_POINT('',(111.775,-45.384,0.));
#1854 = LINE('',#1855,#1856);
#1855 = CARTESIAN_POINT('',(111.775,-45.384,0.));
#1856 = VECTOR('',#1857,1.);
#1857 = DIRECTION('',(-1.,0.,0.));
#1858 = ORIENTED_EDGE('',*,*,#1859,.F.);
#1859 = EDGE_CURVE('',#1836,#1852,#1860,.T.);
#1860 = LINE('',#1861,#1862);
#1861 = CARTESIAN_POINT('',(111.775,-59.384,0.));
#1862 = VECTOR('',#1863,1.);
#1863 = DIRECTION('',(0.,1.,0.));
#1864 = FACE_BOUND('',#1865,.F.);
#1865 = EDGE_LOOP('',(#1866,#1876,#1884,#1892));
#1866 = ORIENTED_EDGE('',*,*,#1867,.F.);
#1867 = EDGE_CURVE('',#1868,#1870,#1872,.T.);
#1868 = VERTEX_POINT('',#1869);
#1869 = CARTESIAN_POINT('',(116.825,-59.384,0.));
#1870 = VERTEX_POINT('',#1871);
#1871 = CARTESIAN_POINT('',(130.826,-59.384,0.));
#1872 = LINE('',#1873,#1874);
#1873 = CARTESIAN_POINT('',(116.825,-59.384,0.));
#1874 = VECTOR('',#1875,1.);
#1875 = DIRECTION('',(1.,0.,0.));
#1876 = ORIENTED_EDGE('',*,*,#1877,.F.);
#1877 = EDGE_CURVE('',#1878,#1868,#1880,.T.);
#1878 = VERTEX_POINT('',#1879);
#1879 = CARTESIAN_POINT('',(116.825,-45.384,0.));
#1880 = LINE('',#1881,#1882);
#1881 = CARTESIAN_POINT('',(116.825,-45.384,0.));
#1882 = VECTOR('',#1883,1.);
#1883 = DIRECTION('',(0.,-1.,0.));
#1884 = ORIENTED_EDGE('',*,*,#1885,.F.);
#1885 = EDGE_CURVE('',#1886,#1878,#1888,.T.);
#1886 = VERTEX_POINT('',#1887);
#1887 = CARTESIAN_POINT('',(130.826,-45.384,0.));
#1888 = LINE('',#1889,#1890);
#1889 = CARTESIAN_POINT('',(130.826,-45.384,0.));
#1890 = VECTOR('',#1891,1.);
#1891 = DIRECTION('',(-1.,0.,0.));
#1892 = ORIENTED_EDGE('',*,*,#1893,.F.);
#1893 = EDGE_CURVE('',#1870,#1886,#1894,.T.);
#1894 = LINE('',#1895,#1896);
#1895 = CARTESIAN_POINT('',(130.826,-59.384,0.));
#1896 = VECTOR('',#1897,1.);
#1897 = DIRECTION('',(0.,1.,0.));
#1898 = FACE_BOUND('',#1899,.F.);
#1899 = EDGE_LOOP('',(#1900,#1910,#1918,#1926));
#1900 = ORIENTED_EDGE('',*,*,#1901,.F.);
#1901 = EDGE_CURVE('',#1902,#1904,#1906,.T.);
#1902 = VERTEX_POINT('',#1903);
#1903 = CARTESIAN_POINT('',(135.876,-59.384,0.));
#1904 = VERTEX_POINT('',#1905);
#1905 = CARTESIAN_POINT('',(149.876,-59.384,0.));
#1906 = LINE('',#1907,#1908);
#1907 = CARTESIAN_POINT('',(135.876,-59.384,0.));
#1908 = VECTOR('',#1909,1.);
#1909 = DIRECTION('',(1.,0.,0.));
#1910 = ORIENTED_EDGE('',*,*,#1911,.F.);
#1911 = EDGE_CURVE('',#1912,#1902,#1914,.T.);
#1912 = VERTEX_POINT('',#1913);
#1913 = CARTESIAN_POINT('',(135.876,-45.384,0.));
#1914 = LINE('',#1915,#1916);
#1915 = CARTESIAN_POINT('',(135.876,-45.384,0.));
#1916 = VECTOR('',#1917,1.);
#1917 = DIRECTION('',(0.,-1.,0.));
#1918 = ORIENTED_EDGE('',*,*,#1919,.F.);
#1919 = EDGE_CURVE('',#1920,#1912,#1922,.T.);
#1920 = VERTEX_POINT('',#1921);
#1921 = CARTESIAN_POINT('',(149.876,-45.384,0.));
#1922 = LINE('',#1923,#1924);
#1923 = CARTESIAN_POINT('',(149.876,-45.384,0.));
#1924 = VECTOR('',#1925,1.);
#1925 = DIRECTION('',(-1.,0.,0.));
#1926 = ORIENTED_EDGE('',*,*,#1927,.F.);
#1927 = EDGE_CURVE('',#1904,#1920,#1928,.T.);
#1928 = LINE('',#1929,#1930);
#1929 = CARTESIAN_POINT('',(149.876,-59.384,0.));
#1930 = VECTOR('',#1931,1.);
#1931 = DIRECTION('',(0.,1.,0.));
#1932 = FACE_BOUND('',#1933,.F.);
#1933 = EDGE_LOOP('',(#1934,#1944,#1952,#1960));
#1934 = ORIENTED_EDGE('',*,*,#1935,.F.);
#1935 = EDGE_CURVE('',#1936,#1938,#1940,.T.);
#1936 = VERTEX_POINT('',#1937);
#1937 = CARTESIAN_POINT('',(93.013,-40.334,0.));
#1938 = VERTEX_POINT('',#1939);
#1939 = CARTESIAN_POINT('',(107.013,-40.334,0.));
#1940 = LINE('',#1941,#1942);
#1941 = CARTESIAN_POINT('',(93.013,-40.334,0.));
#1942 = VECTOR('',#1943,1.);
#1943 = DIRECTION('',(1.,0.,0.));
#1944 = ORIENTED_EDGE('',*,*,#1945,.F.);
#1945 = EDGE_CURVE('',#1946,#1936,#1948,.T.);
#1946 = VERTEX_POINT('',#1947);
#1947 = CARTESIAN_POINT('',(93.013,-26.334,0.));
#1948 = LINE('',#1949,#1950);
#1949 = CARTESIAN_POINT('',(93.013,-26.334,0.));
#1950 = VECTOR('',#1951,1.);
#1951 = DIRECTION('',(0.,-1.,0.));
#1952 = ORIENTED_EDGE('',*,*,#1953,.F.);
#1953 = EDGE_CURVE('',#1954,#1946,#1956,.T.);
#1954 = VERTEX_POINT('',#1955);
#1955 = CARTESIAN_POINT('',(107.013,-26.334,0.));
#1956 = LINE('',#1957,#1958);
#1957 = CARTESIAN_POINT('',(107.013,-26.334,0.));
#1958 = VECTOR('',#1959,1.);
#1959 = DIRECTION('',(-1.,0.,0.));
#1960 = ORIENTED_EDGE('',*,*,#1961,.F.);
#1961 = EDGE_CURVE('',#1938,#1954,#1962,.T.);
#1962 = LINE('',#1963,#1964);
#1963 = CARTESIAN_POINT('',(107.013,-40.334,0.));
#1964 = VECTOR('',#1965,1.);
#1965 = DIRECTION('',(0.,1.,0.));
#1966 = FACE_BOUND('',#1967,.F.);
#1967 = EDGE_LOOP('',(#1968,#1978,#1986,#1994));
#1968 = ORIENTED_EDGE('',*,*,#1969,.F.);
#1969 = EDGE_CURVE('',#1970,#1972,#1974,.T.);
#1970 = VERTEX_POINT('',#1971);
#1971 = CARTESIAN_POINT('',(112.063,-40.334,0.));
#1972 = VERTEX_POINT('',#1973);
#1973 = CARTESIAN_POINT('',(126.063,-40.334,0.));
#1974 = LINE('',#1975,#1976);
#1975 = CARTESIAN_POINT('',(112.063,-40.334,0.));
#1976 = VECTOR('',#1977,1.);
#1977 = DIRECTION('',(1.,0.,0.));
#1978 = ORIENTED_EDGE('',*,*,#1979,.F.);
#1979 = EDGE_CURVE('',#1980,#1970,#1982,.T.);
#1980 = VERTEX_POINT('',#1981);
#1981 = CARTESIAN_POINT('',(112.063,-26.334,0.));
#1982 = LINE('',#1983,#1984);
#1983 = CARTESIAN_POINT('',(112.063,-26.334,0.));
#1984 = VECTOR('',#1985,1.);
#1985 = DIRECTION('',(0.,-1.,0.));
#1986 = ORIENTED_EDGE('',*,*,#1987,.F.);
#1987 = EDGE_CURVE('',#1988,#1980,#1990,.T.);
#1988 = VERTEX_POINT('',#1989);
#1989 = CARTESIAN_POINT('',(126.063,-26.334,0.));
#1990 = LINE('',#1991,#1992);
#1991 = CARTESIAN_POINT('',(126.063,-26.334,0.));
#1992 = VECTOR('',#1993,1.);
#1993 = DIRECTION('',(-1.,0.,0.));
#1994 = ORIENTED_EDGE('',*,*,#1995,.F.);
#1995 = EDGE_CURVE('',#1972,#1988,#1996,.T.);
#1996 = LINE('',#1997,#1998);
#1997 = CARTESIAN_POINT('',(126.063,-40.334,0.));
#1998 = VECTOR('',#1999,1.);
#1999 = DIRECTION('',(0.,1.,0.));
#2000 = FACE_BOUND('',#2001,.F.);
#2001 = EDGE_LOOP('',(#2002,#2012,#2020,#2028));
#2002 = ORIENTED_EDGE('',*,*,#2003,.F.);
#2003 = EDGE_CURVE('',#2004,#2006,#2008,.T.);
#2004 = VERTEX_POINT('',#2005);
#2005 = CARTESIAN_POINT('',(131.113,-40.334,0.));
#2006 = VERTEX_POINT('',#2007);
#2007 = CARTESIAN_POINT('',(145.113,-40.334,0.));
#2008 = LINE('',#2009,#2010);
#2009 = CARTESIAN_POINT('',(131.113,-40.334,0.));
#2010 = VECTOR('',#2011,1.);
#2011 = DIRECTION('',(1.,0.,0.));
#2012 = ORIENTED_EDGE('',*,*,#2013,.F.);
#2013 = EDGE_CURVE('',#2014,#2004,#2016,.T.);
#2014 = VERTEX_POINT('',#2015);
#2015 = CARTESIAN_POINT('',(131.113,-26.334,0.));
#2016 = LINE('',#2017,#2018);
#2017 = CARTESIAN_POINT('',(131.113,-26.334,0.));
#2018 = VECTOR('',#2019,1.);
#2019 = DIRECTION('',(0.,-1.,0.));
#2020 = ORIENTED_EDGE('',*,*,#2021,.F.);
#2021 = EDGE_CURVE('',#2022,#2014,#2024,.T.);
#2022 = VERTEX_POINT('',#2023);
#2023 = CARTESIAN_POINT('',(145.113,-26.334,0.));
#2024 = LINE('',#2025,#2026);
#2025 = CARTESIAN_POINT('',(145.113,-26.334,0.));
#2026 = VECTOR('',#2027,1.);
#2027 = DIRECTION('',(-1.,0.,0.));
#2028 = ORIENTED_EDGE('',*,*,#2029,.F.);
#2029 = EDGE_CURVE('',#2006,#2022,#2030,.T.);
#2030 = LINE('',#2031,#2032);
#2031 = CARTESIAN_POINT('',(145.113,-40.334,0.));
#2032 = VECTOR('',#2033,1.);
#2033 = DIRECTION('',(0.,1.,0.));
#2034 = FACE_BOUND('',#2035,.F.);
#2035 = EDGE_LOOP('',(#2036,#2046,#2054,#2062));
#2036 = ORIENTED_EDGE('',*,*,#2037,.F.);
#2037 = EDGE_CURVE('',#2038,#2040,#2042,.T.);
#2038 = VERTEX_POINT('',#2039);
#2039 = CARTESIAN_POINT('',(150.163,-40.334,0.));
#2040 = VERTEX_POINT('',#2041);
#2041 = CARTESIAN_POINT('',(164.163,-40.334,0.));
#2042 = LINE('',#2043,#2044);
#2043 = CARTESIAN_POINT('',(150.163,-40.334,0.));
#2044 = VECTOR('',#2045,1.);
#2045 = DIRECTION('',(1.,0.,0.));
#2046 = ORIENTED_EDGE('',*,*,#2047,.F.);
#2047 = EDGE_CURVE('',#2048,#2038,#2050,.T.);
#2048 = VERTEX_POINT('',#2049);
#2049 = CARTESIAN_POINT('',(150.163,-26.334,0.));
#2050 = LINE('',#2051,#2052);
#2051 = CARTESIAN_POINT('',(150.163,-26.334,0.));
#2052 = VECTOR('',#2053,1.);
#2053 = DIRECTION('',(0.,-1.,0.));
#2054 = ORIENTED_EDGE('',*,*,#2055,.F.);
#2055 = EDGE_CURVE('',#2056,#2048,#2058,.T.);
#2056 = VERTEX_POINT('',#2057);
#2057 = CARTESIAN_POINT('',(164.163,-26.334,0.));
#2058 = LINE('',#2059,#2060);
#2059 = CARTESIAN_POINT('',(164.163,-26.334,0.));
#2060 = VECTOR('',#2061,1.);
#2061 = DIRECTION('',(-1.,0.,0.));
#2062 = ORIENTED_EDGE('',*,*,#2063,.F.);
#2063 = EDGE_CURVE('',#2040,#2056,#2064,.T.);
#2064 = LINE('',#2065,#2066);
#2065 = CARTESIAN_POINT('',(164.163,-40.334,0.));
#2066 = VECTOR('',#2067,1.);
#2067 = DIRECTION('',(0.,1.,0.));
#2068 = FACE_BOUND('',#2069,.F.);
#2069 = EDGE_LOOP('',(#2070,#2080,#2088,#2096));
#2070 = ORIENTED_EDGE('',*,*,#2071,.F.);
#2071 = EDGE_CURVE('',#2072,#2074,#2076,.T.);
#2072 = VERTEX_POINT('',#2073);
#2073 = CARTESIAN_POINT('',(7.288,-21.284,0.));
#2074 = VERTEX_POINT('',#2075);
#2075 = CARTESIAN_POINT('',(21.288,-21.284,0.));
#2076 = LINE('',#2077,#2078);
#2077 = CARTESIAN_POINT('',(7.288,-21.284,0.));
#2078 = VECTOR('',#2079,1.);
#2079 = DIRECTION('',(1.,0.,0.));
#2080 = ORIENTED_EDGE('',*,*,#2081,.F.);
#2081 = EDGE_CURVE('',#2082,#2072,#2084,.T.);
#2082 = VERTEX_POINT('',#2083);
#2083 = CARTESIAN_POINT('',(7.288,-7.284,0.));
#2084 = LINE('',#2085,#2086);
#2085 = CARTESIAN_POINT('',(7.288,-7.284,0.));
#2086 = VECTOR('',#2087,1.);
#2087 = DIRECTION('',(0.,-1.,0.));
#2088 = ORIENTED_EDGE('',*,*,#2089,.F.);
#2089 = EDGE_CURVE('',#2090,#2082,#2092,.T.);
#2090 = VERTEX_POINT('',#2091);
#2091 = CARTESIAN_POINT('',(21.288,-7.284,0.));
#2092 = LINE('',#2093,#2094);
#2093 = CARTESIAN_POINT('',(21.288,-7.284,0.));
#2094 = VECTOR('',#2095,1.);
#2095 = DIRECTION('',(-1.,0.,0.));
#2096 = ORIENTED_EDGE('',*,*,#2097,.F.);
#2097 = EDGE_CURVE('',#2074,#2090,#2098,.T.);
#2098 = LINE('',#2099,#2100);
#2099 = CARTESIAN_POINT('',(21.288,-21.284,0.));
#2100 = VECTOR('',#2101,1.);
#2101 = DIRECTION('',(0.,1.,0.));
#2102 = FACE_BOUND('',#2103,.F.);
#2103 = EDGE_LOOP('',(#2104,#2114,#2122,#2130));
#2104 = ORIENTED_EDGE('',*,*,#2105,.F.);
#2105 = EDGE_CURVE('',#2106,#2108,#2110,.T.);
#2106 = VERTEX_POINT('',#2107);
#2107 = CARTESIAN_POINT('',(26.338,-21.284,0.));
#2108 = VERTEX_POINT('',#2109);
#2109 = CARTESIAN_POINT('',(40.338,-21.284,0.));
#2110 = LINE('',#2111,#2112);
#2111 = CARTESIAN_POINT('',(26.338,-21.284,0.));
#2112 = VECTOR('',#2113,1.);
#2113 = DIRECTION('',(1.,0.,0.));
#2114 = ORIENTED_EDGE('',*,*,#2115,.F.);
#2115 = EDGE_CURVE('',#2116,#2106,#2118,.T.);
#2116 = VERTEX_POINT('',#2117);
#2117 = CARTESIAN_POINT('',(26.338,-7.284,0.));
#2118 = LINE('',#2119,#2120);
#2119 = CARTESIAN_POINT('',(26.338,-7.284,0.));
#2120 = VECTOR('',#2121,1.);
#2121 = DIRECTION('',(0.,-1.,0.));
#2122 = ORIENTED_EDGE('',*,*,#2123,.F.);
#2123 = EDGE_CURVE('',#2124,#2116,#2126,.T.);
#2124 = VERTEX_POINT('',#2125);
#2125 = CARTESIAN_POINT('',(40.338,-7.284,0.));
#2126 = LINE('',#2127,#2128);
#2127 = CARTESIAN_POINT('',(40.338,-7.284,0.));
#2128 = VECTOR('',#2129,1.);
#2129 = DIRECTION('',(-1.,0.,0.));
#2130 = ORIENTED_EDGE('',*,*,#2131,.F.);
#2131 = EDGE_CURVE('',#2108,#2124,#2132,.T.);
#2132 = LINE('',#2133,#2134);
#2133 = CARTESIAN_POINT('',(40.338,-21.284,0.));
#2134 = VECTOR('',#2135,1.);
#2135 = DIRECTION('',(0.,1.,0.));
#2136 = FACE_BOUND('',#2137,.F.);
#2137 = EDGE_LOOP('',(#2138));
#2138 = ORIENTED_EDGE('',*,*,#2139,.T.);
#2139 = EDGE_CURVE('',#2140,#2140,#2142,.T.);
#2140 = VERTEX_POINT('',#2141);
#2141 = CARTESIAN_POINT('',(2.38125,-3.48125,0.));
#2142 = CIRCLE('',#2143,1.1);
#2143 = AXIS2_PLACEMENT_3D('',#2144,#2145,#2146);
#2144 = CARTESIAN_POINT('',(2.38125,-2.38125,0.));
#2145 = DIRECTION('',(-0.,0.,-1.));
#2146 = DIRECTION('',(4.037174635001E-16,-1.,-0.));
#2147 = FACE_BOUND('',#2148,.F.);
#2148 = EDGE_LOOP('',(#2149,#2159,#2167,#2175));
#2149 = ORIENTED_EDGE('',*,*,#2150,.F.);
#2150 = EDGE_CURVE('',#2151,#2153,#2155,.T.);
#2151 = VERTEX_POINT('',#2152);
#2152 = CARTESIAN_POINT('',(45.388,-21.284,0.));
#2153 = VERTEX_POINT('',#2154);
#2154 = CARTESIAN_POINT('',(59.388,-21.284,0.));
#2155 = LINE('',#2156,#2157);
#2156 = CARTESIAN_POINT('',(45.388,-21.284,0.));
#2157 = VECTOR('',#2158,1.);
#2158 = DIRECTION('',(1.,0.,0.));
#2159 = ORIENTED_EDGE('',*,*,#2160,.F.);
#2160 = EDGE_CURVE('',#2161,#2151,#2163,.T.);
#2161 = VERTEX_POINT('',#2162);
#2162 = CARTESIAN_POINT('',(45.388,-7.284,0.));
#2163 = LINE('',#2164,#2165);
#2164 = CARTESIAN_POINT('',(45.388,-7.284,0.));
#2165 = VECTOR('',#2166,1.);
#2166 = DIRECTION('',(0.,-1.,0.));
#2167 = ORIENTED_EDGE('',*,*,#2168,.F.);
#2168 = EDGE_CURVE('',#2169,#2161,#2171,.T.);
#2169 = VERTEX_POINT('',#2170);
#2170 = CARTESIAN_POINT('',(59.388,-7.284,0.));
#2171 = LINE('',#2172,#2173);
#2172 = CARTESIAN_POINT('',(59.388,-7.284,0.));
#2173 = VECTOR('',#2174,1.);
#2174 = DIRECTION('',(-1.,0.,0.));
#2175 = ORIENTED_EDGE('',*,*,#2176,.F.);
#2176 = EDGE_CURVE('',#2153,#2169,#2177,.T.);
#2177 = LINE('',#2178,#2179);
#2178 = CARTESIAN_POINT('',(59.388,-21.284,0.));
#2179 = VECTOR('',#2180,1.);
#2180 = DIRECTION('',(0.,1.,0.));
#2181 = FACE_BOUND('',#2182,.F.);
#2182 = EDGE_LOOP('',(#2183,#2193,#2201,#2209));
#2183 = ORIENTED_EDGE('',*,*,#2184,.F.);
#2184 = EDGE_CURVE('',#2185,#2187,#2189,.T.);
#2185 = VERTEX_POINT('',#2186);
#2186 = CARTESIAN_POINT('',(64.438,-21.284,0.));
#2187 = VERTEX_POINT('',#2188);
#2188 = CARTESIAN_POINT('',(78.438,-21.284,0.));
#2189 = LINE('',#2190,#2191);
#2190 = CARTESIAN_POINT('',(64.438,-21.284,0.));
#2191 = VECTOR('',#2192,1.);
#2192 = DIRECTION('',(1.,0.,0.));
#2193 = ORIENTED_EDGE('',*,*,#2194,.F.);
#2194 = EDGE_CURVE('',#2195,#2185,#2197,.T.);
#2195 = VERTEX_POINT('',#2196);
#2196 = CARTESIAN_POINT('',(64.438,-7.284,0.));
#2197 = LINE('',#2198,#2199);
#2198 = CARTESIAN_POINT('',(64.438,-7.284,0.));
#2199 = VECTOR('',#2200,1.);
#2200 = DIRECTION('',(0.,-1.,0.));
#2201 = ORIENTED_EDGE('',*,*,#2202,.F.);
#2202 = EDGE_CURVE('',#2203,#2195,#2205,.T.);
#2203 = VERTEX_POINT('',#2204);
#2204 = CARTESIAN_POINT('',(78.438,-7.284,0.));
#2205 = LINE('',#2206,#2207);
#2206 = CARTESIAN_POINT('',(78.438,-7.284,0.));
#2207 = VECTOR('',#2208,1.);
#2208 = DIRECTION('',(-1.,0.,0.));
#2209 = ORIENTED_EDGE('',*,*,#2210,.F.);
#2210 = EDGE_CURVE('',#2187,#2203,#2211,.T.);
#2211 = LINE('',#2212,#2213);
#2212 = CARTESIAN_POINT('',(78.438,-21.284,0.));
#2213 = VECTOR('',#2214,1.);
#2214 = DIRECTION('',(0.,1.,0.));
#2215 = FACE_BOUND('',#2216,.F.);
#2216 = EDGE_LOOP('',(#2217,#2227,#2235,#2243));
#2217 = ORIENTED_EDGE('',*,*,#2218,.F.);
#2218 = EDGE_CURVE('',#2219,#2221,#2223,.T.);
#2219 = VERTEX_POINT('',#2220);
#2220 = CARTESIAN_POINT('',(83.488,-21.284,0.));
#2221 = VERTEX_POINT('',#2222);
#2222 = CARTESIAN_POINT('',(97.488,-21.284,0.));
#2223 = LINE('',#2224,#2225);
#2224 = CARTESIAN_POINT('',(83.488,-21.284,0.));
#2225 = VECTOR('',#2226,1.);
#2226 = DIRECTION('',(1.,0.,0.));
#2227 = ORIENTED_EDGE('',*,*,#2228,.F.);
#2228 = EDGE_CURVE('',#2229,#2219,#2231,.T.);
#2229 = VERTEX_POINT('',#2230);
#2230 = CARTESIAN_POINT('',(83.488,-7.284,0.));
#2231 = LINE('',#2232,#2233);
#2232 = CARTESIAN_POINT('',(83.488,-7.284,0.));
#2233 = VECTOR('',#2234,1.);
#2234 = DIRECTION('',(0.,-1.,0.));
#2235 = ORIENTED_EDGE('',*,*,#2236,.F.);
#2236 = EDGE_CURVE('',#2237,#2229,#2239,.T.);
#2237 = VERTEX_POINT('',#2238);
#2238 = CARTESIAN_POINT('',(97.488,-7.284,0.));
#2239 = LINE('',#2240,#2241);
#2240 = CARTESIAN_POINT('',(97.488,-7.284,0.));
#2241 = VECTOR('',#2242,1.);
#2242 = DIRECTION('',(-1.,0.,0.));
#2243 = ORIENTED_EDGE('',*,*,#2244,.F.);
#2244 = EDGE_CURVE('',#2221,#2237,#2245,.T.);
#2245 = LINE('',#2246,#2247);
#2246 = CARTESIAN_POINT('',(97.488,-21.284,0.));
#2247 = VECTOR('',#2248,1.);
#2248 = DIRECTION('',(0.,1.,0.));
#2249 = FACE_BOUND('',#2250,.F.);
#2250 = EDGE_LOOP('',(#2251,#2261,#2269,#2277));
#2251 = ORIENTED_EDGE('',*,*,#2252,.F.);
#2252 = EDGE_CURVE('',#2253,#2255,#2257,.T.);
#2253 = VERTEX_POINT('',#2254);
#2254 = CARTESIAN_POINT('',(102.538,-21.284,0.));
#2255 = VERTEX_POINT('',#2256);
#2256 = CARTESIAN_POINT('',(116.538,-21.284,0.));
#2257 = LINE('',#2258,#2259);
#2258 = CARTESIAN_POINT('',(102.538,-21.284,0.));
#2259 = VECTOR('',#2260,1.);
#2260 = DIRECTION('',(1.,0.,0.));
#2261 = ORIENTED_EDGE('',*,*,#2262,.F.);
#2262 = EDGE_CURVE('',#2263,#2253,#2265,.T.);
#2263 = VERTEX_POINT('',#2264);
#2264 = CARTESIAN_POINT('',(102.538,-7.284,0.));
#2265 = LINE('',#2266,#2267);
#2266 = CARTESIAN_POINT('',(102.538,-7.284,0.));
#2267 = VECTOR('',#2268,1.);
#2268 = DIRECTION('',(0.,-1.,0.));
#2269 = ORIENTED_EDGE('',*,*,#2270,.F.);
#2270 = EDGE_CURVE('',#2271,#2263,#2273,.T.);
#2271 = VERTEX_POINT('',#2272);
#2272 = CARTESIAN_POINT('',(116.538,-7.284,0.));
#2273 = LINE('',#2274,#2275);
#2274 = CARTESIAN_POINT('',(116.538,-7.284,0.));
#2275 = VECTOR('',#2276,1.);
#2276 = DIRECTION('',(-1.,0.,0.));
#2277 = ORIENTED_EDGE('',*,*,#2278,.F.);
#2278 = EDGE_CURVE('',#2255,#2271,#2279,.T.);
#2279 = LINE('',#2280,#2281);
#2280 = CARTESIAN_POINT('',(116.538,-21.284,0.));
#2281 = VECTOR('',#2282,1.);
#2282 = DIRECTION('',(0.,1.,0.));
#2283 = FACE_BOUND('',#2284,.F.);
#2284 = EDGE_LOOP('',(#2285));
#2285 = ORIENTED_EDGE('',*,*,#2286,.T.);
#2286 = EDGE_CURVE('',#2287,#2287,#2289,.T.);
#2287 = VERTEX_POINT('',#2288);
#2288 = CARTESIAN_POINT('',(108.744083,-3.48125,0.));
#2289 = CIRCLE('',#2290,1.1);
#2290 = AXIS2_PLACEMENT_3D('',#2291,#2292,#2293);
#2291 = CARTESIAN_POINT('',(108.744083,-2.38125,0.));
#2292 = DIRECTION('',(-0.,0.,-1.));
#2293 = DIRECTION('',(1.2918958832E-14,-1.,-0.));
#2294 = FACE_BOUND('',#2295,.F.);
#2295 = EDGE_LOOP('',(#2296,#2306,#2314,#2322));
#2296 = ORIENTED_EDGE('',*,*,#2297,.F.);
#2297 = EDGE_CURVE('',#2298,#2300,#2302,.T.);
#2298 = VERTEX_POINT('',#2299);
#2299 = CARTESIAN_POINT('',(121.588,-21.284,0.));
#2300 = VERTEX_POINT('',#2301);
#2301 = CARTESIAN_POINT('',(135.588,-21.284,0.));
#2302 = LINE('',#2303,#2304);
#2303 = CARTESIAN_POINT('',(121.588,-21.284,0.));
#2304 = VECTOR('',#2305,1.);
#2305 = DIRECTION('',(1.,0.,0.));
#2306 = ORIENTED_EDGE('',*,*,#2307,.F.);
#2307 = EDGE_CURVE('',#2308,#2298,#2310,.T.);
#2308 = VERTEX_POINT('',#2309);
#2309 = CARTESIAN_POINT('',(121.588,-7.284,0.));
#2310 = LINE('',#2311,#2312);
#2311 = CARTESIAN_POINT('',(121.588,-7.284,0.));
#2312 = VECTOR('',#2313,1.);
#2313 = DIRECTION('',(0.,-1.,0.));
#2314 = ORIENTED_EDGE('',*,*,#2315,.F.);
#2315 = EDGE_CURVE('',#2316,#2308,#2318,.T.);
#2316 = VERTEX_POINT('',#2317);
#2317 = CARTESIAN_POINT('',(135.588,-7.284,0.));
#2318 = LINE('',#2319,#2320);
#2319 = CARTESIAN_POINT('',(135.588,-7.284,0.));
#2320 = VECTOR('',#2321,1.);
#2321 = DIRECTION('',(-1.,0.,0.));
#2322 = ORIENTED_EDGE('',*,*,#2323,.F.);
#2323 = EDGE_CURVE('',#2300,#2316,#2324,.T.);
#2324 = LINE('',#2325,#2326);
#2325 = CARTESIAN_POINT('',(135.588,-21.284,0.));
#2326 = VECTOR('',#2327,1.);
#2327 = DIRECTION('',(0.,1.,0.));
#2328 = FACE_BOUND('',#2329,.F.);
#2329 = EDGE_LOOP('',(#2330,#2340,#2348,#2356));
#2330 = ORIENTED_EDGE('',*,*,#2331,.F.);
#2331 = EDGE_CURVE('',#2332,#2334,#2336,.T.);
#2332 = VERTEX_POINT('',#2333);
#2333 = CARTESIAN_POINT('',(140.638,-21.284,0.));
#2334 = VERTEX_POINT('',#2335);
#2335 = CARTESIAN_POINT('',(154.638,-21.284,0.));
#2336 = LINE('',#2337,#2338);
#2337 = CARTESIAN_POINT('',(140.638,-21.284,0.));
#2338 = VECTOR('',#2339,1.);
#2339 = DIRECTION('',(1.,0.,0.));
#2340 = ORIENTED_EDGE('',*,*,#2341,.F.);
#2341 = EDGE_CURVE('',#2342,#2332,#2344,.T.);
#2342 = VERTEX_POINT('',#2343);
#2343 = CARTESIAN_POINT('',(140.638,-7.284,0.));
#2344 = LINE('',#2345,#2346);
#2345 = CARTESIAN_POINT('',(140.638,-7.284,0.));
#2346 = VECTOR('',#2347,1.);
#2347 = DIRECTION('',(0.,-1.,0.));
#2348 = ORIENTED_EDGE('',*,*,#2349,.F.);
#2349 = EDGE_CURVE('',#2350,#2342,#2352,.T.);
#2350 = VERTEX_POINT('',#2351);
#2351 = CARTESIAN_POINT('',(154.638,-7.284,0.));
#2352 = LINE('',#2353,#2354);
#2353 = CARTESIAN_POINT('',(154.638,-7.284,0.));
#2354 = VECTOR('',#2355,1.);
#2355 = DIRECTION('',(-1.,0.,0.));
#2356 = ORIENTED_EDGE('',*,*,#2357,.F.);
#2357 = EDGE_CURVE('',#2334,#2350,#2358,.T.);
#2358 = LINE('',#2359,#2360);
#2359 = CARTESIAN_POINT('',(154.638,-21.284,0.));
#2360 = VECTOR('',#2361,1.);
#2361 = DIRECTION('',(0.,1.,0.));
#2362 = FACE_BOUND('',#2363,.F.);
#2363 = EDGE_LOOP('',(#2364,#2374,#2382,#2390));
#2364 = ORIENTED_EDGE('',*,*,#2365,.F.);
#2365 = EDGE_CURVE('',#2366,#2368,#2370,.T.);
#2366 = VERTEX_POINT('',#2367);
#2367 = CARTESIAN_POINT('',(154.926,-59.384,0.));
#2368 = VERTEX_POINT('',#2369);
#2369 = CARTESIAN_POINT('',(168.926,-59.384,0.));
#2370 = LINE('',#2371,#2372);
#2371 = CARTESIAN_POINT('',(154.926,-59.384,0.));
#2372 = VECTOR('',#2373,1.);
#2373 = DIRECTION('',(1.,0.,0.));
#2374 = ORIENTED_EDGE('',*,*,#2375,.F.);
#2375 = EDGE_CURVE('',#2376,#2366,#2378,.T.);
#2376 = VERTEX_POINT('',#2377);
#2377 = CARTESIAN_POINT('',(154.926,-45.384,0.));
#2378 = LINE('',#2379,#2380);
#2379 = CARTESIAN_POINT('',(154.926,-45.384,0.));
#2380 = VECTOR('',#2381,1.);
#2381 = DIRECTION('',(0.,-1.,0.));
#2382 = ORIENTED_EDGE('',*,*,#2383,.F.);
#2383 = EDGE_CURVE('',#2384,#2376,#2386,.T.);
#2384 = VERTEX_POINT('',#2385);
#2385 = CARTESIAN_POINT('',(168.926,-45.384,0.));
#2386 = LINE('',#2387,#2388);
#2387 = CARTESIAN_POINT('',(168.926,-45.384,0.));
#2388 = VECTOR('',#2389,1.);
#2389 = DIRECTION('',(-1.,0.,0.));
#2390 = ORIENTED_EDGE('',*,*,#2391,.F.);
#2391 = EDGE_CURVE('',#2368,#2384,#2392,.T.);
#2392 = LINE('',#2393,#2394);
#2393 = CARTESIAN_POINT('',(168.926,-59.384,0.));
#2394 = VECTOR('',#2395,1.);
#2395 = DIRECTION('',(0.,1.,0.));
#2396 = FACE_BOUND('',#2397,.F.);
#2397 = EDGE_LOOP('',(#2398,#2408,#2416,#2424));
#2398 = ORIENTED_EDGE('',*,*,#2399,.F.);
#2399 = EDGE_CURVE('',#2400,#2402,#2404,.T.);
#2400 = VERTEX_POINT('',#2401);
#2401 = CARTESIAN_POINT('',(173.976,-59.384,0.));
#2402 = VERTEX_POINT('',#2403);
#2403 = CARTESIAN_POINT('',(187.976,-59.384,0.));
#2404 = LINE('',#2405,#2406);
#2405 = CARTESIAN_POINT('',(173.976,-59.384,0.));
#2406 = VECTOR('',#2407,1.);
#2407 = DIRECTION('',(1.,0.,0.));
#2408 = ORIENTED_EDGE('',*,*,#2409,.F.);
#2409 = EDGE_CURVE('',#2410,#2400,#2412,.T.);
#2410 = VERTEX_POINT('',#2411);
#2411 = CARTESIAN_POINT('',(173.976,-45.384,0.));
#2412 = LINE('',#2413,#2414);
#2413 = CARTESIAN_POINT('',(173.976,-45.384,0.));
#2414 = VECTOR('',#2415,1.);
#2415 = DIRECTION('',(0.,-1.,0.));
#2416 = ORIENTED_EDGE('',*,*,#2417,.F.);
#2417 = EDGE_CURVE('',#2418,#2410,#2420,.T.);
#2418 = VERTEX_POINT('',#2419);
#2419 = CARTESIAN_POINT('',(187.976,-45.384,0.));
#2420 = LINE('',#2421,#2422);
#2421 = CARTESIAN_POINT('',(187.976,-45.384,0.));
#2422 = VECTOR('',#2423,1.);
#2423 = DIRECTION('',(-1.,0.,0.));
#2424 = ORIENTED_EDGE('',*,*,#2425,.F.);
#2425 = EDGE_CURVE('',#2402,#2418,#2426,.T.);
#2426 = LINE('',#2427,#2428);
#2427 = CARTESIAN_POINT('',(187.976,-59.384,0.));
#2428 = VECTOR('',#2429,1.);
#2429 = DIRECTION('',(0.,1.,0.));
#2430 = FACE_BOUND('',#2431,.F.);
#2431 = EDGE_LOOP('',(#2432,#2442,#2450,#2458));
#2432 = ORIENTED_EDGE('',*,*,#2433,.F.);
#2433 = EDGE_CURVE('',#2434,#2436,#2438,.T.);
#2434 = VERTEX_POINT('',#2435);
#2435 = CARTESIAN_POINT('',(193.026,-59.384,0.));
#2436 = VERTEX_POINT('',#2437);
#2437 = CARTESIAN_POINT('',(207.026,-59.384,0.));
#2438 = LINE('',#2439,#2440);
#2439 = CARTESIAN_POINT('',(193.026,-59.384,0.));
#2440 = VECTOR('',#2441,1.);
#2441 = DIRECTION('',(1.,0.,0.));
#2442 = ORIENTED_EDGE('',*,*,#2443,.F.);
#2443 = EDGE_CURVE('',#2444,#2434,#2446,.T.);
#2444 = VERTEX_POINT('',#2445);
#2445 = CARTESIAN_POINT('',(193.026,-45.384,0.));
#2446 = LINE('',#2447,#2448);
#2447 = CARTESIAN_POINT('',(193.026,-45.384,0.));
#2448 = VECTOR('',#2449,1.);
#2449 = DIRECTION('',(0.,-1.,0.));
#2450 = ORIENTED_EDGE('',*,*,#2451,.F.);
#2451 = EDGE_CURVE('',#2452,#2444,#2454,.T.);
#2452 = VERTEX_POINT('',#2453);
#2453 = CARTESIAN_POINT('',(207.026,-45.384,0.));
#2454 = LINE('',#2455,#2456);
#2455 = CARTESIAN_POINT('',(207.026,-45.384,0.));
#2456 = VECTOR('',#2457,1.);
#2457 = DIRECTION('',(-1.,0.,0.));
#2458 = ORIENTED_EDGE('',*,*,#2459,.F.);
#2459 = EDGE_CURVE('',#2436,#2452,#2460,.T.);
#2460 = LINE('',#2461,#2462);
#2461 = CARTESIAN_POINT('',(207.026,-59.384,0.));
#2462 = VECTOR('',#2463,1.);
#2463 = DIRECTION('',(0.,1.,0.));
#2464 = FACE_BOUND('',#2465,.F.);
#2465 = EDGE_LOOP('',(#2466,#2476,#2484,#2492));
#2466 = ORIENTED_EDGE('',*,*,#2467,.F.);
#2467 = EDGE_CURVE('',#2468,#2470,#2472,.T.);
#2468 = VERTEX_POINT('',#2469);
#2469 = CARTESIAN_POINT('',(212.076,-59.384,0.));
#2470 = VERTEX_POINT('',#2471);
#2471 = CARTESIAN_POINT('',(226.076,-59.384,0.));
#2472 = LINE('',#2473,#2474);
#2473 = CARTESIAN_POINT('',(212.076,-59.384,0.));
#2474 = VECTOR('',#2475,1.);
#2475 = DIRECTION('',(1.,0.,0.));
#2476 = ORIENTED_EDGE('',*,*,#2477,.F.);
#2477 = EDGE_CURVE('',#2478,#2468,#2480,.T.);
#2478 = VERTEX_POINT('',#2479);
#2479 = CARTESIAN_POINT('',(212.076,-45.384,0.));
#2480 = LINE('',#2481,#2482);
#2481 = CARTESIAN_POINT('',(212.076,-45.384,0.));
#2482 = VECTOR('',#2483,1.);
#2483 = DIRECTION('',(0.,-1.,0.));
#2484 = ORIENTED_EDGE('',*,*,#2485,.F.);
#2485 = EDGE_CURVE('',#2486,#2478,#2488,.T.);
#2486 = VERTEX_POINT('',#2487);
#2487 = CARTESIAN_POINT('',(226.076,-45.384,0.));
#2488 = LINE('',#2489,#2490);
#2489 = CARTESIAN_POINT('',(226.076,-45.384,0.));
#2490 = VECTOR('',#2491,1.);
#2491 = DIRECTION('',(-1.,0.,0.));
#2492 = ORIENTED_EDGE('',*,*,#2493,.F.);
#2493 = EDGE_CURVE('',#2470,#2486,#2494,.T.);
#2494 = LINE('',#2495,#2496);
#2495 = CARTESIAN_POINT('',(226.076,-59.384,0.));
#2496 = VECTOR('',#2497,1.);
#2497 = DIRECTION('',(0.,1.,0.));
#2498 = FACE_BOUND('',#2499,.F.);
#2499 = EDGE_LOOP('',(#2500,#2510,#2518,#2526));
#2500 = ORIENTED_EDGE('',*,*,#2501,.F.);
#2501 = EDGE_CURVE('',#2502,#2504,#2506,.T.);
#2502 = VERTEX_POINT('',#2503);
#2503 = CARTESIAN_POINT('',(231.126,-59.384,0.));
#2504 = VERTEX_POINT('',#2505);
#2505 = CARTESIAN_POINT('',(245.126,-59.384,0.));
#2506 = LINE('',#2507,#2508);
#2507 = CARTESIAN_POINT('',(231.126,-59.384,0.));
#2508 = VECTOR('',#2509,1.);
#2509 = DIRECTION('',(1.,0.,0.));
#2510 = ORIENTED_EDGE('',*,*,#2511,.F.);
#2511 = EDGE_CURVE('',#2512,#2502,#2514,.T.);
#2512 = VERTEX_POINT('',#2513);
#2513 = CARTESIAN_POINT('',(231.126,-45.384,0.));
#2514 = LINE('',#2515,#2516);
#2515 = CARTESIAN_POINT('',(231.126,-45.384,0.));
#2516 = VECTOR('',#2517,1.);
#2517 = DIRECTION('',(0.,-1.,0.));
#2518 = ORIENTED_EDGE('',*,*,#2519,.F.);
#2519 = EDGE_CURVE('',#2520,#2512,#2522,.T.);
#2520 = VERTEX_POINT('',#2521);
#2521 = CARTESIAN_POINT('',(245.126,-45.384,0.));
#2522 = LINE('',#2523,#2524);
#2523 = CARTESIAN_POINT('',(245.126,-45.384,0.));
#2524 = VECTOR('',#2525,1.);
#2525 = DIRECTION('',(-1.,0.,0.));
#2526 = ORIENTED_EDGE('',*,*,#2527,.F.);
#2527 = EDGE_CURVE('',#2504,#2520,#2528,.T.);
#2528 = LINE('',#2529,#2530);
#2529 = CARTESIAN_POINT('',(245.126,-59.384,0.));
#2530 = VECTOR('',#2531,1.);
#2531 = DIRECTION('',(0.,1.,0.));
#2532 = FACE_BOUND('',#2533,.F.);
#2533 = EDGE_LOOP('',(#2534,#2544,#2552,#2560));
#2534 = ORIENTED_EDGE('',*,*,#2535,.F.);
#2535 = EDGE_CURVE('',#2536,#2538,#2540,.T.);
#2536 = VERTEX_POINT('',#2537);
#2537 = CARTESIAN_POINT('',(169.213,-40.334,0.));
#2538 = VERTEX_POINT('',#2539);
#2539 = CARTESIAN_POINT('',(183.213,-40.334,0.));
#2540 = LINE('',#2541,#2542);
#2541 = CARTESIAN_POINT('',(169.213,-40.334,0.));
#2542 = VECTOR('',#2543,1.);
#2543 = DIRECTION('',(1.,0.,0.));
#2544 = ORIENTED_EDGE('',*,*,#2545,.F.);
#2545 = EDGE_CURVE('',#2546,#2536,#2548,.T.);
#2546 = VERTEX_POINT('',#2547);
#2547 = CARTESIAN_POINT('',(169.213,-26.334,0.));
#2548 = LINE('',#2549,#2550);
#2549 = CARTESIAN_POINT('',(169.213,-26.334,0.));
#2550 = VECTOR('',#2551,1.);
#2551 = DIRECTION('',(0.,-1.,0.));
#2552 = ORIENTED_EDGE('',*,*,#2553,.F.);
#2553 = EDGE_CURVE('',#2554,#2546,#2556,.T.);
#2554 = VERTEX_POINT('',#2555);
#2555 = CARTESIAN_POINT('',(183.213,-26.334,0.));
#2556 = LINE('',#2557,#2558);
#2557 = CARTESIAN_POINT('',(183.213,-26.334,0.));
#2558 = VECTOR('',#2559,1.);
#2559 = DIRECTION('',(-1.,0.,0.));
#2560 = ORIENTED_EDGE('',*,*,#2561,.F.);
#2561 = EDGE_CURVE('',#2538,#2554,#2562,.T.);
#2562 = LINE('',#2563,#2564);
#2563 = CARTESIAN_POINT('',(183.213,-40.334,0.));
#2564 = VECTOR('',#2565,1.);
#2565 = DIRECTION('',(0.,1.,0.));
#2566 = FACE_BOUND('',#2567,.F.);
#2567 = EDGE_LOOP('',(#2568,#2578,#2586,#2594));
#2568 = ORIENTED_EDGE('',*,*,#2569,.F.);
#2569 = EDGE_CURVE('',#2570,#2572,#2574,.T.);
#2570 = VERTEX_POINT('',#2571);
#2571 = CARTESIAN_POINT('',(188.263,-40.334,0.));
#2572 = VERTEX_POINT('',#2573);
#2573 = CARTESIAN_POINT('',(202.263,-40.334,0.));
#2574 = LINE('',#2575,#2576);
#2575 = CARTESIAN_POINT('',(188.263,-40.334,0.));
#2576 = VECTOR('',#2577,1.);
#2577 = DIRECTION('',(1.,0.,0.));
#2578 = ORIENTED_EDGE('',*,*,#2579,.F.);
#2579 = EDGE_CURVE('',#2580,#2570,#2582,.T.);
#2580 = VERTEX_POINT('',#2581);
#2581 = CARTESIAN_POINT('',(188.263,-26.334,0.));
#2582 = LINE('',#2583,#2584);
#2583 = CARTESIAN_POINT('',(188.263,-26.334,0.));
#2584 = VECTOR('',#2585,1.);
#2585 = DIRECTION('',(0.,-1.,0.));
#2586 = ORIENTED_EDGE('',*,*,#2587,.F.);
#2587 = EDGE_CURVE('',#2588,#2580,#2590,.T.);
#2588 = VERTEX_POINT('',#2589);
#2589 = CARTESIAN_POINT('',(202.263,-26.334,0.));
#2590 = LINE('',#2591,#2592);
#2591 = CARTESIAN_POINT('',(202.263,-26.334,0.));
#2592 = VECTOR('',#2593,1.);
#2593 = DIRECTION('',(-1.,0.,0.));
#2594 = ORIENTED_EDGE('',*,*,#2595,.F.);
#2595 = EDGE_CURVE('',#2572,#2588,#2596,.T.);
#2596 = LINE('',#2597,#2598);
#2597 = CARTESIAN_POINT('',(202.263,-40.334,0.));
#2598 = VECTOR('',#2599,1.);
#2599 = DIRECTION('',(0.,1.,0.));
#2600 = FACE_BOUND('',#2601,.F.);
#2601 = EDGE_LOOP('',(#2602,#2612,#2620,#2628));
#2602 = ORIENTED_EDGE('',*,*,#2603,.F.);
#2603 = EDGE_CURVE('',#2604,#2606,#2608,.T.);
#2604 = VERTEX_POINT('',#2605);
#2605 = CARTESIAN_POINT('',(207.313,-40.334,0.));
#2606 = VERTEX_POINT('',#2607);
#2607 = CARTESIAN_POINT('',(221.313,-40.334,0.));
#2608 = LINE('',#2609,#2610);
#2609 = CARTESIAN_POINT('',(207.313,-40.334,0.));
#2610 = VECTOR('',#2611,1.);
#2611 = DIRECTION('',(1.,0.,0.));
#2612 = ORIENTED_EDGE('',*,*,#2613,.F.);
#2613 = EDGE_CURVE('',#2614,#2604,#2616,.T.);
#2614 = VERTEX_POINT('',#2615);
#2615 = CARTESIAN_POINT('',(207.313,-26.334,0.));
#2616 = LINE('',#2617,#2618);
#2617 = CARTESIAN_POINT('',(207.313,-26.334,0.));
#2618 = VECTOR('',#2619,1.);
#2619 = DIRECTION('',(0.,-1.,0.));
#2620 = ORIENTED_EDGE('',*,*,#2621,.F.);
#2621 = EDGE_CURVE('',#2622,#2614,#2624,.T.);
#2622 = VERTEX_POINT('',#2623);
#2623 = CARTESIAN_POINT('',(221.313,-26.334,0.));
#2624 = LINE('',#2625,#2626);
#2625 = CARTESIAN_POINT('',(221.313,-26.334,0.));
#2626 = VECTOR('',#2627,1.);
#2627 = DIRECTION('',(-1.,0.,0.));
#2628 = ORIENTED_EDGE('',*,*,#2629,.F.);
#2629 = EDGE_CURVE('',#2606,#2622,#2630,.T.);
#2630 = LINE('',#2631,#2632);
#2631 = CARTESIAN_POINT('',(221.313,-40.334,0.));
#2632 = VECTOR('',#2633,1.);
#2633 = DIRECTION('',(0.,1.,0.));
#2634 = FACE_BOUND('',#2635,.F.);
#2635 = EDGE_LOOP('',(#2636,#2646,#2654,#2662));
#2636 = ORIENTED_EDGE('',*,*,#2637,.F.);
#2637 = EDGE_CURVE('',#2638,#2640,#2642,.T.);
#2638 = VERTEX_POINT('',#2639);
#2639 = CARTESIAN_POINT('',(226.363,-40.334,0.));
#2640 = VERTEX_POINT('',#2641);
#2641 = CARTESIAN_POINT('',(240.363,-40.334,0.));
#2642 = LINE('',#2643,#2644);
#2643 = CARTESIAN_POINT('',(226.363,-40.334,0.));
#2644 = VECTOR('',#2645,1.);
#2645 = DIRECTION('',(1.,0.,0.));
#2646 = ORIENTED_EDGE('',*,*,#2647,.F.);
#2647 = EDGE_CURVE('',#2648,#2638,#2650,.T.);
#2648 = VERTEX_POINT('',#2649);
#2649 = CARTESIAN_POINT('',(226.363,-26.334,0.));
#2650 = LINE('',#2651,#2652);
#2651 = CARTESIAN_POINT('',(226.363,-26.334,0.));
#2652 = VECTOR('',#2653,1.);
#2653 = DIRECTION('',(0.,-1.,0.));
#2654 = ORIENTED_EDGE('',*,*,#2655,.F.);
#2655 = EDGE_CURVE('',#2656,#2648,#2658,.T.);
#2656 = VERTEX_POINT('',#2657);
#2657 = CARTESIAN_POINT('',(240.363,-26.334,0.));
#2658 = LINE('',#2659,#2660);
#2659 = CARTESIAN_POINT('',(240.363,-26.334,0.));
#2660 = VECTOR('',#2661,1.);
#2661 = DIRECTION('',(-1.,0.,0.));
#2662 = ORIENTED_EDGE('',*,*,#2663,.F.);
#2663 = EDGE_CURVE('',#2640,#2656,#2664,.T.);
#2664 = LINE('',#2665,#2666);
#2665 = CARTESIAN_POINT('',(240.363,-40.334,0.));
#2666 = VECTOR('',#2667,1.);
#2667 = DIRECTION('',(0.,1.,0.));
#2668 = FACE_BOUND('',#2669,.F.);
#2669 = EDGE_LOOP('',(#2670,#2680,#2688,#2696,#2704,#2712,#2720,#2728,
    #2736,#2744,#2752,#2760,#2768,#2776,#2784,#2792,#2800,#2808,#2816,
    #2824,#2832,#2840,#2848,#2856,#2864,#2872,#2880,#2888,#2896,#2904,
    #2912,#2920,#2928,#2936,#2944,#2952));
#2670 = ORIENTED_EDGE('',*,*,#2671,.F.);
#2671 = EDGE_CURVE('',#2672,#2674,#2676,.T.);
#2672 = VERTEX_POINT('',#2673);
#2673 = CARTESIAN_POINT('',(262.082,-50.084,0.));
#2674 = VERTEX_POINT('',#2675);
#2675 = CARTESIAN_POINT('',(260.557,-50.084,0.));
#2676 = LINE('',#2677,#2678);
#2677 = CARTESIAN_POINT('',(262.082,-50.084,0.));
#2678 = VECTOR('',#2679,1.);
#2679 = DIRECTION('',(-1.,0.,0.));
#2680 = ORIENTED_EDGE('',*,*,#2681,.F.);
#2681 = EDGE_CURVE('',#2682,#2672,#2684,.T.);
#2682 = VERTEX_POINT('',#2683);
#2683 = CARTESIAN_POINT('',(262.082,-45.384,0.));
#2684 = LINE('',#2685,#2686);
#2685 = CARTESIAN_POINT('',(262.082,-45.384,0.));
#2686 = VECTOR('',#2687,1.);
#2687 = DIRECTION('',(0.,-1.,0.));
#2688 = ORIENTED_EDGE('',*,*,#2689,.F.);
#2689 = EDGE_CURVE('',#2690,#2682,#2692,.T.);
#2690 = VERTEX_POINT('',#2691);
#2691 = CARTESIAN_POINT('',(276.082,-45.384,0.));
#2692 = LINE('',#2693,#2694);
#2693 = CARTESIAN_POINT('',(276.082,-45.384,0.));
#2694 = VECTOR('',#2695,1.);
#2695 = DIRECTION('',(-1.,0.,0.));
#2696 = ORIENTED_EDGE('',*,*,#2697,.F.);
#2697 = EDGE_CURVE('',#2698,#2690,#2700,.T.);
#2698 = VERTEX_POINT('',#2699);
#2699 = CARTESIAN_POINT('',(276.082,-50.084,0.));
#2700 = LINE('',#2701,#2702);
#2701 = CARTESIAN_POINT('',(276.082,-50.084,0.));
#2702 = VECTOR('',#2703,1.);
#2703 = DIRECTION('',(0.,1.,0.));
#2704 = ORIENTED_EDGE('',*,*,#2705,.F.);
#2705 = EDGE_CURVE('',#2706,#2698,#2708,.T.);
#2706 = VERTEX_POINT('',#2707);
#2707 = CARTESIAN_POINT('',(277.607,-50.084,0.));
#2708 = LINE('',#2709,#2710);
#2709 = CARTESIAN_POINT('',(277.607,-50.084,0.));
#2710 = VECTOR('',#2711,1.);
#2711 = DIRECTION('',(-1.,0.,0.));
#2712 = ORIENTED_EDGE('',*,*,#2713,.F.);
#2713 = EDGE_CURVE('',#2714,#2706,#2716,.T.);
#2714 = VERTEX_POINT('',#2715);
#2715 = CARTESIAN_POINT('',(277.607,-46.854,0.));
#2716 = LINE('',#2717,#2718);
#2717 = CARTESIAN_POINT('',(277.607,-46.854,0.));
#2718 = VECTOR('',#2719,1.);
#2719 = DIRECTION('',(0.,-1.,0.));
#2720 = ORIENTED_EDGE('',*,*,#2721,.F.);
#2721 = EDGE_CURVE('',#2722,#2714,#2724,.T.);
#2722 = VERTEX_POINT('',#2723);
#2723 = CARTESIAN_POINT('',(284.357,-46.854,0.));
#2724 = LINE('',#2725,#2726);
#2725 = CARTESIAN_POINT('',(284.357,-46.854,0.));
#2726 = VECTOR('',#2727,1.);
#2727 = DIRECTION('',(-1.,0.,0.));
#2728 = ORIENTED_EDGE('',*,*,#2729,.F.);
#2729 = EDGE_CURVE('',#2730,#2722,#2732,.T.);
#2730 = VERTEX_POINT('',#2731);
#2731 = CARTESIAN_POINT('',(284.357,-50.084,0.));
#2732 = LINE('',#2733,#2734);
#2733 = CARTESIAN_POINT('',(284.357,-50.084,0.));
#2734 = VECTOR('',#2735,1.);
#2735 = DIRECTION('',(0.,1.,0.));
#2736 = ORIENTED_EDGE('',*,*,#2737,.F.);
#2737 = EDGE_CURVE('',#2738,#2730,#2740,.T.);
#2738 = VERTEX_POINT('',#2739);
#2739 = CARTESIAN_POINT('',(285.182,-50.084,0.));
#2740 = LINE('',#2741,#2742);
#2741 = CARTESIAN_POINT('',(285.182,-50.084,0.));
#2742 = VECTOR('',#2743,1.);
#2743 = DIRECTION('',(-1.,0.,0.));
#2744 = ORIENTED_EDGE('',*,*,#2745,.F.);
#2745 = EDGE_CURVE('',#2746,#2738,#2748,.T.);
#2746 = VERTEX_POINT('',#2747);
#2747 = CARTESIAN_POINT('',(285.182,-52.884,0.));
#2748 = LINE('',#2749,#2750);
#2749 = CARTESIAN_POINT('',(285.182,-52.884,0.));
#2750 = VECTOR('',#2751,1.);
#2751 = DIRECTION('',(0.,1.,0.));
#2752 = ORIENTED_EDGE('',*,*,#2753,.F.);
#2753 = EDGE_CURVE('',#2754,#2746,#2756,.T.);
#2754 = VERTEX_POINT('',#2755);
#2755 = CARTESIAN_POINT('',(284.357,-52.884,0.));
#2756 = LINE('',#2757,#2758);
#2757 = CARTESIAN_POINT('',(284.357,-52.884,0.));
#2758 = VECTOR('',#2759,1.);
#2759 = DIRECTION('',(1.,0.,0.));
#2760 = ORIENTED_EDGE('',*,*,#2761,.F.);
#2761 = EDGE_CURVE('',#2762,#2754,#2764,.T.);
#2762 = VERTEX_POINT('',#2763);
#2763 = CARTESIAN_POINT('',(284.357,-59.154,0.));
#2764 = LINE('',#2765,#2766);
#2765 = CARTESIAN_POINT('',(284.357,-59.154,0.));
#2766 = VECTOR('',#2767,1.);
#2767 = DIRECTION('',(0.,1.,0.));
#2768 = ORIENTED_EDGE('',*,*,#2769,.F.);
#2769 = EDGE_CURVE('',#2770,#2762,#2772,.T.);
#2770 = VERTEX_POINT('',#2771);
#2771 = CARTESIAN_POINT('',(282.632,-59.154,0.));
#2772 = LINE('',#2773,#2774);
#2773 = CARTESIAN_POINT('',(282.632,-59.154,0.));
#2774 = VECTOR('',#2775,1.);
#2775 = DIRECTION('',(1.,0.,0.));
#2776 = ORIENTED_EDGE('',*,*,#2777,.F.);
#2777 = EDGE_CURVE('',#2778,#2770,#2780,.T.);
#2778 = VERTEX_POINT('',#2779);
#2779 = CARTESIAN_POINT('',(282.632,-60.354,0.));
#2780 = LINE('',#2781,#2782);
#2781 = CARTESIAN_POINT('',(282.632,-60.354,0.));
#2782 = VECTOR('',#2783,1.);
#2783 = DIRECTION('',(0.,1.,0.));
#2784 = ORIENTED_EDGE('',*,*,#2785,.F.);
#2785 = EDGE_CURVE('',#2786,#2778,#2788,.T.);
#2786 = VERTEX_POINT('',#2787);
#2787 = CARTESIAN_POINT('',(279.332,-60.354,0.));
#2788 = LINE('',#2789,#2790);
#2789 = CARTESIAN_POINT('',(279.332,-60.354,0.));
#2790 = VECTOR('',#2791,1.);
#2791 = DIRECTION('',(1.,0.,0.));
#2792 = ORIENTED_EDGE('',*,*,#2793,.F.);
#2793 = EDGE_CURVE('',#2794,#2786,#2796,.T.);
#2794 = VERTEX_POINT('',#2795);
#2795 = CARTESIAN_POINT('',(279.332,-59.154,0.));
#2796 = LINE('',#2797,#2798);
#2797 = CARTESIAN_POINT('',(279.332,-59.154,0.));
#2798 = VECTOR('',#2799,1.);
#2799 = DIRECTION('',(0.,-1.,0.));
#2800 = ORIENTED_EDGE('',*,*,#2801,.F.);
#2801 = EDGE_CURVE('',#2802,#2794,#2804,.T.);
#2802 = VERTEX_POINT('',#2803);
#2803 = CARTESIAN_POINT('',(277.607,-59.154,0.));
#2804 = LINE('',#2805,#2806);
#2805 = CARTESIAN_POINT('',(277.607,-59.154,0.));
#2806 = VECTOR('',#2807,1.);
#2807 = DIRECTION('',(1.,0.,0.));
#2808 = ORIENTED_EDGE('',*,*,#2809,.F.);
#2809 = EDGE_CURVE('',#2810,#2802,#2812,.T.);
#2810 = VERTEX_POINT('',#2811);
#2811 = CARTESIAN_POINT('',(277.607,-54.684,0.));
#2812 = LINE('',#2813,#2814);
#2813 = CARTESIAN_POINT('',(277.607,-54.684,0.));
#2814 = VECTOR('',#2815,1.);
#2815 = DIRECTION('',(0.,-1.,0.));
#2816 = ORIENTED_EDGE('',*,*,#2817,.F.);
#2817 = EDGE_CURVE('',#2818,#2810,#2820,.T.);
#2818 = VERTEX_POINT('',#2819);
#2819 = CARTESIAN_POINT('',(276.082,-54.684,0.));
#2820 = LINE('',#2821,#2822);
#2821 = CARTESIAN_POINT('',(276.082,-54.684,0.));
#2822 = VECTOR('',#2823,1.);
#2823 = DIRECTION('',(1.,0.,0.));
#2824 = ORIENTED_EDGE('',*,*,#2825,.F.);
#2825 = EDGE_CURVE('',#2826,#2818,#2828,.T.);
#2826 = VERTEX_POINT('',#2827);
#2827 = CARTESIAN_POINT('',(276.082,-59.384,0.));
#2828 = LINE('',#2829,#2830);
#2829 = CARTESIAN_POINT('',(276.082,-59.384,0.));
#2830 = VECTOR('',#2831,1.);
#2831 = DIRECTION('',(0.,1.,0.));
#2832 = ORIENTED_EDGE('',*,*,#2833,.F.);
#2833 = EDGE_CURVE('',#2834,#2826,#2836,.T.);
#2834 = VERTEX_POINT('',#2835);
#2835 = CARTESIAN_POINT('',(262.082,-59.384,0.));
#2836 = LINE('',#2837,#2838);
#2837 = CARTESIAN_POINT('',(262.082,-59.384,0.));
#2838 = VECTOR('',#2839,1.);
#2839 = DIRECTION('',(1.,0.,0.));
#2840 = ORIENTED_EDGE('',*,*,#2841,.F.);
#2841 = EDGE_CURVE('',#2842,#2834,#2844,.T.);
#2842 = VERTEX_POINT('',#2843);
#2843 = CARTESIAN_POINT('',(262.082,-54.684,0.));
#2844 = LINE('',#2845,#2846);
#2845 = CARTESIAN_POINT('',(262.082,-54.684,0.));
#2846 = VECTOR('',#2847,1.);
#2847 = DIRECTION('',(0.,-1.,0.));
#2848 = ORIENTED_EDGE('',*,*,#2849,.F.);
#2849 = EDGE_CURVE('',#2850,#2842,#2852,.T.);
#2850 = VERTEX_POINT('',#2851);
#2851 = CARTESIAN_POINT('',(260.557,-54.684,0.));
#2852 = LINE('',#2853,#2854);
#2853 = CARTESIAN_POINT('',(260.557,-54.684,0.));
#2854 = VECTOR('',#2855,1.);
#2855 = DIRECTION('',(1.,0.,0.));
#2856 = ORIENTED_EDGE('',*,*,#2857,.F.);
#2857 = EDGE_CURVE('',#2858,#2850,#2860,.T.);
#2858 = VERTEX_POINT('',#2859);
#2859 = CARTESIAN_POINT('',(260.557,-59.154,0.));
#2860 = LINE('',#2861,#2862);
#2861 = CARTESIAN_POINT('',(260.557,-59.154,0.));
#2862 = VECTOR('',#2863,1.);
#2863 = DIRECTION('',(0.,1.,0.));
#2864 = ORIENTED_EDGE('',*,*,#2865,.F.);
#2865 = EDGE_CURVE('',#2866,#2858,#2868,.T.);
#2866 = VERTEX_POINT('',#2867);
#2867 = CARTESIAN_POINT('',(258.832,-59.154,0.));
#2868 = LINE('',#2869,#2870);
#2869 = CARTESIAN_POINT('',(258.832,-59.154,0.));
#2870 = VECTOR('',#2871,1.);
#2871 = DIRECTION('',(1.,0.,0.));
#2872 = ORIENTED_EDGE('',*,*,#2873,.F.);
#2873 = EDGE_CURVE('',#2874,#2866,#2876,.T.);
#2874 = VERTEX_POINT('',#2875);
#2875 = CARTESIAN_POINT('',(258.832,-60.354,0.));
#2876 = LINE('',#2877,#2878);
#2877 = CARTESIAN_POINT('',(258.832,-60.354,0.));
#2878 = VECTOR('',#2879,1.);
#2879 = DIRECTION('',(0.,1.,0.));
#2880 = ORIENTED_EDGE('',*,*,#2881,.F.);
#2881 = EDGE_CURVE('',#2882,#2874,#2884,.T.);
#2882 = VERTEX_POINT('',#2883);
#2883 = CARTESIAN_POINT('',(255.532,-60.354,0.));
#2884 = LINE('',#2885,#2886);
#2885 = CARTESIAN_POINT('',(255.532,-60.354,0.));
#2886 = VECTOR('',#2887,1.);
#2887 = DIRECTION('',(1.,0.,0.));
#2888 = ORIENTED_EDGE('',*,*,#2889,.F.);
#2889 = EDGE_CURVE('',#2890,#2882,#2892,.T.);
#2890 = VERTEX_POINT('',#2891);
#2891 = CARTESIAN_POINT('',(255.532,-59.154,0.));
#2892 = LINE('',#2893,#2894);
#2893 = CARTESIAN_POINT('',(255.532,-59.154,0.));
#2894 = VECTOR('',#2895,1.);
#2895 = DIRECTION('',(0.,-1.,0.));
#2896 = ORIENTED_EDGE('',*,*,#2897,.F.);
#2897 = EDGE_CURVE('',#2898,#2890,#2900,.T.);
#2898 = VERTEX_POINT('',#2899);
#2899 = CARTESIAN_POINT('',(253.806,-59.154,0.));
#2900 = LINE('',#2901,#2902);
#2901 = CARTESIAN_POINT('',(253.806,-59.154,0.));
#2902 = VECTOR('',#2903,1.);
#2903 = DIRECTION('',(1.,0.,0.));
#2904 = ORIENTED_EDGE('',*,*,#2905,.F.);
#2905 = EDGE_CURVE('',#2906,#2898,#2908,.T.);
#2906 = VERTEX_POINT('',#2907);
#2907 = CARTESIAN_POINT('',(253.806,-52.884,0.));
#2908 = LINE('',#2909,#2910);
#2909 = CARTESIAN_POINT('',(253.806,-52.884,0.));
#2910 = VECTOR('',#2911,1.);
#2911 = DIRECTION('',(0.,-1.,0.));
#2912 = ORIENTED_EDGE('',*,*,#2913,.F.);
#2913 = EDGE_CURVE('',#2914,#2906,#2916,.T.);
#2914 = VERTEX_POINT('',#2915);
#2915 = CARTESIAN_POINT('',(252.982,-52.884,0.));
#2916 = LINE('',#2917,#2918);
#2917 = CARTESIAN_POINT('',(252.982,-52.884,0.));
#2918 = VECTOR('',#2919,1.);
#2919 = DIRECTION('',(1.,0.,0.));
#2920 = ORIENTED_EDGE('',*,*,#2921,.F.);
#2921 = EDGE_CURVE('',#2922,#2914,#2924,.T.);
#2922 = VERTEX_POINT('',#2923);
#2923 = CARTESIAN_POINT('',(252.982,-50.084,0.));
#2924 = LINE('',#2925,#2926);
#2925 = CARTESIAN_POINT('',(252.982,-50.084,0.));
#2926 = VECTOR('',#2927,1.);
#2927 = DIRECTION('',(0.,-1.,0.));
#2928 = ORIENTED_EDGE('',*,*,#2929,.F.);
#2929 = EDGE_CURVE('',#2930,#2922,#2932,.T.);
#2930 = VERTEX_POINT('',#2931);
#2931 = CARTESIAN_POINT('',(253.806,-50.084,0.));
#2932 = LINE('',#2933,#2934);
#2933 = CARTESIAN_POINT('',(253.806,-50.084,0.));
#2934 = VECTOR('',#2935,1.);
#2935 = DIRECTION('',(-1.,0.,0.));
#2936 = ORIENTED_EDGE('',*,*,#2937,.F.);
#2937 = EDGE_CURVE('',#2938,#2930,#2940,.T.);
#2938 = VERTEX_POINT('',#2939);
#2939 = CARTESIAN_POINT('',(253.806,-46.854,0.));
#2940 = LINE('',#2941,#2942);
#2941 = CARTESIAN_POINT('',(253.806,-46.854,0.));
#2942 = VECTOR('',#2943,1.);
#2943 = DIRECTION('',(0.,-1.,0.));
#2944 = ORIENTED_EDGE('',*,*,#2945,.F.);
#2945 = EDGE_CURVE('',#2946,#2938,#2948,.T.);
#2946 = VERTEX_POINT('',#2947);
#2947 = CARTESIAN_POINT('',(260.557,-46.854,0.));
#2948 = LINE('',#2949,#2950);
#2949 = CARTESIAN_POINT('',(260.557,-46.854,0.));
#2950 = VECTOR('',#2951,1.);
#2951 = DIRECTION('',(-1.,0.,0.));
#2952 = ORIENTED_EDGE('',*,*,#2953,.F.);
#2953 = EDGE_CURVE('',#2674,#2946,#2954,.T.);
#2954 = LINE('',#2955,#2956);
#2955 = CARTESIAN_POINT('',(260.557,-50.084,0.));
#2956 = VECTOR('',#2957,1.);
#2957 = DIRECTION('',(0.,1.,0.));
#2958 = FACE_BOUND('',#2959,.F.);
#2959 = EDGE_LOOP('',(#2960,#2970,#2978,#2986));
#2960 = ORIENTED_EDGE('',*,*,#2961,.F.);
#2961 = EDGE_CURVE('',#2962,#2964,#2966,.T.);
#2962 = VERTEX_POINT('',#2963);
#2963 = CARTESIAN_POINT('',(245.413,-40.334,0.));
#2964 = VERTEX_POINT('',#2965);
#2965 = CARTESIAN_POINT('',(259.413,-40.334,0.));
#2966 = LINE('',#2967,#2968);
#2967 = CARTESIAN_POINT('',(245.413,-40.334,0.));
#2968 = VECTOR('',#2969,1.);
#2969 = DIRECTION('',(1.,0.,0.));
#2970 = ORIENTED_EDGE('',*,*,#2971,.F.);
#2971 = EDGE_CURVE('',#2972,#2962,#2974,.T.);
#2972 = VERTEX_POINT('',#2973);
#2973 = CARTESIAN_POINT('',(245.413,-26.334,0.));
#2974 = LINE('',#2975,#2976);
#2975 = CARTESIAN_POINT('',(245.413,-26.334,0.));
#2976 = VECTOR('',#2977,1.);
#2977 = DIRECTION('',(0.,-1.,0.));
#2978 = ORIENTED_EDGE('',*,*,#2979,.F.);
#2979 = EDGE_CURVE('',#2980,#2972,#2982,.T.);
#2980 = VERTEX_POINT('',#2981);
#2981 = CARTESIAN_POINT('',(259.413,-26.334,0.));
#2982 = LINE('',#2983,#2984);
#2983 = CARTESIAN_POINT('',(259.413,-26.334,0.));
#2984 = VECTOR('',#2985,1.);
#2985 = DIRECTION('',(-1.,0.,0.));
#2986 = ORIENTED_EDGE('',*,*,#2987,.F.);
#2987 = EDGE_CURVE('',#2964,#2980,#2988,.T.);
#2988 = LINE('',#2989,#2990);
#2989 = CARTESIAN_POINT('',(259.413,-40.334,0.));
#2990 = VECTOR('',#2991,1.);
#2991 = DIRECTION('',(0.,1.,0.));
#2992 = FACE_BOUND('',#2993,.F.);
#2993 = EDGE_LOOP('',(#2994,#3004,#3012,#3020));
#2994 = ORIENTED_EDGE('',*,*,#2995,.F.);
#2995 = EDGE_CURVE('',#2996,#2998,#3000,.T.);
#2996 = VERTEX_POINT('',#2997);
#2997 = CARTESIAN_POINT('',(269.226,-40.334,0.));
#2998 = VERTEX_POINT('',#2999);
#2999 = CARTESIAN_POINT('',(283.226,-40.334,0.));
#3000 = LINE('',#3001,#3002);
#3001 = CARTESIAN_POINT('',(269.226,-40.334,0.));
#3002 = VECTOR('',#3003,1.);
#3003 = DIRECTION('',(1.,0.,0.));
#3004 = ORIENTED_EDGE('',*,*,#3005,.F.);
#3005 = EDGE_CURVE('',#3006,#2996,#3008,.T.);
#3006 = VERTEX_POINT('',#3007);
#3007 = CARTESIAN_POINT('',(269.226,-26.334,0.));
#3008 = LINE('',#3009,#3010);
#3009 = CARTESIAN_POINT('',(269.226,-26.334,0.));
#3010 = VECTOR('',#3011,1.);
#3011 = DIRECTION('',(0.,-1.,0.));
#3012 = ORIENTED_EDGE('',*,*,#3013,.F.);
#3013 = EDGE_CURVE('',#3014,#3006,#3016,.T.);
#3014 = VERTEX_POINT('',#3015);
#3015 = CARTESIAN_POINT('',(283.226,-26.334,0.));
#3016 = LINE('',#3017,#3018);
#3017 = CARTESIAN_POINT('',(283.226,-26.334,0.));
#3018 = VECTOR('',#3019,1.);
#3019 = DIRECTION('',(-1.,0.,0.));
#3020 = ORIENTED_EDGE('',*,*,#3021,.F.);
#3021 = EDGE_CURVE('',#2998,#3014,#3022,.T.);
#3022 = LINE('',#3023,#3024);
#3023 = CARTESIAN_POINT('',(283.226,-40.334,0.));
#3024 = VECTOR('',#3025,1.);
#3025 = DIRECTION('',(0.,1.,0.));
#3026 = FACE_BOUND('',#3027,.F.);
#3027 = EDGE_LOOP('',(#3028,#3038,#3046,#3054));
#3028 = ORIENTED_EDGE('',*,*,#3029,.F.);
#3029 = EDGE_CURVE('',#3030,#3032,#3034,.T.);
#3030 = VERTEX_POINT('',#3031);
#3031 = CARTESIAN_POINT('',(296.826915,-56.85735,0.));
#3032 = VERTEX_POINT('',#3033);
#3033 = CARTESIAN_POINT('',(299.765915,-56.85735,0.));
#3034 = LINE('',#3035,#3036);
#3035 = CARTESIAN_POINT('',(296.826915,-56.85735,0.));
#3036 = VECTOR('',#3037,1.);
#3037 = DIRECTION('',(1.,0.,0.));
#3038 = ORIENTED_EDGE('',*,*,#3039,.F.);
#3039 = EDGE_CURVE('',#3040,#3030,#3042,.T.);
#3040 = VERTEX_POINT('',#3041);
#3041 = CARTESIAN_POINT('',(296.826915,-5.05825,0.));
#3042 = LINE('',#3043,#3044);
#3043 = CARTESIAN_POINT('',(296.826915,-5.05825,0.));
#3044 = VECTOR('',#3045,1.);
#3045 = DIRECTION('',(0.,-1.,0.));
#3046 = ORIENTED_EDGE('',*,*,#3047,.F.);
#3047 = EDGE_CURVE('',#3048,#3040,#3050,.T.);
#3048 = VERTEX_POINT('',#3049);
#3049 = CARTESIAN_POINT('',(299.765915,-5.05825,0.));
#3050 = LINE('',#3051,#3052);
#3051 = CARTESIAN_POINT('',(299.765915,-5.05825,0.));
#3052 = VECTOR('',#3053,1.);
#3053 = DIRECTION('',(-1.,0.,0.));
#3054 = ORIENTED_EDGE('',*,*,#3055,.F.);
#3055 = EDGE_CURVE('',#3032,#3048,#3056,.T.);
#3056 = LINE('',#3057,#3058);
#3057 = CARTESIAN_POINT('',(299.765915,-56.85735,0.));
#3058 = VECTOR('',#3059,1.);
#3059 = DIRECTION('',(0.,1.,0.));
#3060 = FACE_BOUND('',#3061,.F.);
#3061 = EDGE_LOOP('',(#3062,#3072,#3080,#3088));
#3062 = ORIENTED_EDGE('',*,*,#3063,.F.);
#3063 = EDGE_CURVE('',#3064,#3066,#3068,.T.);
#3064 = VERTEX_POINT('',#3065);
#3065 = CARTESIAN_POINT('',(314.605915,-56.85735,0.));
#3066 = VERTEX_POINT('',#3067);
#3067 = CARTESIAN_POINT('',(317.546915,-56.85735,0.));
#3068 = LINE('',#3069,#3070);
#3069 = CARTESIAN_POINT('',(314.605915,-56.85735,0.));
#3070 = VECTOR('',#3071,1.);
#3071 = DIRECTION('',(1.,0.,0.));
#3072 = ORIENTED_EDGE('',*,*,#3073,.F.);
#3073 = EDGE_CURVE('',#3074,#3064,#3076,.T.);
#3074 = VERTEX_POINT('',#3075);
#3075 = CARTESIAN_POINT('',(314.605915,-5.05825,0.));
#3076 = LINE('',#3077,#3078);
#3077 = CARTESIAN_POINT('',(314.605915,-5.05825,0.));
#3078 = VECTOR('',#3079,1.);
#3079 = DIRECTION('',(0.,-1.,0.));
#3080 = ORIENTED_EDGE('',*,*,#3081,.F.);
#3081 = EDGE_CURVE('',#3082,#3074,#3084,.T.);
#3082 = VERTEX_POINT('',#3083);
#3083 = CARTESIAN_POINT('',(317.546915,-5.05825,0.));
#3084 = LINE('',#3085,#3086);
#3085 = CARTESIAN_POINT('',(317.546915,-5.05825,0.));
#3086 = VECTOR('',#3087,1.);
#3087 = DIRECTION('',(-1.,0.,0.));
#3088 = ORIENTED_EDGE('',*,*,#3089,.F.);
#3089 = EDGE_CURVE('',#3066,#3082,#3090,.T.);
#3090 = LINE('',#3091,#3092);
#3091 = CARTESIAN_POINT('',(317.546915,-56.85735,0.));
#3092 = VECTOR('',#3093,1.);
#3093 = DIRECTION('',(0.,1.,0.));
#3094 = FACE_BOUND('',#3095,.F.);
#3095 = EDGE_LOOP('',(#3096,#3106,#3114,#3122));
#3096 = ORIENTED_EDGE('',*,*,#3097,.F.);
#3097 = EDGE_CURVE('',#3098,#3100,#3102,.T.);
#3098 = VERTEX_POINT('',#3099);
#3099 = CARTESIAN_POINT('',(159.688,-21.284,0.));
#3100 = VERTEX_POINT('',#3101);
#3101 = CARTESIAN_POINT('',(173.688,-21.284,0.));
#3102 = LINE('',#3103,#3104);
#3103 = CARTESIAN_POINT('',(159.688,-21.284,0.));
#3104 = VECTOR('',#3105,1.);
#3105 = DIRECTION('',(1.,0.,0.));
#3106 = ORIENTED_EDGE('',*,*,#3107,.F.);
#3107 = EDGE_CURVE('',#3108,#3098,#3110,.T.);
#3108 = VERTEX_POINT('',#3109);
#3109 = CARTESIAN_POINT('',(159.688,-7.284,0.));
#3110 = LINE('',#3111,#3112);
#3111 = CARTESIAN_POINT('',(159.688,-7.284,0.));
#3112 = VECTOR('',#3113,1.);
#3113 = DIRECTION('',(0.,-1.,0.));
#3114 = ORIENTED_EDGE('',*,*,#3115,.F.);
#3115 = EDGE_CURVE('',#3116,#3108,#3118,.T.);
#3116 = VERTEX_POINT('',#3117);
#3117 = CARTESIAN_POINT('',(173.688,-7.284,0.));
#3118 = LINE('',#3119,#3120);
#3119 = CARTESIAN_POINT('',(173.688,-7.284,0.));
#3120 = VECTOR('',#3121,1.);
#3121 = DIRECTION('',(-1.,0.,0.));
#3122 = ORIENTED_EDGE('',*,*,#3123,.F.);
#3123 = EDGE_CURVE('',#3100,#3116,#3124,.T.);
#3124 = LINE('',#3125,#3126);
#3125 = CARTESIAN_POINT('',(173.688,-21.284,0.));
#3126 = VECTOR('',#3127,1.);
#3127 = DIRECTION('',(0.,1.,0.));
#3128 = FACE_BOUND('',#3129,.F.);
#3129 = EDGE_LOOP('',(#3130,#3140,#3148,#3156));
#3130 = ORIENTED_EDGE('',*,*,#3131,.F.);
#3131 = EDGE_CURVE('',#3132,#3134,#3136,.T.);
#3132 = VERTEX_POINT('',#3133);
#3133 = CARTESIAN_POINT('',(178.738,-21.284,0.));
#3134 = VERTEX_POINT('',#3135);
#3135 = CARTESIAN_POINT('',(192.738,-21.284,0.));
#3136 = LINE('',#3137,#3138);
#3137 = CARTESIAN_POINT('',(178.738,-21.284,0.));
#3138 = VECTOR('',#3139,1.);
#3139 = DIRECTION('',(1.,0.,0.));
#3140 = ORIENTED_EDGE('',*,*,#3141,.F.);
#3141 = EDGE_CURVE('',#3142,#3132,#3144,.T.);
#3142 = VERTEX_POINT('',#3143);
#3143 = CARTESIAN_POINT('',(178.738,-7.284,0.));
#3144 = LINE('',#3145,#3146);
#3145 = CARTESIAN_POINT('',(178.738,-7.284,0.));
#3146 = VECTOR('',#3147,1.);
#3147 = DIRECTION('',(0.,-1.,0.));
#3148 = ORIENTED_EDGE('',*,*,#3149,.F.);
#3149 = EDGE_CURVE('',#3150,#3142,#3152,.T.);
#3150 = VERTEX_POINT('',#3151);
#3151 = CARTESIAN_POINT('',(192.738,-7.284,0.));
#3152 = LINE('',#3153,#3154);
#3153 = CARTESIAN_POINT('',(192.738,-7.284,0.));
#3154 = VECTOR('',#3155,1.);
#3155 = DIRECTION('',(-1.,0.,0.));
#3156 = ORIENTED_EDGE('',*,*,#3157,.F.);
#3157 = EDGE_CURVE('',#3134,#3150,#3158,.T.);
#3158 = LINE('',#3159,#3160);
#3159 = CARTESIAN_POINT('',(192.738,-21.284,0.));
#3160 = VECTOR('',#3161,1.);
#3161 = DIRECTION('',(0.,1.,0.));
#3162 = FACE_BOUND('',#3163,.F.);
#3163 = EDGE_LOOP('',(#3164,#3174,#3182,#3190));
#3164 = ORIENTED_EDGE('',*,*,#3165,.F.);
#3165 = EDGE_CURVE('',#3166,#3168,#3170,.T.);
#3166 = VERTEX_POINT('',#3167);
#3167 = CARTESIAN_POINT('',(197.788,-21.284,0.));
#3168 = VERTEX_POINT('',#3169);
#3169 = CARTESIAN_POINT('',(211.788,-21.284,0.));
#3170 = LINE('',#3171,#3172);
#3171 = CARTESIAN_POINT('',(197.788,-21.284,0.));
#3172 = VECTOR('',#3173,1.);
#3173 = DIRECTION('',(1.,0.,0.));
#3174 = ORIENTED_EDGE('',*,*,#3175,.F.);
#3175 = EDGE_CURVE('',#3176,#3166,#3178,.T.);
#3176 = VERTEX_POINT('',#3177);
#3177 = CARTESIAN_POINT('',(197.788,-7.284,0.));
#3178 = LINE('',#3179,#3180);
#3179 = CARTESIAN_POINT('',(197.788,-7.284,0.));
#3180 = VECTOR('',#3181,1.);
#3181 = DIRECTION('',(0.,-1.,0.));
#3182 = ORIENTED_EDGE('',*,*,#3183,.F.);
#3183 = EDGE_CURVE('',#3184,#3176,#3186,.T.);
#3184 = VERTEX_POINT('',#3185);
#3185 = CARTESIAN_POINT('',(211.788,-7.284,0.));
#3186 = LINE('',#3187,#3188);
#3187 = CARTESIAN_POINT('',(211.788,-7.284,0.));
#3188 = VECTOR('',#3189,1.);
#3189 = DIRECTION('',(-1.,0.,0.));
#3190 = ORIENTED_EDGE('',*,*,#3191,.F.);
#3191 = EDGE_CURVE('',#3168,#3184,#3192,.T.);
#3192 = LINE('',#3193,#3194);
#3193 = CARTESIAN_POINT('',(211.788,-21.284,0.));
#3194 = VECTOR('',#3195,1.);
#3195 = DIRECTION('',(0.,1.,0.));
#3196 = FACE_BOUND('',#3197,.F.);
#3197 = EDGE_LOOP('',(#3198,#3208,#3216,#3224));
#3198 = ORIENTED_EDGE('',*,*,#3199,.F.);
#3199 = EDGE_CURVE('',#3200,#3202,#3204,.T.);
#3200 = VERTEX_POINT('',#3201);
#3201 = CARTESIAN_POINT('',(216.838,-21.284,0.));
#3202 = VERTEX_POINT('',#3203);
#3203 = CARTESIAN_POINT('',(230.838,-21.284,0.));
#3204 = LINE('',#3205,#3206);
#3205 = CARTESIAN_POINT('',(216.838,-21.284,0.));
#3206 = VECTOR('',#3207,1.);
#3207 = DIRECTION('',(1.,0.,0.));
#3208 = ORIENTED_EDGE('',*,*,#3209,.F.);
#3209 = EDGE_CURVE('',#3210,#3200,#3212,.T.);
#3210 = VERTEX_POINT('',#3211);
#3211 = CARTESIAN_POINT('',(216.838,-7.284,0.));
#3212 = LINE('',#3213,#3214);
#3213 = CARTESIAN_POINT('',(216.838,-7.284,0.));
#3214 = VECTOR('',#3215,1.);
#3215 = DIRECTION('',(0.,-1.,0.));
#3216 = ORIENTED_EDGE('',*,*,#3217,.F.);
#3217 = EDGE_CURVE('',#3218,#3210,#3220,.T.);
#3218 = VERTEX_POINT('',#3219);
#3219 = CARTESIAN_POINT('',(230.838,-7.284,0.));
#3220 = LINE('',#3221,#3222);
#3221 = CARTESIAN_POINT('',(230.838,-7.284,0.));
#3222 = VECTOR('',#3223,1.);
#3223 = DIRECTION('',(-1.,0.,0.));
#3224 = ORIENTED_EDGE('',*,*,#3225,.F.);
#3225 = EDGE_CURVE('',#3202,#3218,#3226,.T.);
#3226 = LINE('',#3227,#3228);
#3227 = CARTESIAN_POINT('',(230.838,-21.284,0.));
#3228 = VECTOR('',#3229,1.);
#3229 = DIRECTION('',(0.,1.,0.));
#3230 = FACE_BOUND('',#3231,.F.);
#3231 = EDGE_LOOP('',(#3232));
#3232 = ORIENTED_EDGE('',*,*,#3233,.T.);
#3233 = EDGE_CURVE('',#3234,#3234,#3236,.T.);
#3234 = VERTEX_POINT('',#3235);
#3235 = CARTESIAN_POINT('',(215.106916,-3.48125,0.));
#3236 = CIRCLE('',#3237,1.1);
#3237 = AXIS2_PLACEMENT_3D('',#3238,#3239,#3240);
#3238 = CARTESIAN_POINT('',(215.106916,-2.38125,0.));
#3239 = DIRECTION('',(-0.,0.,-1.));
#3240 = DIRECTION('',(-0.,-1.,0.));
#3241 = FACE_BOUND('',#3242,.F.);
#3242 = EDGE_LOOP('',(#3243,#3253,#3261,#3269,#3277,#3285,#3293,#3301,
    #3309,#3317,#3325,#3333,#3341,#3349,#3357,#3365,#3373,#3381,#3389,
    #3397,#3405,#3413,#3421,#3429,#3437,#3445,#3453,#3461,#3469,#3477,
    #3485,#3493,#3501,#3509,#3517,#3525));
#3243 = ORIENTED_EDGE('',*,*,#3244,.F.);
#3244 = EDGE_CURVE('',#3245,#3247,#3249,.T.);
#3245 = VERTEX_POINT('',#3246);
#3246 = CARTESIAN_POINT('',(264.463,-11.984,0.));
#3247 = VERTEX_POINT('',#3248);
#3248 = CARTESIAN_POINT('',(262.938,-11.984,0.));
#3249 = LINE('',#3250,#3251);
#3250 = CARTESIAN_POINT('',(264.463,-11.984,0.));
#3251 = VECTOR('',#3252,1.);
#3252 = DIRECTION('',(-1.,0.,0.));
#3253 = ORIENTED_EDGE('',*,*,#3254,.F.);
#3254 = EDGE_CURVE('',#3255,#3245,#3257,.T.);
#3255 = VERTEX_POINT('',#3256);
#3256 = CARTESIAN_POINT('',(264.463,-7.284,0.));
#3257 = LINE('',#3258,#3259);
#3258 = CARTESIAN_POINT('',(264.463,-7.284,0.));
#3259 = VECTOR('',#3260,1.);
#3260 = DIRECTION('',(0.,-1.,0.));
#3261 = ORIENTED_EDGE('',*,*,#3262,.F.);
#3262 = EDGE_CURVE('',#3263,#3255,#3265,.T.);
#3263 = VERTEX_POINT('',#3264);
#3264 = CARTESIAN_POINT('',(278.463,-7.284,0.));
#3265 = LINE('',#3266,#3267);
#3266 = CARTESIAN_POINT('',(278.463,-7.284,0.));
#3267 = VECTOR('',#3268,1.);
#3268 = DIRECTION('',(-1.,0.,0.));
#3269 = ORIENTED_EDGE('',*,*,#3270,.F.);
#3270 = EDGE_CURVE('',#3271,#3263,#3273,.T.);
#3271 = VERTEX_POINT('',#3272);
#3272 = CARTESIAN_POINT('',(278.463,-11.984,0.));
#3273 = LINE('',#3274,#3275);
#3274 = CARTESIAN_POINT('',(278.463,-11.984,0.));
#3275 = VECTOR('',#3276,1.);
#3276 = DIRECTION('',(0.,1.,0.));
#3277 = ORIENTED_EDGE('',*,*,#3278,.F.);
#3278 = EDGE_CURVE('',#3279,#3271,#3281,.T.);
#3279 = VERTEX_POINT('',#3280);
#3280 = CARTESIAN_POINT('',(279.988,-11.984,0.));
#3281 = LINE('',#3282,#3283);
#3282 = CARTESIAN_POINT('',(279.988,-11.984,0.));
#3283 = VECTOR('',#3284,1.);
#3284 = DIRECTION('',(-1.,0.,0.));
#3285 = ORIENTED_EDGE('',*,*,#3286,.F.);
#3286 = EDGE_CURVE('',#3287,#3279,#3289,.T.);
#3287 = VERTEX_POINT('',#3288);
#3288 = CARTESIAN_POINT('',(279.988,-8.754,0.));
#3289 = LINE('',#3290,#3291);
#3290 = CARTESIAN_POINT('',(279.988,-8.754,0.));
#3291 = VECTOR('',#3292,1.);
#3292 = DIRECTION('',(0.,-1.,0.));
#3293 = ORIENTED_EDGE('',*,*,#3294,.F.);
#3294 = EDGE_CURVE('',#3295,#3287,#3297,.T.);
#3295 = VERTEX_POINT('',#3296);
#3296 = CARTESIAN_POINT('',(286.738,-8.754,0.));
#3297 = LINE('',#3298,#3299);
#3298 = CARTESIAN_POINT('',(286.738,-8.754,0.));
#3299 = VECTOR('',#3300,1.);
#3300 = DIRECTION('',(-1.,0.,0.));
#3301 = ORIENTED_EDGE('',*,*,#3302,.F.);
#3302 = EDGE_CURVE('',#3303,#3295,#3305,.T.);
#3303 = VERTEX_POINT('',#3304);
#3304 = CARTESIAN_POINT('',(286.738,-11.984,0.));
#3305 = LINE('',#3306,#3307);
#3306 = CARTESIAN_POINT('',(286.738,-11.984,0.));
#3307 = VECTOR('',#3308,1.);
#3308 = DIRECTION('',(0.,1.,0.));
#3309 = ORIENTED_EDGE('',*,*,#3310,.F.);
#3310 = EDGE_CURVE('',#3311,#3303,#3313,.T.);
#3311 = VERTEX_POINT('',#3312);
#3312 = CARTESIAN_POINT('',(287.563,-11.984,0.));
#3313 = LINE('',#3314,#3315);
#3314 = CARTESIAN_POINT('',(287.563,-11.984,0.));
#3315 = VECTOR('',#3316,1.);
#3316 = DIRECTION('',(-1.,0.,0.));
#3317 = ORIENTED_EDGE('',*,*,#3318,.F.);
#3318 = EDGE_CURVE('',#3319,#3311,#3321,.T.);
#3319 = VERTEX_POINT('',#3320);
#3320 = CARTESIAN_POINT('',(287.563,-14.784,0.));
#3321 = LINE('',#3322,#3323);
#3322 = CARTESIAN_POINT('',(287.563,-14.784,0.));
#3323 = VECTOR('',#3324,1.);
#3324 = DIRECTION('',(0.,1.,0.));
#3325 = ORIENTED_EDGE('',*,*,#3326,.F.);
#3326 = EDGE_CURVE('',#3327,#3319,#3329,.T.);
#3327 = VERTEX_POINT('',#3328);
#3328 = CARTESIAN_POINT('',(286.738,-14.784,0.));
#3329 = LINE('',#3330,#3331);
#3330 = CARTESIAN_POINT('',(286.738,-14.784,0.));
#3331 = VECTOR('',#3332,1.);
#3332 = DIRECTION('',(1.,0.,0.));
#3333 = ORIENTED_EDGE('',*,*,#3334,.F.);
#3334 = EDGE_CURVE('',#3335,#3327,#3337,.T.);
#3335 = VERTEX_POINT('',#3336);
#3336 = CARTESIAN_POINT('',(286.738,-21.054,0.));
#3337 = LINE('',#3338,#3339);
#3338 = CARTESIAN_POINT('',(286.738,-21.054,0.));
#3339 = VECTOR('',#3340,1.);
#3340 = DIRECTION('',(0.,1.,0.));
#3341 = ORIENTED_EDGE('',*,*,#3342,.F.);
#3342 = EDGE_CURVE('',#3343,#3335,#3345,.T.);
#3343 = VERTEX_POINT('',#3344);
#3344 = CARTESIAN_POINT('',(285.013,-21.054,0.));
#3345 = LINE('',#3346,#3347);
#3346 = CARTESIAN_POINT('',(285.013,-21.054,0.));
#3347 = VECTOR('',#3348,1.);
#3348 = DIRECTION('',(1.,0.,0.));
#3349 = ORIENTED_EDGE('',*,*,#3350,.F.);
#3350 = EDGE_CURVE('',#3351,#3343,#3353,.T.);
#3351 = VERTEX_POINT('',#3352);
#3352 = CARTESIAN_POINT('',(285.013,-22.254,0.));
#3353 = LINE('',#3354,#3355);
#3354 = CARTESIAN_POINT('',(285.013,-22.254,0.));
#3355 = VECTOR('',#3356,1.);
#3356 = DIRECTION('',(0.,1.,0.));
#3357 = ORIENTED_EDGE('',*,*,#3358,.F.);
#3358 = EDGE_CURVE('',#3359,#3351,#3361,.T.);
#3359 = VERTEX_POINT('',#3360);
#3360 = CARTESIAN_POINT('',(281.713,-22.254,0.));
#3361 = LINE('',#3362,#3363);
#3362 = CARTESIAN_POINT('',(281.713,-22.254,0.));
#3363 = VECTOR('',#3364,1.);
#3364 = DIRECTION('',(1.,0.,0.));
#3365 = ORIENTED_EDGE('',*,*,#3366,.F.);
#3366 = EDGE_CURVE('',#3367,#3359,#3369,.T.);
#3367 = VERTEX_POINT('',#3368);
#3368 = CARTESIAN_POINT('',(281.713,-21.054,0.));
#3369 = LINE('',#3370,#3371);
#3370 = CARTESIAN_POINT('',(281.713,-21.054,0.));
#3371 = VECTOR('',#3372,1.);
#3372 = DIRECTION('',(0.,-1.,0.));
#3373 = ORIENTED_EDGE('',*,*,#3374,.F.);
#3374 = EDGE_CURVE('',#3375,#3367,#3377,.T.);
#3375 = VERTEX_POINT('',#3376);
#3376 = CARTESIAN_POINT('',(279.988,-21.054,0.));
#3377 = LINE('',#3378,#3379);
#3378 = CARTESIAN_POINT('',(279.988,-21.054,0.));
#3379 = VECTOR('',#3380,1.);
#3380 = DIRECTION('',(1.,0.,0.));
#3381 = ORIENTED_EDGE('',*,*,#3382,.F.);
#3382 = EDGE_CURVE('',#3383,#3375,#3385,.T.);
#3383 = VERTEX_POINT('',#3384);
#3384 = CARTESIAN_POINT('',(279.988,-16.584,0.));
#3385 = LINE('',#3386,#3387);
#3386 = CARTESIAN_POINT('',(279.988,-16.584,0.));
#3387 = VECTOR('',#3388,1.);
#3388 = DIRECTION('',(0.,-1.,0.));
#3389 = ORIENTED_EDGE('',*,*,#3390,.F.);
#3390 = EDGE_CURVE('',#3391,#3383,#3393,.T.);
#3391 = VERTEX_POINT('',#3392);
#3392 = CARTESIAN_POINT('',(278.463,-16.584,0.));
#3393 = LINE('',#3394,#3395);
#3394 = CARTESIAN_POINT('',(278.463,-16.584,0.));
#3395 = VECTOR('',#3396,1.);
#3396 = DIRECTION('',(1.,0.,0.));
#3397 = ORIENTED_EDGE('',*,*,#3398,.F.);
#3398 = EDGE_CURVE('',#3399,#3391,#3401,.T.);
#3399 = VERTEX_POINT('',#3400);
#3400 = CARTESIAN_POINT('',(278.463,-21.284,0.));
#3401 = LINE('',#3402,#3403);
#3402 = CARTESIAN_POINT('',(278.463,-21.284,0.));
#3403 = VECTOR('',#3404,1.);
#3404 = DIRECTION('',(0.,1.,0.));
#3405 = ORIENTED_EDGE('',*,*,#3406,.F.);
#3406 = EDGE_CURVE('',#3407,#3399,#3409,.T.);
#3407 = VERTEX_POINT('',#3408);
#3408 = CARTESIAN_POINT('',(264.463,-21.284,0.));
#3409 = LINE('',#3410,#3411);
#3410 = CARTESIAN_POINT('',(264.463,-21.284,0.));
#3411 = VECTOR('',#3412,1.);
#3412 = DIRECTION('',(1.,0.,0.));
#3413 = ORIENTED_EDGE('',*,*,#3414,.F.);
#3414 = EDGE_CURVE('',#3415,#3407,#3417,.T.);
#3415 = VERTEX_POINT('',#3416);
#3416 = CARTESIAN_POINT('',(264.463,-16.584,0.));
#3417 = LINE('',#3418,#3419);
#3418 = CARTESIAN_POINT('',(264.463,-16.584,0.));
#3419 = VECTOR('',#3420,1.);
#3420 = DIRECTION('',(0.,-1.,0.));
#3421 = ORIENTED_EDGE('',*,*,#3422,.F.);
#3422 = EDGE_CURVE('',#3423,#3415,#3425,.T.);
#3423 = VERTEX_POINT('',#3424);
#3424 = CARTESIAN_POINT('',(262.938,-16.584,0.));
#3425 = LINE('',#3426,#3427);
#3426 = CARTESIAN_POINT('',(262.938,-16.584,0.));
#3427 = VECTOR('',#3428,1.);
#3428 = DIRECTION('',(1.,0.,0.));
#3429 = ORIENTED_EDGE('',*,*,#3430,.F.);
#3430 = EDGE_CURVE('',#3431,#3423,#3433,.T.);
#3431 = VERTEX_POINT('',#3432);
#3432 = CARTESIAN_POINT('',(262.938,-21.054,0.));
#3433 = LINE('',#3434,#3435);
#3434 = CARTESIAN_POINT('',(262.938,-21.054,0.));
#3435 = VECTOR('',#3436,1.);
#3436 = DIRECTION('',(0.,1.,0.));
#3437 = ORIENTED_EDGE('',*,*,#3438,.F.);
#3438 = EDGE_CURVE('',#3439,#3431,#3441,.T.);
#3439 = VERTEX_POINT('',#3440);
#3440 = CARTESIAN_POINT('',(261.213,-21.054,0.));
#3441 = LINE('',#3442,#3443);
#3442 = CARTESIAN_POINT('',(261.213,-21.054,0.));
#3443 = VECTOR('',#3444,1.);
#3444 = DIRECTION('',(1.,0.,0.));
#3445 = ORIENTED_EDGE('',*,*,#3446,.F.);
#3446 = EDGE_CURVE('',#3447,#3439,#3449,.T.);
#3447 = VERTEX_POINT('',#3448);
#3448 = CARTESIAN_POINT('',(261.213,-22.254,0.));
#3449 = LINE('',#3450,#3451);
#3450 = CARTESIAN_POINT('',(261.213,-22.254,0.));
#3451 = VECTOR('',#3452,1.);
#3452 = DIRECTION('',(0.,1.,0.));
#3453 = ORIENTED_EDGE('',*,*,#3454,.F.);
#3454 = EDGE_CURVE('',#3455,#3447,#3457,.T.);
#3455 = VERTEX_POINT('',#3456);
#3456 = CARTESIAN_POINT('',(257.913,-22.254,0.));
#3457 = LINE('',#3458,#3459);
#3458 = CARTESIAN_POINT('',(257.913,-22.254,0.));
#3459 = VECTOR('',#3460,1.);
#3460 = DIRECTION('',(1.,0.,0.));
#3461 = ORIENTED_EDGE('',*,*,#3462,.F.);
#3462 = EDGE_CURVE('',#3463,#3455,#3465,.T.);
#3463 = VERTEX_POINT('',#3464);
#3464 = CARTESIAN_POINT('',(257.913,-21.054,0.));
#3465 = LINE('',#3466,#3467);
#3466 = CARTESIAN_POINT('',(257.913,-21.054,0.));
#3467 = VECTOR('',#3468,1.);
#3468 = DIRECTION('',(0.,-1.,0.));
#3469 = ORIENTED_EDGE('',*,*,#3470,.F.);
#3470 = EDGE_CURVE('',#3471,#3463,#3473,.T.);
#3471 = VERTEX_POINT('',#3472);
#3472 = CARTESIAN_POINT('',(256.188,-21.054,0.));
#3473 = LINE('',#3474,#3475);
#3474 = CARTESIAN_POINT('',(256.188,-21.054,0.));
#3475 = VECTOR('',#3476,1.);
#3476 = DIRECTION('',(1.,0.,0.));
#3477 = ORIENTED_EDGE('',*,*,#3478,.F.);
#3478 = EDGE_CURVE('',#3479,#3471,#3481,.T.);
#3479 = VERTEX_POINT('',#3480);
#3480 = CARTESIAN_POINT('',(256.188,-14.784,0.));
#3481 = LINE('',#3482,#3483);
#3482 = CARTESIAN_POINT('',(256.188,-14.784,0.));
#3483 = VECTOR('',#3484,1.);
#3484 = DIRECTION('',(0.,-1.,0.));
#3485 = ORIENTED_EDGE('',*,*,#3486,.F.);
#3486 = EDGE_CURVE('',#3487,#3479,#3489,.T.);
#3487 = VERTEX_POINT('',#3488);
#3488 = CARTESIAN_POINT('',(255.363,-14.784,0.));
#3489 = LINE('',#3490,#3491);
#3490 = CARTESIAN_POINT('',(255.363,-14.784,0.));
#3491 = VECTOR('',#3492,1.);
#3492 = DIRECTION('',(1.,0.,0.));
#3493 = ORIENTED_EDGE('',*,*,#3494,.F.);
#3494 = EDGE_CURVE('',#3495,#3487,#3497,.T.);
#3495 = VERTEX_POINT('',#3496);
#3496 = CARTESIAN_POINT('',(255.363,-11.984,0.));
#3497 = LINE('',#3498,#3499);
#3498 = CARTESIAN_POINT('',(255.363,-11.984,0.));
#3499 = VECTOR('',#3500,1.);
#3500 = DIRECTION('',(0.,-1.,0.));
#3501 = ORIENTED_EDGE('',*,*,#3502,.F.);
#3502 = EDGE_CURVE('',#3503,#3495,#3505,.T.);
#3503 = VERTEX_POINT('',#3504);
#3504 = CARTESIAN_POINT('',(256.188,-11.984,0.));
#3505 = LINE('',#3506,#3507);
#3506 = CARTESIAN_POINT('',(256.188,-11.984,0.));
#3507 = VECTOR('',#3508,1.);
#3508 = DIRECTION('',(-1.,0.,0.));
#3509 = ORIENTED_EDGE('',*,*,#3510,.F.);
#3510 = EDGE_CURVE('',#3511,#3503,#3513,.T.);
#3511 = VERTEX_POINT('',#3512);
#3512 = CARTESIAN_POINT('',(256.188,-8.754,0.));
#3513 = LINE('',#3514,#3515);
#3514 = CARTESIAN_POINT('',(256.188,-8.754,0.));
#3515 = VECTOR('',#3516,1.);
#3516 = DIRECTION('',(0.,-1.,0.));
#3517 = ORIENTED_EDGE('',*,*,#3518,.F.);
#3518 = EDGE_CURVE('',#3519,#3511,#3521,.T.);
#3519 = VERTEX_POINT('',#3520);
#3520 = CARTESIAN_POINT('',(262.938,-8.754,0.));
#3521 = LINE('',#3522,#3523);
#3522 = CARTESIAN_POINT('',(262.938,-8.754,0.));
#3523 = VECTOR('',#3524,1.);
#3524 = DIRECTION('',(-1.,0.,0.));
#3525 = ORIENTED_EDGE('',*,*,#3526,.F.);
#3526 = EDGE_CURVE('',#3247,#3519,#3527,.T.);
#3527 = LINE('',#3528,#3529);
#3528 = CARTESIAN_POINT('',(262.938,-11.984,0.));
#3529 = VECTOR('',#3530,1.);
#3530 = DIRECTION('',(0.,1.,0.));
#3531 = FACE_BOUND('',#3532,.F.);
#3532 = EDGE_LOOP('',(#3533,#3543,#3551,#3559));
#3533 = ORIENTED_EDGE('',*,*,#3534,.F.);
#3534 = EDGE_CURVE('',#3535,#3537,#3539,.T.);
#3535 = VERTEX_POINT('',#3536);
#3536 = CARTESIAN_POINT('',(235.888,-21.284,0.));
#3537 = VERTEX_POINT('',#3538);
#3538 = CARTESIAN_POINT('',(249.888,-21.284,0.));
#3539 = LINE('',#3540,#3541);
#3540 = CARTESIAN_POINT('',(235.888,-21.284,0.));
#3541 = VECTOR('',#3542,1.);
#3542 = DIRECTION('',(1.,0.,0.));
#3543 = ORIENTED_EDGE('',*,*,#3544,.F.);
#3544 = EDGE_CURVE('',#3545,#3535,#3547,.T.);
#3545 = VERTEX_POINT('',#3546);
#3546 = CARTESIAN_POINT('',(235.888,-7.284,0.));
#3547 = LINE('',#3548,#3549);
#3548 = CARTESIAN_POINT('',(235.888,-7.284,0.));
#3549 = VECTOR('',#3550,1.);
#3550 = DIRECTION('',(0.,-1.,0.));
#3551 = ORIENTED_EDGE('',*,*,#3552,.F.);
#3552 = EDGE_CURVE('',#3553,#3545,#3555,.T.);
#3553 = VERTEX_POINT('',#3554);
#3554 = CARTESIAN_POINT('',(249.888,-7.284,0.));
#3555 = LINE('',#3556,#3557);
#3556 = CARTESIAN_POINT('',(249.888,-7.284,0.));
#3557 = VECTOR('',#3558,1.);
#3558 = DIRECTION('',(-1.,0.,0.));
#3559 = ORIENTED_EDGE('',*,*,#3560,.F.);
#3560 = EDGE_CURVE('',#3537,#3553,#3561,.T.);
#3561 = LINE('',#3562,#3563);
#3562 = CARTESIAN_POINT('',(249.888,-21.284,0.));
#3563 = VECTOR('',#3564,1.);
#3564 = DIRECTION('',(0.,1.,0.));
#3565 = FACE_BOUND('',#3566,.F.);
#3566 = EDGE_LOOP('',(#3567));
#3567 = ORIENTED_EDGE('',*,*,#3568,.T.);
#3568 = EDGE_CURVE('',#3569,#3569,#3571,.T.);
#3569 = VERTEX_POINT('',#3570);
#3570 = CARTESIAN_POINT('',(321.46875,-3.48125,0.));
#3571 = CIRCLE('',#3572,1.1);
#3572 = AXIS2_PLACEMENT_3D('',#3573,#3574,#3575);
#3573 = CARTESIAN_POINT('',(321.46875,-2.38125,0.));
#3574 = DIRECTION('',(-0.,0.,-1.));
#3575 = DIRECTION('',(-0.,-1.,0.));
#3576 = PLANE('',#3577);
#3577 = AXIS2_PLACEMENT_3D('',#3578,#3579,#3580);
#3578 = CARTESIAN_POINT('',(0.,0.,0.));
#3579 = DIRECTION('',(0.,0.,1.));
#3580 = DIRECTION('',(1.,0.,-0.));
#3581 = ADVANCED_FACE('',(#3582,#3628,#3639,#3673,#3707,#3741,#3752,
    #4042,#4332,#4366,#4400,#4434,#4468,#4502,#4536,#4547,#4581,#4615,
    #4649,#4660,#4694,#4728,#4762,#4796,#4830,#4864,#4898,#4932,#4966,
    #5000,#5034,#5068,#5102,#5136,#5170,#5204,#5238,#5272,#5306,#5340,
    #5374,#5408,#5442,#5476,#5510,#5544,#5578,#5589,#5623,#5657,#5691,
    #5725,#5736,#5770,#5804,#5838,#5872,#5906,#5940,#5974,#6008,#6042,
    #6076,#6110,#6400,#6434,#6468,#6502,#6536,#6570,#6604,#6638,#6672,
    #6683,#6973,#7007),#7018,.T.);
#3582 = FACE_BOUND('',#3583,.T.);
#3583 = EDGE_LOOP('',(#3584,#3585,#3586,#3595,#3603,#3612,#3620,#3627));
#3584 = ORIENTED_EDGE('',*,*,#49,.F.);
#3585 = ORIENTED_EDGE('',*,*,#91,.F.);
#3586 = ORIENTED_EDGE('',*,*,#3587,.F.);
#3587 = EDGE_CURVE('',#3588,#84,#3590,.T.);
#3588 = VERTEX_POINT('',#3589);
#3589 = CARTESIAN_POINT('',(0.,-2.38125,1.51));
#3590 = CIRCLE('',#3591,2.381301292594);
#3591 = AXIS2_PLACEMENT_3D('',#3592,#3593,#3594);
#3592 = CARTESIAN_POINT('',(2.381301292041,-2.381301292041,1.51));
#3593 = DIRECTION('',(0.,0.,-1.));
#3594 = DIRECTION('',(-0.999999999768,2.153950088234E-05,0.));
#3595 = ORIENTED_EDGE('',*,*,#3596,.F.);
#3596 = EDGE_CURVE('',#3597,#3588,#3599,.T.);
#3597 = VERTEX_POINT('',#3598);
#3598 = CARTESIAN_POINT('',(-1.33226762955E-15,-107.15395,1.51));
#3599 = LINE('',#3600,#3601);
#3600 = CARTESIAN_POINT('',(0.,-107.15395,1.51));
#3601 = VECTOR('',#3602,1.);
#3602 = DIRECTION('',(0.,1.,0.));
#3603 = ORIENTED_EDGE('',*,*,#3604,.F.);
#3604 = EDGE_CURVE('',#3605,#3597,#3607,.T.);
#3605 = VERTEX_POINT('',#3606);
#3606 = CARTESIAN_POINT('',(2.38125,-109.5352,1.51));
#3607 = CIRCLE('',#3608,2.381250077504);
#3608 = AXIS2_PLACEMENT_3D('',#3609,#3610,#3611);
#3609 = CARTESIAN_POINT('',(2.381250077504,-107.1539499224,1.51));
#3610 = DIRECTION('',(0.,0.,-1.));
#3611 = DIRECTION('',(-3.254771310577E-08,-1.,-0.));
#3612 = ORIENTED_EDGE('',*,*,#3613,.F.);
#3613 = EDGE_CURVE('',#3614,#3605,#3616,.T.);
#3614 = VERTEX_POINT('',#3615);
#3615 = CARTESIAN_POINT('',(321.46195,-109.5352,1.51));
#3616 = LINE('',#3617,#3618);
#3617 = CARTESIAN_POINT('',(321.46195,-109.5352,1.51));
#3618 = VECTOR('',#3619,1.);
#3619 = DIRECTION('',(-1.,0.,0.));
#3620 = ORIENTED_EDGE('',*,*,#3621,.F.);
#3621 = EDGE_CURVE('',#114,#3614,#3622,.T.);
#3622 = CIRCLE('',#3623,2.381301292594);
#3623 = AXIS2_PLACEMENT_3D('',#3624,#3625,#3626);
#3624 = CARTESIAN_POINT('',(321.46189870795,-107.1538987079,1.51));
#3625 = DIRECTION('',(0.,0.,-1.));
#3626 = DIRECTION('',(0.999999999768,-2.153950090565E-05,0.));
#3627 = ORIENTED_EDGE('',*,*,#113,.F.);
#3628 = FACE_BOUND('',#3629,.T.);
#3629 = EDGE_LOOP('',(#3630));
#3630 = ORIENTED_EDGE('',*,*,#3631,.T.);
#3631 = EDGE_CURVE('',#3632,#3632,#3634,.T.);
#3632 = VERTEX_POINT('',#3633);
#3633 = CARTESIAN_POINT('',(2.38125,-108.25625,1.51));
#3634 = CIRCLE('',#3635,1.1);
#3635 = AXIS2_PLACEMENT_3D('',#3636,#3637,#3638);
#3636 = CARTESIAN_POINT('',(2.38125,-107.15625,1.51));
#3637 = DIRECTION('',(-0.,0.,-1.));
#3638 = DIRECTION('',(-0.,-1.,0.));
#3639 = FACE_BOUND('',#3640,.T.);
#3640 = EDGE_LOOP('',(#3641,#3651,#3659,#3667));
#3641 = ORIENTED_EDGE('',*,*,#3642,.F.);
#3642 = EDGE_CURVE('',#3643,#3645,#3647,.T.);
#3643 = VERTEX_POINT('',#3644);
#3644 = CARTESIAN_POINT('',(9.669,-97.484,1.51));
#3645 = VERTEX_POINT('',#3646);
#3646 = CARTESIAN_POINT('',(23.669,-97.484,1.51));
#3647 = LINE('',#3648,#3649);
#3648 = CARTESIAN_POINT('',(9.669,-97.484,1.51));
#3649 = VECTOR('',#3650,1.);
#3650 = DIRECTION('',(1.,0.,0.));
#3651 = ORIENTED_EDGE('',*,*,#3652,.F.);
#3652 = EDGE_CURVE('',#3653,#3643,#3655,.T.);
#3653 = VERTEX_POINT('',#3654);
#3654 = CARTESIAN_POINT('',(9.669,-83.484,1.51));
#3655 = LINE('',#3656,#3657);
#3656 = CARTESIAN_POINT('',(9.669,-83.484,1.51));
#3657 = VECTOR('',#3658,1.);
#3658 = DIRECTION('',(0.,-1.,0.));
#3659 = ORIENTED_EDGE('',*,*,#3660,.F.);
#3660 = EDGE_CURVE('',#3661,#3653,#3663,.T.);
#3661 = VERTEX_POINT('',#3662);
#3662 = CARTESIAN_POINT('',(23.669,-83.484,1.51));
#3663 = LINE('',#3664,#3665);
#3664 = CARTESIAN_POINT('',(23.669,-83.484,1.51));
#3665 = VECTOR('',#3666,1.);
#3666 = DIRECTION('',(-1.,0.,0.));
#3667 = ORIENTED_EDGE('',*,*,#3668,.F.);
#3668 = EDGE_CURVE('',#3645,#3661,#3669,.T.);
#3669 = LINE('',#3670,#3671);
#3670 = CARTESIAN_POINT('',(23.669,-97.484,1.51));
#3671 = VECTOR('',#3672,1.);
#3672 = DIRECTION('',(0.,1.,0.));
#3673 = FACE_BOUND('',#3674,.T.);
#3674 = EDGE_LOOP('',(#3675,#3685,#3693,#3701));
#3675 = ORIENTED_EDGE('',*,*,#3676,.F.);
#3676 = EDGE_CURVE('',#3677,#3679,#3681,.T.);
#3677 = VERTEX_POINT('',#3678);
#3678 = CARTESIAN_POINT('',(33.482,-97.484,1.51));
#3679 = VERTEX_POINT('',#3680);
#3680 = CARTESIAN_POINT('',(47.482,-97.484,1.51));
#3681 = LINE('',#3682,#3683);
#3682 = CARTESIAN_POINT('',(33.482,-97.484,1.51));
#3683 = VECTOR('',#3684,1.);
#3684 = DIRECTION('',(1.,0.,0.));
#3685 = ORIENTED_EDGE('',*,*,#3686,.F.);
#3686 = EDGE_CURVE('',#3687,#3677,#3689,.T.);
#3687 = VERTEX_POINT('',#3688);
#3688 = CARTESIAN_POINT('',(33.482,-83.484,1.51));
#3689 = LINE('',#3690,#3691);
#3690 = CARTESIAN_POINT('',(33.482,-83.484,1.51));
#3691 = VECTOR('',#3692,1.);
#3692 = DIRECTION('',(0.,-1.,0.));
#3693 = ORIENTED_EDGE('',*,*,#3694,.F.);
#3694 = EDGE_CURVE('',#3695,#3687,#3697,.T.);
#3695 = VERTEX_POINT('',#3696);
#3696 = CARTESIAN_POINT('',(47.482,-83.484,1.51));
#3697 = LINE('',#3698,#3699);
#3698 = CARTESIAN_POINT('',(47.482,-83.484,1.51));
#3699 = VECTOR('',#3700,1.);
#3700 = DIRECTION('',(-1.,0.,0.));
#3701 = ORIENTED_EDGE('',*,*,#3702,.F.);
#3702 = EDGE_CURVE('',#3679,#3695,#3703,.T.);
#3703 = LINE('',#3704,#3705);
#3704 = CARTESIAN_POINT('',(47.482,-97.484,1.51));
#3705 = VECTOR('',#3706,1.);
#3706 = DIRECTION('',(0.,1.,0.));
#3707 = FACE_BOUND('',#3708,.T.);
#3708 = EDGE_LOOP('',(#3709,#3719,#3727,#3735));
#3709 = ORIENTED_EDGE('',*,*,#3710,.F.);
#3710 = EDGE_CURVE('',#3711,#3713,#3715,.T.);
#3711 = VERTEX_POINT('',#3712);
#3712 = CARTESIAN_POINT('',(57.294,-97.484,1.51));
#3713 = VERTEX_POINT('',#3714);
#3714 = CARTESIAN_POINT('',(71.294,-97.484,1.51));
#3715 = LINE('',#3716,#3717);
#3716 = CARTESIAN_POINT('',(57.294,-97.484,1.51));
#3717 = VECTOR('',#3718,1.);
#3718 = DIRECTION('',(1.,0.,0.));
#3719 = ORIENTED_EDGE('',*,*,#3720,.F.);
#3720 = EDGE_CURVE('',#3721,#3711,#3723,.T.);
#3721 = VERTEX_POINT('',#3722);
#3722 = CARTESIAN_POINT('',(57.294,-83.484,1.51));
#3723 = LINE('',#3724,#3725);
#3724 = CARTESIAN_POINT('',(57.294,-83.484,1.51));
#3725 = VECTOR('',#3726,1.);
#3726 = DIRECTION('',(0.,-1.,0.));
#3727 = ORIENTED_EDGE('',*,*,#3728,.F.);
#3728 = EDGE_CURVE('',#3729,#3721,#3731,.T.);
#3729 = VERTEX_POINT('',#3730);
#3730 = CARTESIAN_POINT('',(71.294,-83.484,1.51));
#3731 = LINE('',#3732,#3733);
#3732 = CARTESIAN_POINT('',(71.294,-83.484,1.51));
#3733 = VECTOR('',#3734,1.);
#3734 = DIRECTION('',(-1.,0.,0.));
#3735 = ORIENTED_EDGE('',*,*,#3736,.F.);
#3736 = EDGE_CURVE('',#3713,#3729,#3737,.T.);
#3737 = LINE('',#3738,#3739);
#3738 = CARTESIAN_POINT('',(71.294,-97.484,1.51));
#3739 = VECTOR('',#3740,1.);
#3740 = DIRECTION('',(0.,1.,0.));
#3741 = FACE_BOUND('',#3742,.T.);
#3742 = EDGE_LOOP('',(#3743));
#3743 = ORIENTED_EDGE('',*,*,#3744,.T.);
#3744 = EDGE_CURVE('',#3745,#3745,#3747,.T.);
#3745 = VERTEX_POINT('',#3746);
#3746 = CARTESIAN_POINT('',(108.744083,-108.25625,1.51));
#3747 = CIRCLE('',#3748,1.1);
#3748 = AXIS2_PLACEMENT_3D('',#3749,#3750,#3751);
#3749 = CARTESIAN_POINT('',(108.744083,-107.15625,1.51));
#3750 = DIRECTION('',(-0.,0.,-1.));
#3751 = DIRECTION('',(1.2918958832E-14,-1.,-0.));
#3752 = FACE_BOUND('',#3753,.T.);
#3753 = EDGE_LOOP('',(#3754,#3764,#3772,#3780,#3788,#3796,#3804,#3812,
    #3820,#3828,#3836,#3844,#3852,#3860,#3868,#3876,#3884,#3892,#3900,
    #3908,#3916,#3924,#3932,#3940,#3948,#3956,#3964,#3972,#3980,#3988,
    #3996,#4004,#4012,#4020,#4028,#4036));
#3754 = ORIENTED_EDGE('',*,*,#3755,.F.);
#3755 = EDGE_CURVE('',#3756,#3758,#3760,.T.);
#3756 = VERTEX_POINT('',#3757);
#3757 = CARTESIAN_POINT('',(84.082,-83.714,1.51));
#3758 = VERTEX_POINT('',#3759);
#3759 = CARTESIAN_POINT('',(82.357,-83.714,1.51));
#3760 = LINE('',#3761,#3762);
#3761 = CARTESIAN_POINT('',(84.082,-83.714,1.51));
#3762 = VECTOR('',#3763,1.);
#3763 = DIRECTION('',(-1.,0.,0.));
#3764 = ORIENTED_EDGE('',*,*,#3765,.F.);
#3765 = EDGE_CURVE('',#3766,#3756,#3768,.T.);
#3766 = VERTEX_POINT('',#3767);
#3767 = CARTESIAN_POINT('',(84.082,-82.514,1.51));
#3768 = LINE('',#3769,#3770);
#3769 = CARTESIAN_POINT('',(84.082,-82.514,1.51));
#3770 = VECTOR('',#3771,1.);
#3771 = DIRECTION('',(0.,-1.,0.));
#3772 = ORIENTED_EDGE('',*,*,#3773,.F.);
#3773 = EDGE_CURVE('',#3774,#3766,#3776,.T.);
#3774 = VERTEX_POINT('',#3775);
#3775 = CARTESIAN_POINT('',(87.382,-82.514,1.51));
#3776 = LINE('',#3777,#3778);
#3777 = CARTESIAN_POINT('',(87.382,-82.514,1.51));
#3778 = VECTOR('',#3779,1.);
#3779 = DIRECTION('',(-1.,0.,0.));
#3780 = ORIENTED_EDGE('',*,*,#3781,.F.);
#3781 = EDGE_CURVE('',#3782,#3774,#3784,.T.);
#3782 = VERTEX_POINT('',#3783);
#3783 = CARTESIAN_POINT('',(87.382,-83.714,1.51));
#3784 = LINE('',#3785,#3786);
#3785 = CARTESIAN_POINT('',(87.382,-83.714,1.51));
#3786 = VECTOR('',#3787,1.);
#3787 = DIRECTION('',(0.,1.,0.));
#3788 = ORIENTED_EDGE('',*,*,#3789,.F.);
#3789 = EDGE_CURVE('',#3790,#3782,#3792,.T.);
#3790 = VERTEX_POINT('',#3791);
#3791 = CARTESIAN_POINT('',(89.107,-83.714,1.51));
#3792 = LINE('',#3793,#3794);
#3793 = CARTESIAN_POINT('',(89.107,-83.714,1.51));
#3794 = VECTOR('',#3795,1.);
#3795 = DIRECTION('',(-1.,0.,0.));
#3796 = ORIENTED_EDGE('',*,*,#3797,.F.);
#3797 = EDGE_CURVE('',#3798,#3790,#3800,.T.);
#3798 = VERTEX_POINT('',#3799);
#3799 = CARTESIAN_POINT('',(89.107,-88.184,1.51));
#3800 = LINE('',#3801,#3802);
#3801 = CARTESIAN_POINT('',(89.107,-88.184,1.51));
#3802 = VECTOR('',#3803,1.);
#3803 = DIRECTION('',(0.,1.,0.));
#3804 = ORIENTED_EDGE('',*,*,#3805,.F.);
#3805 = EDGE_CURVE('',#3806,#3798,#3808,.T.);
#3806 = VERTEX_POINT('',#3807);
#3807 = CARTESIAN_POINT('',(128.732,-88.184,1.51));
#3808 = LINE('',#3809,#3810);
#3809 = CARTESIAN_POINT('',(128.732,-88.184,1.51));
#3810 = VECTOR('',#3811,1.);
#3811 = DIRECTION('',(-1.,0.,0.));
#3812 = ORIENTED_EDGE('',*,*,#3813,.F.);
#3813 = EDGE_CURVE('',#3814,#3806,#3816,.T.);
#3814 = VERTEX_POINT('',#3815);
#3815 = CARTESIAN_POINT('',(128.732,-83.484,1.51));
#3816 = LINE('',#3817,#3818);
#3817 = CARTESIAN_POINT('',(128.732,-83.484,1.51));
#3818 = VECTOR('',#3819,1.);
#3819 = DIRECTION('',(0.,-1.,0.));
#3820 = ORIENTED_EDGE('',*,*,#3821,.F.);
#3821 = EDGE_CURVE('',#3822,#3814,#3824,.T.);
#3822 = VERTEX_POINT('',#3823);
#3823 = CARTESIAN_POINT('',(142.732,-83.484,1.51));
#3824 = LINE('',#3825,#3826);
#3825 = CARTESIAN_POINT('',(142.732,-83.484,1.51));
#3826 = VECTOR('',#3827,1.);
#3827 = DIRECTION('',(-1.,0.,0.));
#3828 = ORIENTED_EDGE('',*,*,#3829,.F.);
#3829 = EDGE_CURVE('',#3830,#3822,#3832,.T.);
#3830 = VERTEX_POINT('',#3831);
#3831 = CARTESIAN_POINT('',(142.732,-88.184,1.51));
#3832 = LINE('',#3833,#3834);
#3833 = CARTESIAN_POINT('',(142.732,-88.184,1.51));
#3834 = VECTOR('',#3835,1.);
#3835 = DIRECTION('',(0.,1.,0.));
#3836 = ORIENTED_EDGE('',*,*,#3837,.F.);
#3837 = EDGE_CURVE('',#3838,#3830,#3840,.T.);
#3838 = VERTEX_POINT('',#3839);
#3839 = CARTESIAN_POINT('',(182.357,-88.184,1.51));
#3840 = LINE('',#3841,#3842);
#3841 = CARTESIAN_POINT('',(182.357,-88.184,1.51));
#3842 = VECTOR('',#3843,1.);
#3843 = DIRECTION('',(-1.,0.,0.));
#3844 = ORIENTED_EDGE('',*,*,#3845,.F.);
#3845 = EDGE_CURVE('',#3846,#3838,#3848,.T.);
#3846 = VERTEX_POINT('',#3847);
#3847 = CARTESIAN_POINT('',(182.357,-83.714,1.51));
#3848 = LINE('',#3849,#3850);
#3849 = CARTESIAN_POINT('',(182.357,-83.714,1.51));
#3850 = VECTOR('',#3851,1.);
#3851 = DIRECTION('',(0.,-1.,0.));
#3852 = ORIENTED_EDGE('',*,*,#3853,.F.);
#3853 = EDGE_CURVE('',#3854,#3846,#3856,.T.);
#3854 = VERTEX_POINT('',#3855);
#3855 = CARTESIAN_POINT('',(184.082,-83.714,1.51));
#3856 = LINE('',#3857,#3858);
#3857 = CARTESIAN_POINT('',(184.082,-83.714,1.51));
#3858 = VECTOR('',#3859,1.);
#3859 = DIRECTION('',(-1.,0.,0.));
#3860 = ORIENTED_EDGE('',*,*,#3861,.F.);
#3861 = EDGE_CURVE('',#3862,#3854,#3864,.T.);
#3862 = VERTEX_POINT('',#3863);
#3863 = CARTESIAN_POINT('',(184.082,-82.514,1.51));
#3864 = LINE('',#3865,#3866);
#3865 = CARTESIAN_POINT('',(184.082,-82.514,1.51));
#3866 = VECTOR('',#3867,1.);
#3867 = DIRECTION('',(0.,-1.,0.));
#3868 = ORIENTED_EDGE('',*,*,#3869,.F.);
#3869 = EDGE_CURVE('',#3870,#3862,#3872,.T.);
#3870 = VERTEX_POINT('',#3871);
#3871 = CARTESIAN_POINT('',(187.382,-82.514,1.51));
#3872 = LINE('',#3873,#3874);
#3873 = CARTESIAN_POINT('',(187.382,-82.514,1.51));
#3874 = VECTOR('',#3875,1.);
#3875 = DIRECTION('',(-1.,0.,0.));
#3876 = ORIENTED_EDGE('',*,*,#3877,.F.);
#3877 = EDGE_CURVE('',#3878,#3870,#3880,.T.);
#3878 = VERTEX_POINT('',#3879);
#3879 = CARTESIAN_POINT('',(187.382,-83.714,1.51));
#3880 = LINE('',#3881,#3882);
#3881 = CARTESIAN_POINT('',(187.382,-83.714,1.51));
#3882 = VECTOR('',#3883,1.);
#3883 = DIRECTION('',(0.,1.,0.));
#3884 = ORIENTED_EDGE('',*,*,#3885,.F.);
#3885 = EDGE_CURVE('',#3886,#3878,#3888,.T.);
#3886 = VERTEX_POINT('',#3887);
#3887 = CARTESIAN_POINT('',(189.107,-83.714,1.51));
#3888 = LINE('',#3889,#3890);
#3889 = CARTESIAN_POINT('',(189.107,-83.714,1.51));
#3890 = VECTOR('',#3891,1.);
#3891 = DIRECTION('',(-1.,0.,0.));
#3892 = ORIENTED_EDGE('',*,*,#3893,.F.);
#3893 = EDGE_CURVE('',#3894,#3886,#3896,.T.);
#3894 = VERTEX_POINT('',#3895);
#3895 = CARTESIAN_POINT('',(189.107,-89.984,1.51));
#3896 = LINE('',#3897,#3898);
#3897 = CARTESIAN_POINT('',(189.107,-89.984,1.51));
#3898 = VECTOR('',#3899,1.);
#3899 = DIRECTION('',(0.,1.,0.));
#3900 = ORIENTED_EDGE('',*,*,#3901,.F.);
#3901 = EDGE_CURVE('',#3902,#3894,#3904,.T.);
#3902 = VERTEX_POINT('',#3903);
#3903 = CARTESIAN_POINT('',(189.932,-89.984,1.51));
#3904 = LINE('',#3905,#3906);
#3905 = CARTESIAN_POINT('',(189.932,-89.984,1.51));
#3906 = VECTOR('',#3907,1.);
#3907 = DIRECTION('',(-1.,0.,0.));
#3908 = ORIENTED_EDGE('',*,*,#3909,.F.);
#3909 = EDGE_CURVE('',#3910,#3902,#3912,.T.);
#3910 = VERTEX_POINT('',#3911);
#3911 = CARTESIAN_POINT('',(189.932,-92.784,1.51));
#3912 = LINE('',#3913,#3914);
#3913 = CARTESIAN_POINT('',(189.932,-92.784,1.51));
#3914 = VECTOR('',#3915,1.);
#3915 = DIRECTION('',(0.,1.,0.));
#3916 = ORIENTED_EDGE('',*,*,#3917,.F.);
#3917 = EDGE_CURVE('',#3918,#3910,#3920,.T.);
#3918 = VERTEX_POINT('',#3919);
#3919 = CARTESIAN_POINT('',(189.107,-92.784,1.51));
#3920 = LINE('',#3921,#3922);
#3921 = CARTESIAN_POINT('',(189.107,-92.784,1.51));
#3922 = VECTOR('',#3923,1.);
#3923 = DIRECTION('',(1.,0.,0.));
#3924 = ORIENTED_EDGE('',*,*,#3925,.F.);
#3925 = EDGE_CURVE('',#3926,#3918,#3928,.T.);
#3926 = VERTEX_POINT('',#3927);
#3927 = CARTESIAN_POINT('',(189.107,-96.014,1.51));
#3928 = LINE('',#3929,#3930);
#3929 = CARTESIAN_POINT('',(189.107,-96.014,1.51));
#3930 = VECTOR('',#3931,1.);
#3931 = DIRECTION('',(0.,1.,0.));
#3932 = ORIENTED_EDGE('',*,*,#3933,.F.);
#3933 = EDGE_CURVE('',#3934,#3926,#3936,.T.);
#3934 = VERTEX_POINT('',#3935);
#3935 = CARTESIAN_POINT('',(182.357,-96.014,1.51));
#3936 = LINE('',#3937,#3938);
#3937 = CARTESIAN_POINT('',(182.357,-96.014,1.51));
#3938 = VECTOR('',#3939,1.);
#3939 = DIRECTION('',(1.,0.,0.));
#3940 = ORIENTED_EDGE('',*,*,#3941,.F.);
#3941 = EDGE_CURVE('',#3942,#3934,#3944,.T.);
#3942 = VERTEX_POINT('',#3943);
#3943 = CARTESIAN_POINT('',(182.357,-92.784,1.51));
#3944 = LINE('',#3945,#3946);
#3945 = CARTESIAN_POINT('',(182.357,-92.784,1.51));
#3946 = VECTOR('',#3947,1.);
#3947 = DIRECTION('',(0.,-1.,0.));
#3948 = ORIENTED_EDGE('',*,*,#3949,.F.);
#3949 = EDGE_CURVE('',#3950,#3942,#3952,.T.);
#3950 = VERTEX_POINT('',#3951);
#3951 = CARTESIAN_POINT('',(142.732,-92.784,1.51));
#3952 = LINE('',#3953,#3954);
#3953 = CARTESIAN_POINT('',(142.732,-92.784,1.51));
#3954 = VECTOR('',#3955,1.);
#3955 = DIRECTION('',(1.,0.,0.));
#3956 = ORIENTED_EDGE('',*,*,#3957,.F.);
#3957 = EDGE_CURVE('',#3958,#3950,#3960,.T.);
#3958 = VERTEX_POINT('',#3959);
#3959 = CARTESIAN_POINT('',(142.732,-97.484,1.51));
#3960 = LINE('',#3961,#3962);
#3961 = CARTESIAN_POINT('',(142.732,-97.484,1.51));
#3962 = VECTOR('',#3963,1.);
#3963 = DIRECTION('',(0.,1.,0.));
#3964 = ORIENTED_EDGE('',*,*,#3965,.F.);
#3965 = EDGE_CURVE('',#3966,#3958,#3968,.T.);
#3966 = VERTEX_POINT('',#3967);
#3967 = CARTESIAN_POINT('',(128.732,-97.484,1.51));
#3968 = LINE('',#3969,#3970);
#3969 = CARTESIAN_POINT('',(128.732,-97.484,1.51));
#3970 = VECTOR('',#3971,1.);
#3971 = DIRECTION('',(1.,0.,0.));
#3972 = ORIENTED_EDGE('',*,*,#3973,.F.);
#3973 = EDGE_CURVE('',#3974,#3966,#3976,.T.);
#3974 = VERTEX_POINT('',#3975);
#3975 = CARTESIAN_POINT('',(128.732,-92.784,1.51));
#3976 = LINE('',#3977,#3978);
#3977 = CARTESIAN_POINT('',(128.732,-92.784,1.51));
#3978 = VECTOR('',#3979,1.);
#3979 = DIRECTION('',(0.,-1.,0.));
#3980 = ORIENTED_EDGE('',*,*,#3981,.F.);
#3981 = EDGE_CURVE('',#3982,#3974,#3984,.T.);
#3982 = VERTEX_POINT('',#3983);
#3983 = CARTESIAN_POINT('',(89.107,-92.784,1.51));
#3984 = LINE('',#3985,#3986);
#3985 = CARTESIAN_POINT('',(89.107,-92.784,1.51));
#3986 = VECTOR('',#3987,1.);
#3987 = DIRECTION('',(1.,0.,0.));
#3988 = ORIENTED_EDGE('',*,*,#3989,.F.);
#3989 = EDGE_CURVE('',#3990,#3982,#3992,.T.);
#3990 = VERTEX_POINT('',#3991);
#3991 = CARTESIAN_POINT('',(89.107,-96.014,1.51));
#3992 = LINE('',#3993,#3994);
#3993 = CARTESIAN_POINT('',(89.107,-96.014,1.51));
#3994 = VECTOR('',#3995,1.);
#3995 = DIRECTION('',(0.,1.,0.));
#3996 = ORIENTED_EDGE('',*,*,#3997,.F.);
#3997 = EDGE_CURVE('',#3998,#3990,#4000,.T.);
#3998 = VERTEX_POINT('',#3999);
#3999 = CARTESIAN_POINT('',(82.357,-96.014,1.51));
#4000 = LINE('',#4001,#4002);
#4001 = CARTESIAN_POINT('',(82.357,-96.014,1.51));
#4002 = VECTOR('',#4003,1.);
#4003 = DIRECTION('',(1.,0.,0.));
#4004 = ORIENTED_EDGE('',*,*,#4005,.F.);
#4005 = EDGE_CURVE('',#4006,#3998,#4008,.T.);
#4006 = VERTEX_POINT('',#4007);
#4007 = CARTESIAN_POINT('',(82.357,-92.784,1.51));
#4008 = LINE('',#4009,#4010);
#4009 = CARTESIAN_POINT('',(82.357,-92.784,1.51));
#4010 = VECTOR('',#4011,1.);
#4011 = DIRECTION('',(0.,-1.,0.));
#4012 = ORIENTED_EDGE('',*,*,#4013,.F.);
#4013 = EDGE_CURVE('',#4014,#4006,#4016,.T.);
#4014 = VERTEX_POINT('',#4015);
#4015 = CARTESIAN_POINT('',(81.532,-92.784,1.51));
#4016 = LINE('',#4017,#4018);
#4017 = CARTESIAN_POINT('',(81.532,-92.784,1.51));
#4018 = VECTOR('',#4019,1.);
#4019 = DIRECTION('',(1.,0.,0.));
#4020 = ORIENTED_EDGE('',*,*,#4021,.F.);
#4021 = EDGE_CURVE('',#4022,#4014,#4024,.T.);
#4022 = VERTEX_POINT('',#4023);
#4023 = CARTESIAN_POINT('',(81.532,-89.984,1.51));
#4024 = LINE('',#4025,#4026);
#4025 = CARTESIAN_POINT('',(81.532,-89.984,1.51));
#4026 = VECTOR('',#4027,1.);
#4027 = DIRECTION('',(0.,-1.,0.));
#4028 = ORIENTED_EDGE('',*,*,#4029,.F.);
#4029 = EDGE_CURVE('',#4030,#4022,#4032,.T.);
#4030 = VERTEX_POINT('',#4031);
#4031 = CARTESIAN_POINT('',(82.357,-89.984,1.51));
#4032 = LINE('',#4033,#4034);
#4033 = CARTESIAN_POINT('',(82.357,-89.984,1.51));
#4034 = VECTOR('',#4035,1.);
#4035 = DIRECTION('',(-1.,0.,0.));
#4036 = ORIENTED_EDGE('',*,*,#4037,.F.);
#4037 = EDGE_CURVE('',#3758,#4030,#4038,.T.);
#4038 = LINE('',#4039,#4040);
#4039 = CARTESIAN_POINT('',(82.357,-83.714,1.51));
#4040 = VECTOR('',#4041,1.);
#4041 = DIRECTION('',(0.,-1.,0.));
#4042 = FACE_BOUND('',#4043,.T.);
#4043 = EDGE_LOOP('',(#4044,#4054,#4062,#4070,#4078,#4086,#4094,#4102,
    #4110,#4118,#4126,#4134,#4142,#4150,#4158,#4166,#4174,#4182,#4190,
    #4198,#4206,#4214,#4222,#4230,#4238,#4246,#4254,#4262,#4270,#4278,
    #4286,#4294,#4302,#4310,#4318,#4326));
#4044 = ORIENTED_EDGE('',*,*,#4045,.F.);
#4045 = EDGE_CURVE('',#4046,#4048,#4050,.T.);
#4046 = VERTEX_POINT('',#4047);
#4047 = CARTESIAN_POINT('',(19.194,-69.134,1.51));
#4048 = VERTEX_POINT('',#4049);
#4049 = CARTESIAN_POINT('',(17.669,-69.134,1.51));
#4050 = LINE('',#4051,#4052);
#4051 = CARTESIAN_POINT('',(19.194,-69.134,1.51));
#4052 = VECTOR('',#4053,1.);
#4053 = DIRECTION('',(-1.,0.,0.));
#4054 = ORIENTED_EDGE('',*,*,#4055,.F.);
#4055 = EDGE_CURVE('',#4056,#4046,#4058,.T.);
#4056 = VERTEX_POINT('',#4057);
#4057 = CARTESIAN_POINT('',(19.194,-64.434,1.51));
#4058 = LINE('',#4059,#4060);
#4059 = CARTESIAN_POINT('',(19.194,-64.434,1.51));
#4060 = VECTOR('',#4061,1.);
#4061 = DIRECTION('',(0.,-1.,0.));
#4062 = ORIENTED_EDGE('',*,*,#4063,.F.);
#4063 = EDGE_CURVE('',#4064,#4056,#4066,.T.);
#4064 = VERTEX_POINT('',#4065);
#4065 = CARTESIAN_POINT('',(33.194,-64.434,1.51));
#4066 = LINE('',#4067,#4068);
#4067 = CARTESIAN_POINT('',(33.194,-64.434,1.51));
#4068 = VECTOR('',#4069,1.);
#4069 = DIRECTION('',(-1.,0.,0.));
#4070 = ORIENTED_EDGE('',*,*,#4071,.F.);
#4071 = EDGE_CURVE('',#4072,#4064,#4074,.T.);
#4072 = VERTEX_POINT('',#4073);
#4073 = CARTESIAN_POINT('',(33.194,-69.134,1.51));
#4074 = LINE('',#4075,#4076);
#4075 = CARTESIAN_POINT('',(33.194,-69.134,1.51));
#4076 = VECTOR('',#4077,1.);
#4077 = DIRECTION('',(0.,1.,0.));
#4078 = ORIENTED_EDGE('',*,*,#4079,.F.);
#4079 = EDGE_CURVE('',#4080,#4072,#4082,.T.);
#4080 = VERTEX_POINT('',#4081);
#4081 = CARTESIAN_POINT('',(34.719,-69.134,1.51));
#4082 = LINE('',#4083,#4084);
#4083 = CARTESIAN_POINT('',(34.719,-69.134,1.51));
#4084 = VECTOR('',#4085,1.);
#4085 = DIRECTION('',(-1.,0.,0.));
#4086 = ORIENTED_EDGE('',*,*,#4087,.F.);
#4087 = EDGE_CURVE('',#4088,#4080,#4090,.T.);
#4088 = VERTEX_POINT('',#4089);
#4089 = CARTESIAN_POINT('',(34.719,-65.904,1.51));
#4090 = LINE('',#4091,#4092);
#4091 = CARTESIAN_POINT('',(34.719,-65.904,1.51));
#4092 = VECTOR('',#4093,1.);
#4093 = DIRECTION('',(0.,-1.,0.));
#4094 = ORIENTED_EDGE('',*,*,#4095,.F.);
#4095 = EDGE_CURVE('',#4096,#4088,#4098,.T.);
#4096 = VERTEX_POINT('',#4097);
#4097 = CARTESIAN_POINT('',(41.469,-65.904,1.51));
#4098 = LINE('',#4099,#4100);
#4099 = CARTESIAN_POINT('',(41.469,-65.904,1.51));
#4100 = VECTOR('',#4101,1.);
#4101 = DIRECTION('',(-1.,0.,0.));
#4102 = ORIENTED_EDGE('',*,*,#4103,.F.);
#4103 = EDGE_CURVE('',#4104,#4096,#4106,.T.);
#4104 = VERTEX_POINT('',#4105);
#4105 = CARTESIAN_POINT('',(41.469,-69.134,1.51));
#4106 = LINE('',#4107,#4108);
#4107 = CARTESIAN_POINT('',(41.469,-69.134,1.51));
#4108 = VECTOR('',#4109,1.);
#4109 = DIRECTION('',(0.,1.,0.));
#4110 = ORIENTED_EDGE('',*,*,#4111,.F.);
#4111 = EDGE_CURVE('',#4112,#4104,#4114,.T.);
#4112 = VERTEX_POINT('',#4113);
#4113 = CARTESIAN_POINT('',(42.294,-69.134,1.51));
#4114 = LINE('',#4115,#4116);
#4115 = CARTESIAN_POINT('',(42.294,-69.134,1.51));
#4116 = VECTOR('',#4117,1.);
#4117 = DIRECTION('',(-1.,0.,0.));
#4118 = ORIENTED_EDGE('',*,*,#4119,.F.);
#4119 = EDGE_CURVE('',#4120,#4112,#4122,.T.);
#4120 = VERTEX_POINT('',#4121);
#4121 = CARTESIAN_POINT('',(42.294,-71.934,1.51));
#4122 = LINE('',#4123,#4124);
#4123 = CARTESIAN_POINT('',(42.294,-71.934,1.51));
#4124 = VECTOR('',#4125,1.);
#4125 = DIRECTION('',(0.,1.,0.));
#4126 = ORIENTED_EDGE('',*,*,#4127,.F.);
#4127 = EDGE_CURVE('',#4128,#4120,#4130,.T.);
#4128 = VERTEX_POINT('',#4129);
#4129 = CARTESIAN_POINT('',(41.469,-71.934,1.51));
#4130 = LINE('',#4131,#4132);
#4131 = CARTESIAN_POINT('',(41.469,-71.934,1.51));
#4132 = VECTOR('',#4133,1.);
#4133 = DIRECTION('',(1.,0.,0.));
#4134 = ORIENTED_EDGE('',*,*,#4135,.F.);
#4135 = EDGE_CURVE('',#4136,#4128,#4138,.T.);
#4136 = VERTEX_POINT('',#4137);
#4137 = CARTESIAN_POINT('',(41.469,-78.204,1.51));
#4138 = LINE('',#4139,#4140);
#4139 = CARTESIAN_POINT('',(41.469,-78.204,1.51));
#4140 = VECTOR('',#4141,1.);
#4141 = DIRECTION('',(0.,1.,0.));
#4142 = ORIENTED_EDGE('',*,*,#4143,.F.);
#4143 = EDGE_CURVE('',#4144,#4136,#4146,.T.);
#4144 = VERTEX_POINT('',#4145);
#4145 = CARTESIAN_POINT('',(39.744,-78.204,1.51));
#4146 = LINE('',#4147,#4148);
#4147 = CARTESIAN_POINT('',(39.744,-78.204,1.51));
#4148 = VECTOR('',#4149,1.);
#4149 = DIRECTION('',(1.,0.,0.));
#4150 = ORIENTED_EDGE('',*,*,#4151,.F.);
#4151 = EDGE_CURVE('',#4152,#4144,#4154,.T.);
#4152 = VERTEX_POINT('',#4153);
#4153 = CARTESIAN_POINT('',(39.744,-79.404,1.51));
#4154 = LINE('',#4155,#4156);
#4155 = CARTESIAN_POINT('',(39.744,-79.404,1.51));
#4156 = VECTOR('',#4157,1.);
#4157 = DIRECTION('',(0.,1.,0.));
#4158 = ORIENTED_EDGE('',*,*,#4159,.F.);
#4159 = EDGE_CURVE('',#4160,#4152,#4162,.T.);
#4160 = VERTEX_POINT('',#4161);
#4161 = CARTESIAN_POINT('',(36.444,-79.404,1.51));
#4162 = LINE('',#4163,#4164);
#4163 = CARTESIAN_POINT('',(36.444,-79.404,1.51));
#4164 = VECTOR('',#4165,1.);
#4165 = DIRECTION('',(1.,0.,0.));
#4166 = ORIENTED_EDGE('',*,*,#4167,.F.);
#4167 = EDGE_CURVE('',#4168,#4160,#4170,.T.);
#4168 = VERTEX_POINT('',#4169);
#4169 = CARTESIAN_POINT('',(36.444,-78.204,1.51));
#4170 = LINE('',#4171,#4172);
#4171 = CARTESIAN_POINT('',(36.444,-78.204,1.51));
#4172 = VECTOR('',#4173,1.);
#4173 = DIRECTION('',(0.,-1.,0.));
#4174 = ORIENTED_EDGE('',*,*,#4175,.F.);
#4175 = EDGE_CURVE('',#4176,#4168,#4178,.T.);
#4176 = VERTEX_POINT('',#4177);
#4177 = CARTESIAN_POINT('',(34.719,-78.204,1.51));
#4178 = LINE('',#4179,#4180);
#4179 = CARTESIAN_POINT('',(34.719,-78.204,1.51));
#4180 = VECTOR('',#4181,1.);
#4181 = DIRECTION('',(1.,0.,0.));
#4182 = ORIENTED_EDGE('',*,*,#4183,.F.);
#4183 = EDGE_CURVE('',#4184,#4176,#4186,.T.);
#4184 = VERTEX_POINT('',#4185);
#4185 = CARTESIAN_POINT('',(34.719,-73.734,1.51));
#4186 = LINE('',#4187,#4188);
#4187 = CARTESIAN_POINT('',(34.719,-73.734,1.51));
#4188 = VECTOR('',#4189,1.);
#4189 = DIRECTION('',(0.,-1.,0.));
#4190 = ORIENTED_EDGE('',*,*,#4191,.F.);
#4191 = EDGE_CURVE('',#4192,#4184,#4194,.T.);
#4192 = VERTEX_POINT('',#4193);
#4193 = CARTESIAN_POINT('',(33.194,-73.734,1.51));
#4194 = LINE('',#4195,#4196);
#4195 = CARTESIAN_POINT('',(33.194,-73.734,1.51));
#4196 = VECTOR('',#4197,1.);
#4197 = DIRECTION('',(1.,0.,0.));
#4198 = ORIENTED_EDGE('',*,*,#4199,.F.);
#4199 = EDGE_CURVE('',#4200,#4192,#4202,.T.);
#4200 = VERTEX_POINT('',#4201);
#4201 = CARTESIAN_POINT('',(33.194,-78.434,1.51));
#4202 = LINE('',#4203,#4204);
#4203 = CARTESIAN_POINT('',(33.194,-78.434,1.51));
#4204 = VECTOR('',#4205,1.);
#4205 = DIRECTION('',(0.,1.,0.));
#4206 = ORIENTED_EDGE('',*,*,#4207,.F.);
#4207 = EDGE_CURVE('',#4208,#4200,#4210,.T.);
#4208 = VERTEX_POINT('',#4209);
#4209 = CARTESIAN_POINT('',(19.194,-78.434,1.51));
#4210 = LINE('',#4211,#4212);
#4211 = CARTESIAN_POINT('',(19.194,-78.434,1.51));
#4212 = VECTOR('',#4213,1.);
#4213 = DIRECTION('',(1.,0.,0.));
#4214 = ORIENTED_EDGE('',*,*,#4215,.F.);
#4215 = EDGE_CURVE('',#4216,#4208,#4218,.T.);
#4216 = VERTEX_POINT('',#4217);
#4217 = CARTESIAN_POINT('',(19.194,-73.734,1.51));
#4218 = LINE('',#4219,#4220);
#4219 = CARTESIAN_POINT('',(19.194,-73.734,1.51));
#4220 = VECTOR('',#4221,1.);
#4221 = DIRECTION('',(0.,-1.,0.));
#4222 = ORIENTED_EDGE('',*,*,#4223,.F.);
#4223 = EDGE_CURVE('',#4224,#4216,#4226,.T.);
#4224 = VERTEX_POINT('',#4225);
#4225 = CARTESIAN_POINT('',(17.669,-73.734,1.51));
#4226 = LINE('',#4227,#4228);
#4227 = CARTESIAN_POINT('',(17.669,-73.734,1.51));
#4228 = VECTOR('',#4229,1.);
#4229 = DIRECTION('',(1.,0.,0.));
#4230 = ORIENTED_EDGE('',*,*,#4231,.F.);
#4231 = EDGE_CURVE('',#4232,#4224,#4234,.T.);
#4232 = VERTEX_POINT('',#4233);
#4233 = CARTESIAN_POINT('',(17.669,-78.204,1.51));
#4234 = LINE('',#4235,#4236);
#4235 = CARTESIAN_POINT('',(17.669,-78.204,1.51));
#4236 = VECTOR('',#4237,1.);
#4237 = DIRECTION('',(0.,1.,0.));
#4238 = ORIENTED_EDGE('',*,*,#4239,.F.);
#4239 = EDGE_CURVE('',#4240,#4232,#4242,.T.);
#4240 = VERTEX_POINT('',#4241);
#4241 = CARTESIAN_POINT('',(15.944,-78.204,1.51));
#4242 = LINE('',#4243,#4244);
#4243 = CARTESIAN_POINT('',(15.944,-78.204,1.51));
#4244 = VECTOR('',#4245,1.);
#4245 = DIRECTION('',(1.,0.,0.));
#4246 = ORIENTED_EDGE('',*,*,#4247,.F.);
#4247 = EDGE_CURVE('',#4248,#4240,#4250,.T.);
#4248 = VERTEX_POINT('',#4249);
#4249 = CARTESIAN_POINT('',(15.944,-79.404,1.51));
#4250 = LINE('',#4251,#4252);
#4251 = CARTESIAN_POINT('',(15.944,-79.404,1.51));
#4252 = VECTOR('',#4253,1.);
#4253 = DIRECTION('',(0.,1.,0.));
#4254 = ORIENTED_EDGE('',*,*,#4255,.F.);
#4255 = EDGE_CURVE('',#4256,#4248,#4258,.T.);
#4256 = VERTEX_POINT('',#4257);
#4257 = CARTESIAN_POINT('',(12.644,-79.404,1.51));
#4258 = LINE('',#4259,#4260);
#4259 = CARTESIAN_POINT('',(12.644,-79.404,1.51));
#4260 = VECTOR('',#4261,1.);
#4261 = DIRECTION('',(1.,0.,0.));
#4262 = ORIENTED_EDGE('',*,*,#4263,.F.);
#4263 = EDGE_CURVE('',#4264,#4256,#4266,.T.);
#4264 = VERTEX_POINT('',#4265);
#4265 = CARTESIAN_POINT('',(12.644,-78.204,1.51));
#4266 = LINE('',#4267,#4268);
#4267 = CARTESIAN_POINT('',(12.644,-78.204,1.51));
#4268 = VECTOR('',#4269,1.);
#4269 = DIRECTION('',(0.,-1.,0.));
#4270 = ORIENTED_EDGE('',*,*,#4271,.F.);
#4271 = EDGE_CURVE('',#4272,#4264,#4274,.T.);
#4272 = VERTEX_POINT('',#4273);
#4273 = CARTESIAN_POINT('',(10.919,-78.204,1.51));
#4274 = LINE('',#4275,#4276);
#4275 = CARTESIAN_POINT('',(10.919,-78.204,1.51));
#4276 = VECTOR('',#4277,1.);
#4277 = DIRECTION('',(1.,0.,0.));
#4278 = ORIENTED_EDGE('',*,*,#4279,.F.);
#4279 = EDGE_CURVE('',#4280,#4272,#4282,.T.);
#4280 = VERTEX_POINT('',#4281);
#4281 = CARTESIAN_POINT('',(10.919,-71.934,1.51));
#4282 = LINE('',#4283,#4284);
#4283 = CARTESIAN_POINT('',(10.919,-71.934,1.51));
#4284 = VECTOR('',#4285,1.);
#4285 = DIRECTION('',(0.,-1.,0.));
#4286 = ORIENTED_EDGE('',*,*,#4287,.F.);
#4287 = EDGE_CURVE('',#4288,#4280,#4290,.T.);
#4288 = VERTEX_POINT('',#4289);
#4289 = CARTESIAN_POINT('',(10.094,-71.934,1.51));
#4290 = LINE('',#4291,#4292);
#4291 = CARTESIAN_POINT('',(10.094,-71.934,1.51));
#4292 = VECTOR('',#4293,1.);
#4293 = DIRECTION('',(1.,0.,0.));
#4294 = ORIENTED_EDGE('',*,*,#4295,.F.);
#4295 = EDGE_CURVE('',#4296,#4288,#4298,.T.);
#4296 = VERTEX_POINT('',#4297);
#4297 = CARTESIAN_POINT('',(10.094,-69.134,1.51));
#4298 = LINE('',#4299,#4300);
#4299 = CARTESIAN_POINT('',(10.094,-69.134,1.51));
#4300 = VECTOR('',#4301,1.);
#4301 = DIRECTION('',(0.,-1.,0.));
#4302 = ORIENTED_EDGE('',*,*,#4303,.F.);
#4303 = EDGE_CURVE('',#4304,#4296,#4306,.T.);
#4304 = VERTEX_POINT('',#4305);
#4305 = CARTESIAN_POINT('',(10.919,-69.134,1.51));
#4306 = LINE('',#4307,#4308);
#4307 = CARTESIAN_POINT('',(10.919,-69.134,1.51));
#4308 = VECTOR('',#4309,1.);
#4309 = DIRECTION('',(-1.,0.,0.));
#4310 = ORIENTED_EDGE('',*,*,#4311,.F.);
#4311 = EDGE_CURVE('',#4312,#4304,#4314,.T.);
#4312 = VERTEX_POINT('',#4313);
#4313 = CARTESIAN_POINT('',(10.919,-65.904,1.51));
#4314 = LINE('',#4315,#4316);
#4315 = CARTESIAN_POINT('',(10.919,-65.904,1.51));
#4316 = VECTOR('',#4317,1.);
#4317 = DIRECTION('',(0.,-1.,0.));
#4318 = ORIENTED_EDGE('',*,*,#4319,.F.);
#4319 = EDGE_CURVE('',#4320,#4312,#4322,.T.);
#4320 = VERTEX_POINT('',#4321);
#4321 = CARTESIAN_POINT('',(17.669,-65.904,1.51));
#4322 = LINE('',#4323,#4324);
#4323 = CARTESIAN_POINT('',(17.669,-65.904,1.51));
#4324 = VECTOR('',#4325,1.);
#4325 = DIRECTION('',(-1.,0.,0.));
#4326 = ORIENTED_EDGE('',*,*,#4327,.F.);
#4327 = EDGE_CURVE('',#4048,#4320,#4328,.T.);
#4328 = LINE('',#4329,#4330);
#4329 = CARTESIAN_POINT('',(17.669,-69.134,1.51));
#4330 = VECTOR('',#4331,1.);
#4331 = DIRECTION('',(0.,1.,0.));
#4332 = FACE_BOUND('',#4333,.T.);
#4333 = EDGE_LOOP('',(#4334,#4344,#4352,#4360));
#4334 = ORIENTED_EDGE('',*,*,#4335,.F.);
#4335 = EDGE_CURVE('',#4336,#4338,#4340,.T.);
#4336 = VERTEX_POINT('',#4337);
#4337 = CARTESIAN_POINT('',(50.151,-78.434,1.51));
#4338 = VERTEX_POINT('',#4339);
#4339 = CARTESIAN_POINT('',(64.151,-78.434,1.51));
#4340 = LINE('',#4341,#4342);
#4341 = CARTESIAN_POINT('',(50.151,-78.434,1.51));
#4342 = VECTOR('',#4343,1.);
#4343 = DIRECTION('',(1.,0.,0.));
#4344 = ORIENTED_EDGE('',*,*,#4345,.F.);
#4345 = EDGE_CURVE('',#4346,#4336,#4348,.T.);
#4346 = VERTEX_POINT('',#4347);
#4347 = CARTESIAN_POINT('',(50.151,-64.434,1.51));
#4348 = LINE('',#4349,#4350);
#4349 = CARTESIAN_POINT('',(50.151,-64.434,1.51));
#4350 = VECTOR('',#4351,1.);
#4351 = DIRECTION('',(0.,-1.,0.));
#4352 = ORIENTED_EDGE('',*,*,#4353,.F.);
#4353 = EDGE_CURVE('',#4354,#4346,#4356,.T.);
#4354 = VERTEX_POINT('',#4355);
#4355 = CARTESIAN_POINT('',(64.151,-64.434,1.51));
#4356 = LINE('',#4357,#4358);
#4357 = CARTESIAN_POINT('',(64.151,-64.434,1.51));
#4358 = VECTOR('',#4359,1.);
#4359 = DIRECTION('',(-1.,0.,0.));
#4360 = ORIENTED_EDGE('',*,*,#4361,.F.);
#4361 = EDGE_CURVE('',#4338,#4354,#4362,.T.);
#4362 = LINE('',#4363,#4364);
#4363 = CARTESIAN_POINT('',(64.151,-78.434,1.51));
#4364 = VECTOR('',#4365,1.);
#4365 = DIRECTION('',(0.,1.,0.));
#4366 = FACE_BOUND('',#4367,.T.);
#4367 = EDGE_LOOP('',(#4368,#4378,#4386,#4394));
#4368 = ORIENTED_EDGE('',*,*,#4369,.F.);
#4369 = EDGE_CURVE('',#4370,#4372,#4374,.T.);
#4370 = VERTEX_POINT('',#4371);
#4371 = CARTESIAN_POINT('',(69.201,-78.434,1.51));
#4372 = VERTEX_POINT('',#4373);
#4373 = CARTESIAN_POINT('',(83.201,-78.434,1.51));
#4374 = LINE('',#4375,#4376);
#4375 = CARTESIAN_POINT('',(69.201,-78.434,1.51));
#4376 = VECTOR('',#4377,1.);
#4377 = DIRECTION('',(1.,0.,0.));
#4378 = ORIENTED_EDGE('',*,*,#4379,.F.);
#4379 = EDGE_CURVE('',#4380,#4370,#4382,.T.);
#4380 = VERTEX_POINT('',#4381);
#4381 = CARTESIAN_POINT('',(69.201,-64.434,1.51));
#4382 = LINE('',#4383,#4384);
#4383 = CARTESIAN_POINT('',(69.201,-64.434,1.51));
#4384 = VECTOR('',#4385,1.);
#4385 = DIRECTION('',(0.,-1.,0.));
#4386 = ORIENTED_EDGE('',*,*,#4387,.F.);
#4387 = EDGE_CURVE('',#4388,#4380,#4390,.T.);
#4388 = VERTEX_POINT('',#4389);
#4389 = CARTESIAN_POINT('',(83.201,-64.434,1.51));
#4390 = LINE('',#4391,#4392);
#4391 = CARTESIAN_POINT('',(83.201,-64.434,1.51));
#4392 = VECTOR('',#4393,1.);
#4393 = DIRECTION('',(-1.,0.,0.));
#4394 = ORIENTED_EDGE('',*,*,#4395,.F.);
#4395 = EDGE_CURVE('',#4372,#4388,#4396,.T.);
#4396 = LINE('',#4397,#4398);
#4397 = CARTESIAN_POINT('',(83.201,-78.434,1.51));
#4398 = VECTOR('',#4399,1.);
#4399 = DIRECTION('',(0.,1.,0.));
#4400 = FACE_BOUND('',#4401,.T.);
#4401 = EDGE_LOOP('',(#4402,#4412,#4420,#4428));
#4402 = ORIENTED_EDGE('',*,*,#4403,.F.);
#4403 = EDGE_CURVE('',#4404,#4406,#4408,.T.);
#4404 = VERTEX_POINT('',#4405);
#4405 = CARTESIAN_POINT('',(88.251,-78.434,1.51));
#4406 = VERTEX_POINT('',#4407);
#4407 = CARTESIAN_POINT('',(102.251,-78.434,1.51));
#4408 = LINE('',#4409,#4410);
#4409 = CARTESIAN_POINT('',(88.251,-78.434,1.51));
#4410 = VECTOR('',#4411,1.);
#4411 = DIRECTION('',(1.,0.,0.));
#4412 = ORIENTED_EDGE('',*,*,#4413,.F.);
#4413 = EDGE_CURVE('',#4414,#4404,#4416,.T.);
#4414 = VERTEX_POINT('',#4415);
#4415 = CARTESIAN_POINT('',(88.251,-64.434,1.51));
#4416 = LINE('',#4417,#4418);
#4417 = CARTESIAN_POINT('',(88.251,-64.434,1.51));
#4418 = VECTOR('',#4419,1.);
#4419 = DIRECTION('',(0.,-1.,0.));
#4420 = ORIENTED_EDGE('',*,*,#4421,.F.);
#4421 = EDGE_CURVE('',#4422,#4414,#4424,.T.);
#4422 = VERTEX_POINT('',#4423);
#4423 = CARTESIAN_POINT('',(102.251,-64.434,1.51));
#4424 = LINE('',#4425,#4426);
#4425 = CARTESIAN_POINT('',(102.251,-64.434,1.51));
#4426 = VECTOR('',#4427,1.);
#4427 = DIRECTION('',(-1.,0.,0.));
#4428 = ORIENTED_EDGE('',*,*,#4429,.F.);
#4429 = EDGE_CURVE('',#4406,#4422,#4430,.T.);
#4430 = LINE('',#4431,#4432);
#4431 = CARTESIAN_POINT('',(102.251,-78.434,1.51));
#4432 = VECTOR('',#4433,1.);
#4433 = DIRECTION('',(0.,1.,0.));
#4434 = FACE_BOUND('',#4435,.T.);
#4435 = EDGE_LOOP('',(#4436,#4446,#4454,#4462));
#4436 = ORIENTED_EDGE('',*,*,#4437,.F.);
#4437 = EDGE_CURVE('',#4438,#4440,#4442,.T.);
#4438 = VERTEX_POINT('',#4439);
#4439 = CARTESIAN_POINT('',(107.301,-78.434,1.51));
#4440 = VERTEX_POINT('',#4441);
#4441 = CARTESIAN_POINT('',(121.301,-78.434,1.51));
#4442 = LINE('',#4443,#4444);
#4443 = CARTESIAN_POINT('',(107.301,-78.434,1.51));
#4444 = VECTOR('',#4445,1.);
#4445 = DIRECTION('',(1.,0.,0.));
#4446 = ORIENTED_EDGE('',*,*,#4447,.F.);
#4447 = EDGE_CURVE('',#4448,#4438,#4450,.T.);
#4448 = VERTEX_POINT('',#4449);
#4449 = CARTESIAN_POINT('',(107.301,-64.434,1.51));
#4450 = LINE('',#4451,#4452);
#4451 = CARTESIAN_POINT('',(107.301,-64.434,1.51));
#4452 = VECTOR('',#4453,1.);
#4453 = DIRECTION('',(0.,-1.,0.));
#4454 = ORIENTED_EDGE('',*,*,#4455,.F.);
#4455 = EDGE_CURVE('',#4456,#4448,#4458,.T.);
#4456 = VERTEX_POINT('',#4457);
#4457 = CARTESIAN_POINT('',(121.301,-64.434,1.51));
#4458 = LINE('',#4459,#4460);
#4459 = CARTESIAN_POINT('',(121.301,-64.434,1.51));
#4460 = VECTOR('',#4461,1.);
#4461 = DIRECTION('',(-1.,0.,0.));
#4462 = ORIENTED_EDGE('',*,*,#4463,.F.);
#4463 = EDGE_CURVE('',#4440,#4456,#4464,.T.);
#4464 = LINE('',#4465,#4466);
#4465 = CARTESIAN_POINT('',(121.301,-78.434,1.51));
#4466 = VECTOR('',#4467,1.);
#4467 = DIRECTION('',(0.,1.,0.));
#4468 = FACE_BOUND('',#4469,.T.);
#4469 = EDGE_LOOP('',(#4470,#4480,#4488,#4496));
#4470 = ORIENTED_EDGE('',*,*,#4471,.F.);
#4471 = EDGE_CURVE('',#4472,#4474,#4476,.T.);
#4472 = VERTEX_POINT('',#4473);
#4473 = CARTESIAN_POINT('',(126.351,-78.434,1.51));
#4474 = VERTEX_POINT('',#4475);
#4475 = CARTESIAN_POINT('',(140.351,-78.434,1.51));
#4476 = LINE('',#4477,#4478);
#4477 = CARTESIAN_POINT('',(126.351,-78.434,1.51));
#4478 = VECTOR('',#4479,1.);
#4479 = DIRECTION('',(1.,0.,0.));
#4480 = ORIENTED_EDGE('',*,*,#4481,.F.);
#4481 = EDGE_CURVE('',#4482,#4472,#4484,.T.);
#4482 = VERTEX_POINT('',#4483);
#4483 = CARTESIAN_POINT('',(126.351,-64.434,1.51));
#4484 = LINE('',#4485,#4486);
#4485 = CARTESIAN_POINT('',(126.351,-64.434,1.51));
#4486 = VECTOR('',#4487,1.);
#4487 = DIRECTION('',(0.,-1.,0.));
#4488 = ORIENTED_EDGE('',*,*,#4489,.F.);
#4489 = EDGE_CURVE('',#4490,#4482,#4492,.T.);
#4490 = VERTEX_POINT('',#4491);
#4491 = CARTESIAN_POINT('',(140.351,-64.434,1.51));
#4492 = LINE('',#4493,#4494);
#4493 = CARTESIAN_POINT('',(140.351,-64.434,1.51));
#4494 = VECTOR('',#4495,1.);
#4495 = DIRECTION('',(-1.,0.,0.));
#4496 = ORIENTED_EDGE('',*,*,#4497,.F.);
#4497 = EDGE_CURVE('',#4474,#4490,#4498,.T.);
#4498 = LINE('',#4499,#4500);
#4499 = CARTESIAN_POINT('',(140.351,-78.434,1.51));
#4500 = VECTOR('',#4501,1.);
#4501 = DIRECTION('',(0.,1.,0.));
#4502 = FACE_BOUND('',#4503,.T.);
#4503 = EDGE_LOOP('',(#4504,#4514,#4522,#4530));
#4504 = ORIENTED_EDGE('',*,*,#4505,.F.);
#4505 = EDGE_CURVE('',#4506,#4508,#4510,.T.);
#4506 = VERTEX_POINT('',#4507);
#4507 = CARTESIAN_POINT('',(145.401,-78.434,1.51));
#4508 = VERTEX_POINT('',#4509);
#4509 = CARTESIAN_POINT('',(159.401,-78.434,1.51));
#4510 = LINE('',#4511,#4512);
#4511 = CARTESIAN_POINT('',(145.401,-78.434,1.51));
#4512 = VECTOR('',#4513,1.);
#4513 = DIRECTION('',(1.,0.,0.));
#4514 = ORIENTED_EDGE('',*,*,#4515,.F.);
#4515 = EDGE_CURVE('',#4516,#4506,#4518,.T.);
#4516 = VERTEX_POINT('',#4517);
#4517 = CARTESIAN_POINT('',(145.401,-64.434,1.51));
#4518 = LINE('',#4519,#4520);
#4519 = CARTESIAN_POINT('',(145.401,-64.434,1.51));
#4520 = VECTOR('',#4521,1.);
#4521 = DIRECTION('',(0.,-1.,0.));
#4522 = ORIENTED_EDGE('',*,*,#4523,.F.);
#4523 = EDGE_CURVE('',#4524,#4516,#4526,.T.);
#4524 = VERTEX_POINT('',#4525);
#4525 = CARTESIAN_POINT('',(159.401,-64.434,1.51));
#4526 = LINE('',#4527,#4528);
#4527 = CARTESIAN_POINT('',(159.401,-64.434,1.51));
#4528 = VECTOR('',#4529,1.);
#4529 = DIRECTION('',(-1.,0.,0.));
#4530 = ORIENTED_EDGE('',*,*,#4531,.F.);
#4531 = EDGE_CURVE('',#4508,#4524,#4532,.T.);
#4532 = LINE('',#4533,#4534);
#4533 = CARTESIAN_POINT('',(159.401,-78.434,1.51));
#4534 = VECTOR('',#4535,1.);
#4535 = DIRECTION('',(0.,1.,0.));
#4536 = FACE_BOUND('',#4537,.T.);
#4537 = EDGE_LOOP('',(#4538));
#4538 = ORIENTED_EDGE('',*,*,#4539,.T.);
#4539 = EDGE_CURVE('',#4540,#4540,#4542,.T.);
#4540 = VERTEX_POINT('',#4541);
#4541 = CARTESIAN_POINT('',(215.106916,-108.25625,1.51));
#4542 = CIRCLE('',#4543,1.1);
#4543 = AXIS2_PLACEMENT_3D('',#4544,#4545,#4546);
#4544 = CARTESIAN_POINT('',(215.106916,-107.15625,1.51));
#4545 = DIRECTION('',(-0.,0.,-1.));
#4546 = DIRECTION('',(-0.,-1.,0.));
#4547 = FACE_BOUND('',#4548,.T.);
#4548 = EDGE_LOOP('',(#4549,#4559,#4567,#4575));
#4549 = ORIENTED_EDGE('',*,*,#4550,.F.);
#4550 = EDGE_CURVE('',#4551,#4553,#4555,.T.);
#4551 = VERTEX_POINT('',#4552);
#4552 = CARTESIAN_POINT('',(197.788,-97.484,1.51));
#4553 = VERTEX_POINT('',#4554);
#4554 = CARTESIAN_POINT('',(211.788,-97.484,1.51));
#4555 = LINE('',#4556,#4557);
#4556 = CARTESIAN_POINT('',(197.788,-97.484,1.51));
#4557 = VECTOR('',#4558,1.);
#4558 = DIRECTION('',(1.,0.,0.));
#4559 = ORIENTED_EDGE('',*,*,#4560,.F.);
#4560 = EDGE_CURVE('',#4561,#4551,#4563,.T.);
#4561 = VERTEX_POINT('',#4562);
#4562 = CARTESIAN_POINT('',(197.788,-83.484,1.51));
#4563 = LINE('',#4564,#4565);
#4564 = CARTESIAN_POINT('',(197.788,-83.484,1.51));
#4565 = VECTOR('',#4566,1.);
#4566 = DIRECTION('',(0.,-1.,0.));
#4567 = ORIENTED_EDGE('',*,*,#4568,.F.);
#4568 = EDGE_CURVE('',#4569,#4561,#4571,.T.);
#4569 = VERTEX_POINT('',#4570);
#4570 = CARTESIAN_POINT('',(211.788,-83.484,1.51));
#4571 = LINE('',#4572,#4573);
#4572 = CARTESIAN_POINT('',(211.788,-83.484,1.51));
#4573 = VECTOR('',#4574,1.);
#4574 = DIRECTION('',(-1.,0.,0.));
#4575 = ORIENTED_EDGE('',*,*,#4576,.F.);
#4576 = EDGE_CURVE('',#4553,#4569,#4577,.T.);
#4577 = LINE('',#4578,#4579);
#4578 = CARTESIAN_POINT('',(211.788,-97.484,1.51));
#4579 = VECTOR('',#4580,1.);
#4580 = DIRECTION('',(0.,1.,0.));
#4581 = FACE_BOUND('',#4582,.T.);
#4582 = EDGE_LOOP('',(#4583,#4593,#4601,#4609));
#4583 = ORIENTED_EDGE('',*,*,#4584,.F.);
#4584 = EDGE_CURVE('',#4585,#4587,#4589,.T.);
#4585 = VERTEX_POINT('',#4586);
#4586 = CARTESIAN_POINT('',(216.838,-97.484,1.51));
#4587 = VERTEX_POINT('',#4588);
#4588 = CARTESIAN_POINT('',(230.838,-97.484,1.51));
#4589 = LINE('',#4590,#4591);
#4590 = CARTESIAN_POINT('',(216.838,-97.484,1.51));
#4591 = VECTOR('',#4592,1.);
#4592 = DIRECTION('',(1.,0.,0.));
#4593 = ORIENTED_EDGE('',*,*,#4594,.F.);
#4594 = EDGE_CURVE('',#4595,#4585,#4597,.T.);
#4595 = VERTEX_POINT('',#4596);
#4596 = CARTESIAN_POINT('',(216.838,-83.484,1.51));
#4597 = LINE('',#4598,#4599);
#4598 = CARTESIAN_POINT('',(216.838,-83.484,1.51));
#4599 = VECTOR('',#4600,1.);
#4600 = DIRECTION('',(0.,-1.,0.));
#4601 = ORIENTED_EDGE('',*,*,#4602,.F.);
#4602 = EDGE_CURVE('',#4603,#4595,#4605,.T.);
#4603 = VERTEX_POINT('',#4604);
#4604 = CARTESIAN_POINT('',(230.838,-83.484,1.51));
#4605 = LINE('',#4606,#4607);
#4606 = CARTESIAN_POINT('',(230.838,-83.484,1.51));
#4607 = VECTOR('',#4608,1.);
#4608 = DIRECTION('',(-1.,0.,0.));
#4609 = ORIENTED_EDGE('',*,*,#4610,.F.);
#4610 = EDGE_CURVE('',#4587,#4603,#4611,.T.);
#4611 = LINE('',#4612,#4613);
#4612 = CARTESIAN_POINT('',(230.838,-97.484,1.51));
#4613 = VECTOR('',#4614,1.);
#4614 = DIRECTION('',(0.,1.,0.));
#4615 = FACE_BOUND('',#4616,.T.);
#4616 = EDGE_LOOP('',(#4617,#4627,#4635,#4643));
#4617 = ORIENTED_EDGE('',*,*,#4618,.F.);
#4618 = EDGE_CURVE('',#4619,#4621,#4623,.T.);
#4619 = VERTEX_POINT('',#4620);
#4620 = CARTESIAN_POINT('',(259.701,-102.247,1.51));
#4621 = VERTEX_POINT('',#4622);
#4622 = CARTESIAN_POINT('',(273.701,-102.247,1.51));
#4623 = LINE('',#4624,#4625);
#4624 = CARTESIAN_POINT('',(259.701,-102.247,1.51));
#4625 = VECTOR('',#4626,1.);
#4626 = DIRECTION('',(1.,0.,0.));
#4627 = ORIENTED_EDGE('',*,*,#4628,.F.);
#4628 = EDGE_CURVE('',#4629,#4619,#4631,.T.);
#4629 = VERTEX_POINT('',#4630);
#4630 = CARTESIAN_POINT('',(259.701,-88.247,1.51));
#4631 = LINE('',#4632,#4633);
#4632 = CARTESIAN_POINT('',(259.701,-88.247,1.51));
#4633 = VECTOR('',#4634,1.);
#4634 = DIRECTION('',(0.,-1.,0.));
#4635 = ORIENTED_EDGE('',*,*,#4636,.F.);
#4636 = EDGE_CURVE('',#4637,#4629,#4639,.T.);
#4637 = VERTEX_POINT('',#4638);
#4638 = CARTESIAN_POINT('',(273.701,-88.247,1.51));
#4639 = LINE('',#4640,#4641);
#4640 = CARTESIAN_POINT('',(273.701,-88.247,1.51));
#4641 = VECTOR('',#4642,1.);
#4642 = DIRECTION('',(-1.,0.,0.));
#4643 = ORIENTED_EDGE('',*,*,#4644,.F.);
#4644 = EDGE_CURVE('',#4621,#4637,#4645,.T.);
#4645 = LINE('',#4646,#4647);
#4646 = CARTESIAN_POINT('',(273.701,-102.247,1.51));
#4647 = VECTOR('',#4648,1.);
#4648 = DIRECTION('',(0.,1.,0.));
#4649 = FACE_BOUND('',#4650,.T.);
#4650 = EDGE_LOOP('',(#4651));
#4651 = ORIENTED_EDGE('',*,*,#4652,.T.);
#4652 = EDGE_CURVE('',#4653,#4653,#4655,.T.);
#4653 = VERTEX_POINT('',#4654);
#4654 = CARTESIAN_POINT('',(321.46875,-108.25625,1.51));
#4655 = CIRCLE('',#4656,1.1);
#4656 = AXIS2_PLACEMENT_3D('',#4657,#4658,#4659);
#4657 = CARTESIAN_POINT('',(321.46875,-107.15625,1.51));
#4658 = DIRECTION('',(-0.,0.,-1.));
#4659 = DIRECTION('',(-0.,-1.,0.));
#4660 = FACE_BOUND('',#4661,.T.);
#4661 = EDGE_LOOP('',(#4662,#4672,#4680,#4688));
#4662 = ORIENTED_EDGE('',*,*,#4663,.F.);
#4663 = EDGE_CURVE('',#4664,#4666,#4668,.T.);
#4664 = VERTEX_POINT('',#4665);
#4665 = CARTESIAN_POINT('',(278.751,-102.247,1.51));
#4666 = VERTEX_POINT('',#4667);
#4667 = CARTESIAN_POINT('',(292.751,-102.247,1.51));
#4668 = LINE('',#4669,#4670);
#4669 = CARTESIAN_POINT('',(278.751,-102.247,1.51));
#4670 = VECTOR('',#4671,1.);
#4671 = DIRECTION('',(1.,0.,0.));
#4672 = ORIENTED_EDGE('',*,*,#4673,.F.);
#4673 = EDGE_CURVE('',#4674,#4664,#4676,.T.);
#4674 = VERTEX_POINT('',#4675);
#4675 = CARTESIAN_POINT('',(278.751,-88.247,1.51));
#4676 = LINE('',#4677,#4678);
#4677 = CARTESIAN_POINT('',(278.751,-88.247,1.51));
#4678 = VECTOR('',#4679,1.);
#4679 = DIRECTION('',(0.,-1.,0.));
#4680 = ORIENTED_EDGE('',*,*,#4681,.F.);
#4681 = EDGE_CURVE('',#4682,#4674,#4684,.T.);
#4682 = VERTEX_POINT('',#4683);
#4683 = CARTESIAN_POINT('',(292.751,-88.247,1.51));
#4684 = LINE('',#4685,#4686);
#4685 = CARTESIAN_POINT('',(292.751,-88.247,1.51));
#4686 = VECTOR('',#4687,1.);
#4687 = DIRECTION('',(-1.,0.,0.));
#4688 = ORIENTED_EDGE('',*,*,#4689,.F.);
#4689 = EDGE_CURVE('',#4666,#4682,#4690,.T.);
#4690 = LINE('',#4691,#4692);
#4691 = CARTESIAN_POINT('',(292.751,-102.247,1.51));
#4692 = VECTOR('',#4693,1.);
#4693 = DIRECTION('',(0.,1.,0.));
#4694 = FACE_BOUND('',#4695,.T.);
#4695 = EDGE_LOOP('',(#4696,#4706,#4714,#4722));
#4696 = ORIENTED_EDGE('',*,*,#4697,.F.);
#4697 = EDGE_CURVE('',#4698,#4700,#4702,.T.);
#4698 = VERTEX_POINT('',#4699);
#4699 = CARTESIAN_POINT('',(297.801,-102.247,1.51));
#4700 = VERTEX_POINT('',#4701);
#4701 = CARTESIAN_POINT('',(311.801,-102.247,1.51));
#4702 = LINE('',#4703,#4704);
#4703 = CARTESIAN_POINT('',(297.801,-102.247,1.51));
#4704 = VECTOR('',#4705,1.);
#4705 = DIRECTION('',(1.,0.,0.));
#4706 = ORIENTED_EDGE('',*,*,#4707,.F.);
#4707 = EDGE_CURVE('',#4708,#4698,#4710,.T.);
#4708 = VERTEX_POINT('',#4709);
#4709 = CARTESIAN_POINT('',(297.801,-88.247,1.51));
#4710 = LINE('',#4711,#4712);
#4711 = CARTESIAN_POINT('',(297.801,-88.247,1.51));
#4712 = VECTOR('',#4713,1.);
#4713 = DIRECTION('',(0.,-1.,0.));
#4714 = ORIENTED_EDGE('',*,*,#4715,.F.);
#4715 = EDGE_CURVE('',#4716,#4708,#4718,.T.);
#4716 = VERTEX_POINT('',#4717);
#4717 = CARTESIAN_POINT('',(311.801,-88.247,1.51));
#4718 = LINE('',#4719,#4720);
#4719 = CARTESIAN_POINT('',(311.801,-88.247,1.51));
#4720 = VECTOR('',#4721,1.);
#4721 = DIRECTION('',(-1.,0.,0.));
#4722 = ORIENTED_EDGE('',*,*,#4723,.F.);
#4723 = EDGE_CURVE('',#4700,#4716,#4724,.T.);
#4724 = LINE('',#4725,#4726);
#4725 = CARTESIAN_POINT('',(311.801,-102.247,1.51));
#4726 = VECTOR('',#4727,1.);
#4727 = DIRECTION('',(0.,1.,0.));
#4728 = FACE_BOUND('',#4729,.T.);
#4729 = EDGE_LOOP('',(#4730,#4740,#4748,#4756));
#4730 = ORIENTED_EDGE('',*,*,#4731,.F.);
#4731 = EDGE_CURVE('',#4732,#4734,#4736,.T.);
#4732 = VERTEX_POINT('',#4733);
#4733 = CARTESIAN_POINT('',(235.888,-97.484,1.51));
#4734 = VERTEX_POINT('',#4735);
#4735 = CARTESIAN_POINT('',(249.888,-97.484,1.51));
#4736 = LINE('',#4737,#4738);
#4737 = CARTESIAN_POINT('',(235.888,-97.484,1.51));
#4738 = VECTOR('',#4739,1.);
#4739 = DIRECTION('',(1.,0.,0.));
#4740 = ORIENTED_EDGE('',*,*,#4741,.F.);
#4741 = EDGE_CURVE('',#4742,#4732,#4744,.T.);
#4742 = VERTEX_POINT('',#4743);
#4743 = CARTESIAN_POINT('',(235.888,-83.484,1.51));
#4744 = LINE('',#4745,#4746);
#4745 = CARTESIAN_POINT('',(235.888,-83.484,1.51));
#4746 = VECTOR('',#4747,1.);
#4747 = DIRECTION('',(0.,-1.,0.));
#4748 = ORIENTED_EDGE('',*,*,#4749,.F.);
#4749 = EDGE_CURVE('',#4750,#4742,#4752,.T.);
#4750 = VERTEX_POINT('',#4751);
#4751 = CARTESIAN_POINT('',(249.888,-83.484,1.51));
#4752 = LINE('',#4753,#4754);
#4753 = CARTESIAN_POINT('',(249.888,-83.484,1.51));
#4754 = VECTOR('',#4755,1.);
#4755 = DIRECTION('',(-1.,0.,0.));
#4756 = ORIENTED_EDGE('',*,*,#4757,.F.);
#4757 = EDGE_CURVE('',#4734,#4750,#4758,.T.);
#4758 = LINE('',#4759,#4760);
#4759 = CARTESIAN_POINT('',(249.888,-97.484,1.51));
#4760 = VECTOR('',#4761,1.);
#4761 = DIRECTION('',(0.,1.,0.));
#4762 = FACE_BOUND('',#4763,.T.);
#4763 = EDGE_LOOP('',(#4764,#4774,#4782,#4790));
#4764 = ORIENTED_EDGE('',*,*,#4765,.F.);
#4765 = EDGE_CURVE('',#4766,#4768,#4770,.T.);
#4766 = VERTEX_POINT('',#4767);
#4767 = CARTESIAN_POINT('',(164.451,-78.434,1.51));
#4768 = VERTEX_POINT('',#4769);
#4769 = CARTESIAN_POINT('',(178.451,-78.434,1.51));
#4770 = LINE('',#4771,#4772);
#4771 = CARTESIAN_POINT('',(164.451,-78.434,1.51));
#4772 = VECTOR('',#4773,1.);
#4773 = DIRECTION('',(1.,0.,0.));
#4774 = ORIENTED_EDGE('',*,*,#4775,.F.);
#4775 = EDGE_CURVE('',#4776,#4766,#4778,.T.);
#4776 = VERTEX_POINT('',#4777);
#4777 = CARTESIAN_POINT('',(164.451,-64.434,1.51));
#4778 = LINE('',#4779,#4780);
#4779 = CARTESIAN_POINT('',(164.451,-64.434,1.51));
#4780 = VECTOR('',#4781,1.);
#4781 = DIRECTION('',(0.,-1.,0.));
#4782 = ORIENTED_EDGE('',*,*,#4783,.F.);
#4783 = EDGE_CURVE('',#4784,#4776,#4786,.T.);
#4784 = VERTEX_POINT('',#4785);
#4785 = CARTESIAN_POINT('',(178.451,-64.434,1.51));
#4786 = LINE('',#4787,#4788);
#4787 = CARTESIAN_POINT('',(178.451,-64.434,1.51));
#4788 = VECTOR('',#4789,1.);
#4789 = DIRECTION('',(-1.,0.,0.));
#4790 = ORIENTED_EDGE('',*,*,#4791,.F.);
#4791 = EDGE_CURVE('',#4768,#4784,#4792,.T.);
#4792 = LINE('',#4793,#4794);
#4793 = CARTESIAN_POINT('',(178.451,-78.434,1.51));
#4794 = VECTOR('',#4795,1.);
#4795 = DIRECTION('',(0.,1.,0.));
#4796 = FACE_BOUND('',#4797,.T.);
#4797 = EDGE_LOOP('',(#4798,#4808,#4816,#4824));
#4798 = ORIENTED_EDGE('',*,*,#4799,.F.);
#4799 = EDGE_CURVE('',#4800,#4802,#4804,.T.);
#4800 = VERTEX_POINT('',#4801);
#4801 = CARTESIAN_POINT('',(183.501,-78.434,1.51));
#4802 = VERTEX_POINT('',#4803);
#4803 = CARTESIAN_POINT('',(197.501,-78.434,1.51));
#4804 = LINE('',#4805,#4806);
#4805 = CARTESIAN_POINT('',(183.501,-78.434,1.51));
#4806 = VECTOR('',#4807,1.);
#4807 = DIRECTION('',(1.,0.,0.));
#4808 = ORIENTED_EDGE('',*,*,#4809,.F.);
#4809 = EDGE_CURVE('',#4810,#4800,#4812,.T.);
#4810 = VERTEX_POINT('',#4811);
#4811 = CARTESIAN_POINT('',(183.501,-64.434,1.51));
#4812 = LINE('',#4813,#4814);
#4813 = CARTESIAN_POINT('',(183.501,-64.434,1.51));
#4814 = VECTOR('',#4815,1.);
#4815 = DIRECTION('',(0.,-1.,0.));
#4816 = ORIENTED_EDGE('',*,*,#4817,.F.);
#4817 = EDGE_CURVE('',#4818,#4810,#4820,.T.);
#4818 = VERTEX_POINT('',#4819);
#4819 = CARTESIAN_POINT('',(197.501,-64.434,1.51));
#4820 = LINE('',#4821,#4822);
#4821 = CARTESIAN_POINT('',(197.501,-64.434,1.51));
#4822 = VECTOR('',#4823,1.);
#4823 = DIRECTION('',(-1.,0.,0.));
#4824 = ORIENTED_EDGE('',*,*,#4825,.F.);
#4825 = EDGE_CURVE('',#4802,#4818,#4826,.T.);
#4826 = LINE('',#4827,#4828);
#4827 = CARTESIAN_POINT('',(197.501,-78.434,1.51));
#4828 = VECTOR('',#4829,1.);
#4829 = DIRECTION('',(0.,1.,0.));
#4830 = FACE_BOUND('',#4831,.T.);
#4831 = EDGE_LOOP('',(#4832,#4842,#4850,#4858));
#4832 = ORIENTED_EDGE('',*,*,#4833,.F.);
#4833 = EDGE_CURVE('',#4834,#4836,#4838,.T.);
#4834 = VERTEX_POINT('',#4835);
#4835 = CARTESIAN_POINT('',(202.551,-78.434,1.51));
#4836 = VERTEX_POINT('',#4837);
#4837 = CARTESIAN_POINT('',(216.551,-78.434,1.51));
#4838 = LINE('',#4839,#4840);
#4839 = CARTESIAN_POINT('',(202.551,-78.434,1.51));
#4840 = VECTOR('',#4841,1.);
#4841 = DIRECTION('',(1.,0.,0.));
#4842 = ORIENTED_EDGE('',*,*,#4843,.F.);
#4843 = EDGE_CURVE('',#4844,#4834,#4846,.T.);
#4844 = VERTEX_POINT('',#4845);
#4845 = CARTESIAN_POINT('',(202.551,-64.434,1.51));
#4846 = LINE('',#4847,#4848);
#4847 = CARTESIAN_POINT('',(202.551,-64.434,1.51));
#4848 = VECTOR('',#4849,1.);
#4849 = DIRECTION('',(0.,-1.,0.));
#4850 = ORIENTED_EDGE('',*,*,#4851,.F.);
#4851 = EDGE_CURVE('',#4852,#4844,#4854,.T.);
#4852 = VERTEX_POINT('',#4853);
#4853 = CARTESIAN_POINT('',(216.551,-64.434,1.51));
#4854 = LINE('',#4855,#4856);
#4855 = CARTESIAN_POINT('',(216.551,-64.434,1.51));
#4856 = VECTOR('',#4857,1.);
#4857 = DIRECTION('',(-1.,0.,0.));
#4858 = ORIENTED_EDGE('',*,*,#4859,.F.);
#4859 = EDGE_CURVE('',#4836,#4852,#4860,.T.);
#4860 = LINE('',#4861,#4862);
#4861 = CARTESIAN_POINT('',(216.551,-78.434,1.51));
#4862 = VECTOR('',#4863,1.);
#4863 = DIRECTION('',(0.,1.,0.));
#4864 = FACE_BOUND('',#4865,.T.);
#4865 = EDGE_LOOP('',(#4866,#4876,#4884,#4892));
#4866 = ORIENTED_EDGE('',*,*,#4867,.F.);
#4867 = EDGE_CURVE('',#4868,#4870,#4872,.T.);
#4868 = VERTEX_POINT('',#4869);
#4869 = CARTESIAN_POINT('',(221.601,-78.434,1.51));
#4870 = VERTEX_POINT('',#4871);
#4871 = CARTESIAN_POINT('',(235.601,-78.434,1.51));
#4872 = LINE('',#4873,#4874);
#4873 = CARTESIAN_POINT('',(221.601,-78.434,1.51));
#4874 = VECTOR('',#4875,1.);
#4875 = DIRECTION('',(1.,0.,0.));
#4876 = ORIENTED_EDGE('',*,*,#4877,.F.);
#4877 = EDGE_CURVE('',#4878,#4868,#4880,.T.);
#4878 = VERTEX_POINT('',#4879);
#4879 = CARTESIAN_POINT('',(221.601,-64.434,1.51));
#4880 = LINE('',#4881,#4882);
#4881 = CARTESIAN_POINT('',(221.601,-64.434,1.51));
#4882 = VECTOR('',#4883,1.);
#4883 = DIRECTION('',(0.,-1.,0.));
#4884 = ORIENTED_EDGE('',*,*,#4885,.F.);
#4885 = EDGE_CURVE('',#4886,#4878,#4888,.T.);
#4886 = VERTEX_POINT('',#4887);
#4887 = CARTESIAN_POINT('',(235.601,-64.434,1.51));
#4888 = LINE('',#4889,#4890);
#4889 = CARTESIAN_POINT('',(235.601,-64.434,1.51));
#4890 = VECTOR('',#4891,1.);
#4891 = DIRECTION('',(-1.,0.,0.));
#4892 = ORIENTED_EDGE('',*,*,#4893,.F.);
#4893 = EDGE_CURVE('',#4870,#4886,#4894,.T.);
#4894 = LINE('',#4895,#4896);
#4895 = CARTESIAN_POINT('',(235.601,-78.434,1.51));
#4896 = VECTOR('',#4897,1.);
#4897 = DIRECTION('',(0.,1.,0.));
#4898 = FACE_BOUND('',#4899,.T.);
#4899 = EDGE_LOOP('',(#4900,#4910,#4918,#4926));
#4900 = ORIENTED_EDGE('',*,*,#4901,.F.);
#4901 = EDGE_CURVE('',#4902,#4904,#4906,.T.);
#4902 = VERTEX_POINT('',#4903);
#4903 = CARTESIAN_POINT('',(247.794,-78.434,1.51));
#4904 = VERTEX_POINT('',#4905);
#4905 = CARTESIAN_POINT('',(261.794,-78.434,1.51));
#4906 = LINE('',#4907,#4908);
#4907 = CARTESIAN_POINT('',(247.794,-78.434,1.51));
#4908 = VECTOR('',#4909,1.);
#4909 = DIRECTION('',(1.,0.,0.));
#4910 = ORIENTED_EDGE('',*,*,#4911,.F.);
#4911 = EDGE_CURVE('',#4912,#4902,#4914,.T.);
#4912 = VERTEX_POINT('',#4913);
#4913 = CARTESIAN_POINT('',(247.794,-64.434,1.51));
#4914 = LINE('',#4915,#4916);
#4915 = CARTESIAN_POINT('',(247.794,-64.434,1.51));
#4916 = VECTOR('',#4917,1.);
#4917 = DIRECTION('',(0.,-1.,0.));
#4918 = ORIENTED_EDGE('',*,*,#4919,.F.);
#4919 = EDGE_CURVE('',#4920,#4912,#4922,.T.);
#4920 = VERTEX_POINT('',#4921);
#4921 = CARTESIAN_POINT('',(261.794,-64.434,1.51));
#4922 = LINE('',#4923,#4924);
#4923 = CARTESIAN_POINT('',(261.794,-64.434,1.51));
#4924 = VECTOR('',#4925,1.);
#4925 = DIRECTION('',(-1.,0.,0.));
#4926 = ORIENTED_EDGE('',*,*,#4927,.F.);
#4927 = EDGE_CURVE('',#4904,#4920,#4928,.T.);
#4928 = LINE('',#4929,#4930);
#4929 = CARTESIAN_POINT('',(261.794,-78.434,1.51));
#4930 = VECTOR('',#4931,1.);
#4931 = DIRECTION('',(0.,1.,0.));
#4932 = FACE_BOUND('',#4933,.T.);
#4933 = EDGE_LOOP('',(#4934,#4944,#4952,#4960));
#4934 = ORIENTED_EDGE('',*,*,#4935,.F.);
#4935 = EDGE_CURVE('',#4936,#4938,#4940,.T.);
#4936 = VERTEX_POINT('',#4937);
#4937 = CARTESIAN_POINT('',(278.751,-83.197,1.51));
#4938 = VERTEX_POINT('',#4939);
#4939 = CARTESIAN_POINT('',(292.751,-83.197,1.51));
#4940 = LINE('',#4941,#4942);
#4941 = CARTESIAN_POINT('',(278.751,-83.197,1.51));
#4942 = VECTOR('',#4943,1.);
#4943 = DIRECTION('',(1.,0.,0.));
#4944 = ORIENTED_EDGE('',*,*,#4945,.F.);
#4945 = EDGE_CURVE('',#4946,#4936,#4948,.T.);
#4946 = VERTEX_POINT('',#4947);
#4947 = CARTESIAN_POINT('',(278.751,-69.197,1.51));
#4948 = LINE('',#4949,#4950);
#4949 = CARTESIAN_POINT('',(278.751,-69.197,1.51));
#4950 = VECTOR('',#4951,1.);
#4951 = DIRECTION('',(0.,-1.,0.));
#4952 = ORIENTED_EDGE('',*,*,#4953,.F.);
#4953 = EDGE_CURVE('',#4954,#4946,#4956,.T.);
#4954 = VERTEX_POINT('',#4955);
#4955 = CARTESIAN_POINT('',(292.751,-69.197,1.51));
#4956 = LINE('',#4957,#4958);
#4957 = CARTESIAN_POINT('',(292.751,-69.197,1.51));
#4958 = VECTOR('',#4959,1.);
#4959 = DIRECTION('',(-1.,0.,0.));
#4960 = ORIENTED_EDGE('',*,*,#4961,.F.);
#4961 = EDGE_CURVE('',#4938,#4954,#4962,.T.);
#4962 = LINE('',#4963,#4964);
#4963 = CARTESIAN_POINT('',(292.751,-83.197,1.51));
#4964 = VECTOR('',#4965,1.);
#4965 = DIRECTION('',(0.,1.,0.));
#4966 = FACE_BOUND('',#4967,.T.);
#4967 = EDGE_LOOP('',(#4968,#4978,#4986,#4994));
#4968 = ORIENTED_EDGE('',*,*,#4969,.F.);
#4969 = EDGE_CURVE('',#4970,#4972,#4974,.T.);
#4970 = VERTEX_POINT('',#4971);
#4971 = CARTESIAN_POINT('',(302.563,-78.434,1.51));
#4972 = VERTEX_POINT('',#4973);
#4973 = CARTESIAN_POINT('',(316.563,-78.434,1.51));
#4974 = LINE('',#4975,#4976);
#4975 = CARTESIAN_POINT('',(302.563,-78.434,1.51));
#4976 = VECTOR('',#4977,1.);
#4977 = DIRECTION('',(1.,0.,0.));
#4978 = ORIENTED_EDGE('',*,*,#4979,.F.);
#4979 = EDGE_CURVE('',#4980,#4970,#4982,.T.);
#4980 = VERTEX_POINT('',#4981);
#4981 = CARTESIAN_POINT('',(302.563,-64.434,1.51));
#4982 = LINE('',#4983,#4984);
#4983 = CARTESIAN_POINT('',(302.563,-64.434,1.51));
#4984 = VECTOR('',#4985,1.);
#4985 = DIRECTION('',(0.,-1.,0.));
#4986 = ORIENTED_EDGE('',*,*,#4987,.F.);
#4987 = EDGE_CURVE('',#4988,#4980,#4990,.T.);
#4988 = VERTEX_POINT('',#4989);
#4989 = CARTESIAN_POINT('',(316.563,-64.434,1.51));
#4990 = LINE('',#4991,#4992);
#4991 = CARTESIAN_POINT('',(316.563,-64.434,1.51));
#4992 = VECTOR('',#4993,1.);
#4993 = DIRECTION('',(-1.,0.,0.));
#4994 = ORIENTED_EDGE('',*,*,#4995,.F.);
#4995 = EDGE_CURVE('',#4972,#4988,#4996,.T.);
#4996 = LINE('',#4997,#4998);
#4997 = CARTESIAN_POINT('',(316.563,-78.434,1.51));
#4998 = VECTOR('',#4999,1.);
#4999 = DIRECTION('',(0.,1.,0.));
#5000 = FACE_BOUND('',#5001,.T.);
#5001 = EDGE_LOOP('',(#5002,#5012,#5020,#5028));
#5002 = ORIENTED_EDGE('',*,*,#5003,.F.);
#5003 = EDGE_CURVE('',#5004,#5006,#5008,.T.);
#5004 = VERTEX_POINT('',#5005);
#5005 = CARTESIAN_POINT('',(14.432,-59.384,1.51));
#5006 = VERTEX_POINT('',#5007);
#5007 = CARTESIAN_POINT('',(28.432,-59.384,1.51));
#5008 = LINE('',#5009,#5010);
#5009 = CARTESIAN_POINT('',(14.432,-59.384,1.51));
#5010 = VECTOR('',#5011,1.);
#5011 = DIRECTION('',(1.,0.,0.));
#5012 = ORIENTED_EDGE('',*,*,#5013,.F.);
#5013 = EDGE_CURVE('',#5014,#5004,#5016,.T.);
#5014 = VERTEX_POINT('',#5015);
#5015 = CARTESIAN_POINT('',(14.432,-45.384,1.51));
#5016 = LINE('',#5017,#5018);
#5017 = CARTESIAN_POINT('',(14.432,-45.384,1.51));
#5018 = VECTOR('',#5019,1.);
#5019 = DIRECTION('',(0.,-1.,0.));
#5020 = ORIENTED_EDGE('',*,*,#5021,.F.);
#5021 = EDGE_CURVE('',#5022,#5014,#5024,.T.);
#5022 = VERTEX_POINT('',#5023);
#5023 = CARTESIAN_POINT('',(28.432,-45.384,1.51));
#5024 = LINE('',#5025,#5026);
#5025 = CARTESIAN_POINT('',(28.432,-45.384,1.51));
#5026 = VECTOR('',#5027,1.);
#5027 = DIRECTION('',(-1.,0.,0.));
#5028 = ORIENTED_EDGE('',*,*,#5029,.F.);
#5029 = EDGE_CURVE('',#5006,#5022,#5030,.T.);
#5030 = LINE('',#5031,#5032);
#5031 = CARTESIAN_POINT('',(28.432,-59.384,1.51));
#5032 = VECTOR('',#5033,1.);
#5033 = DIRECTION('',(0.,1.,0.));
#5034 = FACE_BOUND('',#5035,.T.);
#5035 = EDGE_LOOP('',(#5036,#5046,#5054,#5062));
#5036 = ORIENTED_EDGE('',*,*,#5037,.F.);
#5037 = EDGE_CURVE('',#5038,#5040,#5042,.T.);
#5038 = VERTEX_POINT('',#5039);
#5039 = CARTESIAN_POINT('',(40.626,-59.384,1.51));
#5040 = VERTEX_POINT('',#5041);
#5041 = CARTESIAN_POINT('',(54.626,-59.384,1.51));
#5042 = LINE('',#5043,#5044);
#5043 = CARTESIAN_POINT('',(40.626,-59.384,1.51));
#5044 = VECTOR('',#5045,1.);
#5045 = DIRECTION('',(1.,0.,0.));
#5046 = ORIENTED_EDGE('',*,*,#5047,.F.);
#5047 = EDGE_CURVE('',#5048,#5038,#5050,.T.);
#5048 = VERTEX_POINT('',#5049);
#5049 = CARTESIAN_POINT('',(40.626,-45.384,1.51));
#5050 = LINE('',#5051,#5052);
#5051 = CARTESIAN_POINT('',(40.626,-45.384,1.51));
#5052 = VECTOR('',#5053,1.);
#5053 = DIRECTION('',(0.,-1.,0.));
#5054 = ORIENTED_EDGE('',*,*,#5055,.F.);
#5055 = EDGE_CURVE('',#5056,#5048,#5058,.T.);
#5056 = VERTEX_POINT('',#5057);
#5057 = CARTESIAN_POINT('',(54.626,-45.384,1.51));
#5058 = LINE('',#5059,#5060);
#5059 = CARTESIAN_POINT('',(54.626,-45.384,1.51));
#5060 = VECTOR('',#5061,1.);
#5061 = DIRECTION('',(-1.,0.,0.));
#5062 = ORIENTED_EDGE('',*,*,#5063,.F.);
#5063 = EDGE_CURVE('',#5040,#5056,#5064,.T.);
#5064 = LINE('',#5065,#5066);
#5065 = CARTESIAN_POINT('',(54.626,-59.384,1.51));
#5066 = VECTOR('',#5067,1.);
#5067 = DIRECTION('',(0.,1.,0.));
#5068 = FACE_BOUND('',#5069,.T.);
#5069 = EDGE_LOOP('',(#5070,#5080,#5088,#5096));
#5070 = ORIENTED_EDGE('',*,*,#5071,.F.);
#5071 = EDGE_CURVE('',#5072,#5074,#5076,.T.);
#5072 = VERTEX_POINT('',#5073);
#5073 = CARTESIAN_POINT('',(59.676,-59.384,1.51));
#5074 = VERTEX_POINT('',#5075);
#5075 = CARTESIAN_POINT('',(73.676,-59.384,1.51));
#5076 = LINE('',#5077,#5078);
#5077 = CARTESIAN_POINT('',(59.676,-59.384,1.51));
#5078 = VECTOR('',#5079,1.);
#5079 = DIRECTION('',(1.,0.,0.));
#5080 = ORIENTED_EDGE('',*,*,#5081,.F.);
#5081 = EDGE_CURVE('',#5082,#5072,#5084,.T.);
#5082 = VERTEX_POINT('',#5083);
#5083 = CARTESIAN_POINT('',(59.676,-45.384,1.51));
#5084 = LINE('',#5085,#5086);
#5085 = CARTESIAN_POINT('',(59.676,-45.384,1.51));
#5086 = VECTOR('',#5087,1.);
#5087 = DIRECTION('',(0.,-1.,0.));
#5088 = ORIENTED_EDGE('',*,*,#5089,.F.);
#5089 = EDGE_CURVE('',#5090,#5082,#5092,.T.);
#5090 = VERTEX_POINT('',#5091);
#5091 = CARTESIAN_POINT('',(73.676,-45.384,1.51));
#5092 = LINE('',#5093,#5094);
#5093 = CARTESIAN_POINT('',(73.676,-45.384,1.51));
#5094 = VECTOR('',#5095,1.);
#5095 = DIRECTION('',(-1.,0.,0.));
#5096 = ORIENTED_EDGE('',*,*,#5097,.F.);
#5097 = EDGE_CURVE('',#5074,#5090,#5098,.T.);
#5098 = LINE('',#5099,#5100);
#5099 = CARTESIAN_POINT('',(73.676,-59.384,1.51));
#5100 = VECTOR('',#5101,1.);
#5101 = DIRECTION('',(0.,1.,0.));
#5102 = FACE_BOUND('',#5103,.T.);
#5103 = EDGE_LOOP('',(#5104,#5114,#5122,#5130));
#5104 = ORIENTED_EDGE('',*,*,#5105,.F.);
#5105 = EDGE_CURVE('',#5106,#5108,#5110,.T.);
#5106 = VERTEX_POINT('',#5107);
#5107 = CARTESIAN_POINT('',(12.051,-40.334,1.51));
#5108 = VERTEX_POINT('',#5109);
#5109 = CARTESIAN_POINT('',(26.051,-40.334,1.51));
#5110 = LINE('',#5111,#5112);
#5111 = CARTESIAN_POINT('',(12.051,-40.334,1.51));
#5112 = VECTOR('',#5113,1.);
#5113 = DIRECTION('',(1.,0.,0.));
#5114 = ORIENTED_EDGE('',*,*,#5115,.F.);
#5115 = EDGE_CURVE('',#5116,#5106,#5118,.T.);
#5116 = VERTEX_POINT('',#5117);
#5117 = CARTESIAN_POINT('',(12.051,-26.334,1.51));
#5118 = LINE('',#5119,#5120);
#5119 = CARTESIAN_POINT('',(12.051,-26.334,1.51));
#5120 = VECTOR('',#5121,1.);
#5121 = DIRECTION('',(0.,-1.,0.));
#5122 = ORIENTED_EDGE('',*,*,#5123,.F.);
#5123 = EDGE_CURVE('',#5124,#5116,#5126,.T.);
#5124 = VERTEX_POINT('',#5125);
#5125 = CARTESIAN_POINT('',(26.051,-26.334,1.51));
#5126 = LINE('',#5127,#5128);
#5127 = CARTESIAN_POINT('',(26.051,-26.334,1.51));
#5128 = VECTOR('',#5129,1.);
#5129 = DIRECTION('',(-1.,0.,0.));
#5130 = ORIENTED_EDGE('',*,*,#5131,.F.);
#5131 = EDGE_CURVE('',#5108,#5124,#5132,.T.);
#5132 = LINE('',#5133,#5134);
#5133 = CARTESIAN_POINT('',(26.051,-40.334,1.51));
#5134 = VECTOR('',#5135,1.);
#5135 = DIRECTION('',(0.,1.,0.));
#5136 = FACE_BOUND('',#5137,.T.);
#5137 = EDGE_LOOP('',(#5138,#5148,#5156,#5164));
#5138 = ORIENTED_EDGE('',*,*,#5139,.F.);
#5139 = EDGE_CURVE('',#5140,#5142,#5144,.T.);
#5140 = VERTEX_POINT('',#5141);
#5141 = CARTESIAN_POINT('',(35.863,-40.334,1.51));
#5142 = VERTEX_POINT('',#5143);
#5143 = CARTESIAN_POINT('',(49.863,-40.334,1.51));
#5144 = LINE('',#5145,#5146);
#5145 = CARTESIAN_POINT('',(35.863,-40.334,1.51));
#5146 = VECTOR('',#5147,1.);
#5147 = DIRECTION('',(1.,0.,0.));
#5148 = ORIENTED_EDGE('',*,*,#5149,.F.);
#5149 = EDGE_CURVE('',#5150,#5140,#5152,.T.);
#5150 = VERTEX_POINT('',#5151);
#5151 = CARTESIAN_POINT('',(35.863,-26.334,1.51));
#5152 = LINE('',#5153,#5154);
#5153 = CARTESIAN_POINT('',(35.863,-26.334,1.51));
#5154 = VECTOR('',#5155,1.);
#5155 = DIRECTION('',(0.,-1.,0.));
#5156 = ORIENTED_EDGE('',*,*,#5157,.F.);
#5157 = EDGE_CURVE('',#5158,#5150,#5160,.T.);
#5158 = VERTEX_POINT('',#5159);
#5159 = CARTESIAN_POINT('',(49.863,-26.334,1.51));
#5160 = LINE('',#5161,#5162);
#5161 = CARTESIAN_POINT('',(49.863,-26.334,1.51));
#5162 = VECTOR('',#5163,1.);
#5163 = DIRECTION('',(-1.,0.,0.));
#5164 = ORIENTED_EDGE('',*,*,#5165,.F.);
#5165 = EDGE_CURVE('',#5142,#5158,#5166,.T.);
#5166 = LINE('',#5167,#5168);
#5167 = CARTESIAN_POINT('',(49.863,-40.334,1.51));
#5168 = VECTOR('',#5169,1.);
#5169 = DIRECTION('',(0.,1.,0.));
#5170 = FACE_BOUND('',#5171,.T.);
#5171 = EDGE_LOOP('',(#5172,#5182,#5190,#5198));
#5172 = ORIENTED_EDGE('',*,*,#5173,.F.);
#5173 = EDGE_CURVE('',#5174,#5176,#5178,.T.);
#5174 = VERTEX_POINT('',#5175);
#5175 = CARTESIAN_POINT('',(54.913,-40.334,1.51));
#5176 = VERTEX_POINT('',#5177);
#5177 = CARTESIAN_POINT('',(68.913,-40.334,1.51));
#5178 = LINE('',#5179,#5180);
#5179 = CARTESIAN_POINT('',(54.913,-40.334,1.51));
#5180 = VECTOR('',#5181,1.);
#5181 = DIRECTION('',(1.,0.,0.));
#5182 = ORIENTED_EDGE('',*,*,#5183,.F.);
#5183 = EDGE_CURVE('',#5184,#5174,#5186,.T.);
#5184 = VERTEX_POINT('',#5185);
#5185 = CARTESIAN_POINT('',(54.913,-26.334,1.51));
#5186 = LINE('',#5187,#5188);
#5187 = CARTESIAN_POINT('',(54.913,-26.334,1.51));
#5188 = VECTOR('',#5189,1.);
#5189 = DIRECTION('',(0.,-1.,0.));
#5190 = ORIENTED_EDGE('',*,*,#5191,.F.);
#5191 = EDGE_CURVE('',#5192,#5184,#5194,.T.);
#5192 = VERTEX_POINT('',#5193);
#5193 = CARTESIAN_POINT('',(68.913,-26.334,1.51));
#5194 = LINE('',#5195,#5196);
#5195 = CARTESIAN_POINT('',(68.913,-26.334,1.51));
#5196 = VECTOR('',#5197,1.);
#5197 = DIRECTION('',(-1.,0.,0.));
#5198 = ORIENTED_EDGE('',*,*,#5199,.F.);
#5199 = EDGE_CURVE('',#5176,#5192,#5200,.T.);
#5200 = LINE('',#5201,#5202);
#5201 = CARTESIAN_POINT('',(68.913,-40.334,1.51));
#5202 = VECTOR('',#5203,1.);
#5203 = DIRECTION('',(0.,1.,0.));
#5204 = FACE_BOUND('',#5205,.T.);
#5205 = EDGE_LOOP('',(#5206,#5216,#5224,#5232));
#5206 = ORIENTED_EDGE('',*,*,#5207,.F.);
#5207 = EDGE_CURVE('',#5208,#5210,#5212,.T.);
#5208 = VERTEX_POINT('',#5209);
#5209 = CARTESIAN_POINT('',(73.963,-40.334,1.51));
#5210 = VERTEX_POINT('',#5211);
#5211 = CARTESIAN_POINT('',(87.963,-40.334,1.51));
#5212 = LINE('',#5213,#5214);
#5213 = CARTESIAN_POINT('',(73.963,-40.334,1.51));
#5214 = VECTOR('',#5215,1.);
#5215 = DIRECTION('',(1.,0.,0.));
#5216 = ORIENTED_EDGE('',*,*,#5217,.F.);
#5217 = EDGE_CURVE('',#5218,#5208,#5220,.T.);
#5218 = VERTEX_POINT('',#5219);
#5219 = CARTESIAN_POINT('',(73.963,-26.334,1.51));
#5220 = LINE('',#5221,#5222);
#5221 = CARTESIAN_POINT('',(73.963,-26.334,1.51));
#5222 = VECTOR('',#5223,1.);
#5223 = DIRECTION('',(0.,-1.,0.));
#5224 = ORIENTED_EDGE('',*,*,#5225,.F.);
#5225 = EDGE_CURVE('',#5226,#5218,#5228,.T.);
#5226 = VERTEX_POINT('',#5227);
#5227 = CARTESIAN_POINT('',(87.963,-26.334,1.51));
#5228 = LINE('',#5229,#5230);
#5229 = CARTESIAN_POINT('',(87.963,-26.334,1.51));
#5230 = VECTOR('',#5231,1.);
#5231 = DIRECTION('',(-1.,0.,0.));
#5232 = ORIENTED_EDGE('',*,*,#5233,.F.);
#5233 = EDGE_CURVE('',#5210,#5226,#5234,.T.);
#5234 = LINE('',#5235,#5236);
#5235 = CARTESIAN_POINT('',(87.963,-40.334,1.51));
#5236 = VECTOR('',#5237,1.);
#5237 = DIRECTION('',(0.,1.,0.));
#5238 = FACE_BOUND('',#5239,.T.);
#5239 = EDGE_LOOP('',(#5240,#5250,#5258,#5266));
#5240 = ORIENTED_EDGE('',*,*,#5241,.F.);
#5241 = EDGE_CURVE('',#5242,#5244,#5246,.T.);
#5242 = VERTEX_POINT('',#5243);
#5243 = CARTESIAN_POINT('',(78.726,-59.384,1.51));
#5244 = VERTEX_POINT('',#5245);
#5245 = CARTESIAN_POINT('',(92.726,-59.384,1.51));
#5246 = LINE('',#5247,#5248);
#5247 = CARTESIAN_POINT('',(78.726,-59.384,1.51));
#5248 = VECTOR('',#5249,1.);
#5249 = DIRECTION('',(1.,0.,0.));
#5250 = ORIENTED_EDGE('',*,*,#5251,.F.);
#5251 = EDGE_CURVE('',#5252,#5242,#5254,.T.);
#5252 = VERTEX_POINT('',#5253);
#5253 = CARTESIAN_POINT('',(78.726,-45.384,1.51));
#5254 = LINE('',#5255,#5256);
#5255 = CARTESIAN_POINT('',(78.726,-45.384,1.51));
#5256 = VECTOR('',#5257,1.);
#5257 = DIRECTION('',(0.,-1.,0.));
#5258 = ORIENTED_EDGE('',*,*,#5259,.F.);
#5259 = EDGE_CURVE('',#5260,#5252,#5262,.T.);
#5260 = VERTEX_POINT('',#5261);
#5261 = CARTESIAN_POINT('',(92.726,-45.384,1.51));
#5262 = LINE('',#5263,#5264);
#5263 = CARTESIAN_POINT('',(92.726,-45.384,1.51));
#5264 = VECTOR('',#5265,1.);
#5265 = DIRECTION('',(-1.,0.,0.));
#5266 = ORIENTED_EDGE('',*,*,#5267,.F.);
#5267 = EDGE_CURVE('',#5244,#5260,#5268,.T.);
#5268 = LINE('',#5269,#5270);
#5269 = CARTESIAN_POINT('',(92.726,-59.384,1.51));
#5270 = VECTOR('',#5271,1.);
#5271 = DIRECTION('',(0.,1.,0.));
#5272 = FACE_BOUND('',#5273,.T.);
#5273 = EDGE_LOOP('',(#5274,#5284,#5292,#5300));
#5274 = ORIENTED_EDGE('',*,*,#5275,.F.);
#5275 = EDGE_CURVE('',#5276,#5278,#5280,.T.);
#5276 = VERTEX_POINT('',#5277);
#5277 = CARTESIAN_POINT('',(97.775,-59.384,1.51));
#5278 = VERTEX_POINT('',#5279);
#5279 = CARTESIAN_POINT('',(111.775,-59.384,1.51));
#5280 = LINE('',#5281,#5282);
#5281 = CARTESIAN_POINT('',(97.775,-59.384,1.51));
#5282 = VECTOR('',#5283,1.);
#5283 = DIRECTION('',(1.,0.,0.));
#5284 = ORIENTED_EDGE('',*,*,#5285,.F.);
#5285 = EDGE_CURVE('',#5286,#5276,#5288,.T.);
#5286 = VERTEX_POINT('',#5287);
#5287 = CARTESIAN_POINT('',(97.775,-45.384,1.51));
#5288 = LINE('',#5289,#5290);
#5289 = CARTESIAN_POINT('',(97.775,-45.384,1.51));
#5290 = VECTOR('',#5291,1.);
#5291 = DIRECTION('',(0.,-1.,0.));
#5292 = ORIENTED_EDGE('',*,*,#5293,.F.);
#5293 = EDGE_CURVE('',#5294,#5286,#5296,.T.);
#5294 = VERTEX_POINT('',#5295);
#5295 = CARTESIAN_POINT('',(111.775,-45.384,1.51));
#5296 = LINE('',#5297,#5298);
#5297 = CARTESIAN_POINT('',(111.775,-45.384,1.51));
#5298 = VECTOR('',#5299,1.);
#5299 = DIRECTION('',(-1.,0.,0.));
#5300 = ORIENTED_EDGE('',*,*,#5301,.F.);
#5301 = EDGE_CURVE('',#5278,#5294,#5302,.T.);
#5302 = LINE('',#5303,#5304);
#5303 = CARTESIAN_POINT('',(111.775,-59.384,1.51));
#5304 = VECTOR('',#5305,1.);
#5305 = DIRECTION('',(0.,1.,0.));
#5306 = FACE_BOUND('',#5307,.T.);
#5307 = EDGE_LOOP('',(#5308,#5318,#5326,#5334));
#5308 = ORIENTED_EDGE('',*,*,#5309,.F.);
#5309 = EDGE_CURVE('',#5310,#5312,#5314,.T.);
#5310 = VERTEX_POINT('',#5311);
#5311 = CARTESIAN_POINT('',(116.825,-59.384,1.51));
#5312 = VERTEX_POINT('',#5313);
#5313 = CARTESIAN_POINT('',(130.826,-59.384,1.51));
#5314 = LINE('',#5315,#5316);
#5315 = CARTESIAN_POINT('',(116.825,-59.384,1.51));
#5316 = VECTOR('',#5317,1.);
#5317 = DIRECTION('',(1.,0.,0.));
#5318 = ORIENTED_EDGE('',*,*,#5319,.F.);
#5319 = EDGE_CURVE('',#5320,#5310,#5322,.T.);
#5320 = VERTEX_POINT('',#5321);
#5321 = CARTESIAN_POINT('',(116.825,-45.384,1.51));
#5322 = LINE('',#5323,#5324);
#5323 = CARTESIAN_POINT('',(116.825,-45.384,1.51));
#5324 = VECTOR('',#5325,1.);
#5325 = DIRECTION('',(0.,-1.,0.));
#5326 = ORIENTED_EDGE('',*,*,#5327,.F.);
#5327 = EDGE_CURVE('',#5328,#5320,#5330,.T.);
#5328 = VERTEX_POINT('',#5329);
#5329 = CARTESIAN_POINT('',(130.826,-45.384,1.51));
#5330 = LINE('',#5331,#5332);
#5331 = CARTESIAN_POINT('',(130.826,-45.384,1.51));
#5332 = VECTOR('',#5333,1.);
#5333 = DIRECTION('',(-1.,0.,0.));
#5334 = ORIENTED_EDGE('',*,*,#5335,.F.);
#5335 = EDGE_CURVE('',#5312,#5328,#5336,.T.);
#5336 = LINE('',#5337,#5338);
#5337 = CARTESIAN_POINT('',(130.826,-59.384,1.51));
#5338 = VECTOR('',#5339,1.);
#5339 = DIRECTION('',(0.,1.,0.));
#5340 = FACE_BOUND('',#5341,.T.);
#5341 = EDGE_LOOP('',(#5342,#5352,#5360,#5368));
#5342 = ORIENTED_EDGE('',*,*,#5343,.F.);
#5343 = EDGE_CURVE('',#5344,#5346,#5348,.T.);
#5344 = VERTEX_POINT('',#5345);
#5345 = CARTESIAN_POINT('',(135.876,-59.384,1.51));
#5346 = VERTEX_POINT('',#5347);
#5347 = CARTESIAN_POINT('',(149.876,-59.384,1.51));
#5348 = LINE('',#5349,#5350);
#5349 = CARTESIAN_POINT('',(135.876,-59.384,1.51));
#5350 = VECTOR('',#5351,1.);
#5351 = DIRECTION('',(1.,0.,0.));
#5352 = ORIENTED_EDGE('',*,*,#5353,.F.);
#5353 = EDGE_CURVE('',#5354,#5344,#5356,.T.);
#5354 = VERTEX_POINT('',#5355);
#5355 = CARTESIAN_POINT('',(135.876,-45.384,1.51));
#5356 = LINE('',#5357,#5358);
#5357 = CARTESIAN_POINT('',(135.876,-45.384,1.51));
#5358 = VECTOR('',#5359,1.);
#5359 = DIRECTION('',(0.,-1.,0.));
#5360 = ORIENTED_EDGE('',*,*,#5361,.F.);
#5361 = EDGE_CURVE('',#5362,#5354,#5364,.T.);
#5362 = VERTEX_POINT('',#5363);
#5363 = CARTESIAN_POINT('',(149.876,-45.384,1.51));
#5364 = LINE('',#5365,#5366);
#5365 = CARTESIAN_POINT('',(149.876,-45.384,1.51));
#5366 = VECTOR('',#5367,1.);
#5367 = DIRECTION('',(-1.,0.,0.));
#5368 = ORIENTED_EDGE('',*,*,#5369,.F.);
#5369 = EDGE_CURVE('',#5346,#5362,#5370,.T.);
#5370 = LINE('',#5371,#5372);
#5371 = CARTESIAN_POINT('',(149.876,-59.384,1.51));
#5372 = VECTOR('',#5373,1.);
#5373 = DIRECTION('',(0.,1.,0.));
#5374 = FACE_BOUND('',#5375,.T.);
#5375 = EDGE_LOOP('',(#5376,#5386,#5394,#5402));
#5376 = ORIENTED_EDGE('',*,*,#5377,.F.);
#5377 = EDGE_CURVE('',#5378,#5380,#5382,.T.);
#5378 = VERTEX_POINT('',#5379);
#5379 = CARTESIAN_POINT('',(93.013,-40.334,1.51));
#5380 = VERTEX_POINT('',#5381);
#5381 = CARTESIAN_POINT('',(107.013,-40.334,1.51));
#5382 = LINE('',#5383,#5384);
#5383 = CARTESIAN_POINT('',(93.013,-40.334,1.51));
#5384 = VECTOR('',#5385,1.);
#5385 = DIRECTION('',(1.,0.,0.));
#5386 = ORIENTED_EDGE('',*,*,#5387,.F.);
#5387 = EDGE_CURVE('',#5388,#5378,#5390,.T.);
#5388 = VERTEX_POINT('',#5389);
#5389 = CARTESIAN_POINT('',(93.013,-26.334,1.51));
#5390 = LINE('',#5391,#5392);
#5391 = CARTESIAN_POINT('',(93.013,-26.334,1.51));
#5392 = VECTOR('',#5393,1.);
#5393 = DIRECTION('',(0.,-1.,0.));
#5394 = ORIENTED_EDGE('',*,*,#5395,.F.);
#5395 = EDGE_CURVE('',#5396,#5388,#5398,.T.);
#5396 = VERTEX_POINT('',#5397);
#5397 = CARTESIAN_POINT('',(107.013,-26.334,1.51));
#5398 = LINE('',#5399,#5400);
#5399 = CARTESIAN_POINT('',(107.013,-26.334,1.51));
#5400 = VECTOR('',#5401,1.);
#5401 = DIRECTION('',(-1.,0.,0.));
#5402 = ORIENTED_EDGE('',*,*,#5403,.F.);
#5403 = EDGE_CURVE('',#5380,#5396,#5404,.T.);
#5404 = LINE('',#5405,#5406);
#5405 = CARTESIAN_POINT('',(107.013,-40.334,1.51));
#5406 = VECTOR('',#5407,1.);
#5407 = DIRECTION('',(0.,1.,0.));
#5408 = FACE_BOUND('',#5409,.T.);
#5409 = EDGE_LOOP('',(#5410,#5420,#5428,#5436));
#5410 = ORIENTED_EDGE('',*,*,#5411,.F.);
#5411 = EDGE_CURVE('',#5412,#5414,#5416,.T.);
#5412 = VERTEX_POINT('',#5413);
#5413 = CARTESIAN_POINT('',(112.063,-40.334,1.51));
#5414 = VERTEX_POINT('',#5415);
#5415 = CARTESIAN_POINT('',(126.063,-40.334,1.51));
#5416 = LINE('',#5417,#5418);
#5417 = CARTESIAN_POINT('',(112.063,-40.334,1.51));
#5418 = VECTOR('',#5419,1.);
#5419 = DIRECTION('',(1.,0.,0.));
#5420 = ORIENTED_EDGE('',*,*,#5421,.F.);
#5421 = EDGE_CURVE('',#5422,#5412,#5424,.T.);
#5422 = VERTEX_POINT('',#5423);
#5423 = CARTESIAN_POINT('',(112.063,-26.334,1.51));
#5424 = LINE('',#5425,#5426);
#5425 = CARTESIAN_POINT('',(112.063,-26.334,1.51));
#5426 = VECTOR('',#5427,1.);
#5427 = DIRECTION('',(0.,-1.,0.));
#5428 = ORIENTED_EDGE('',*,*,#5429,.F.);
#5429 = EDGE_CURVE('',#5430,#5422,#5432,.T.);
#5430 = VERTEX_POINT('',#5431);
#5431 = CARTESIAN_POINT('',(126.063,-26.334,1.51));
#5432 = LINE('',#5433,#5434);
#5433 = CARTESIAN_POINT('',(126.063,-26.334,1.51));
#5434 = VECTOR('',#5435,1.);
#5435 = DIRECTION('',(-1.,0.,0.));
#5436 = ORIENTED_EDGE('',*,*,#5437,.F.);
#5437 = EDGE_CURVE('',#5414,#5430,#5438,.T.);
#5438 = LINE('',#5439,#5440);
#5439 = CARTESIAN_POINT('',(126.063,-40.334,1.51));
#5440 = VECTOR('',#5441,1.);
#5441 = DIRECTION('',(0.,1.,0.));
#5442 = FACE_BOUND('',#5443,.T.);
#5443 = EDGE_LOOP('',(#5444,#5454,#5462,#5470));
#5444 = ORIENTED_EDGE('',*,*,#5445,.F.);
#5445 = EDGE_CURVE('',#5446,#5448,#5450,.T.);
#5446 = VERTEX_POINT('',#5447);
#5447 = CARTESIAN_POINT('',(131.113,-40.334,1.51));
#5448 = VERTEX_POINT('',#5449);
#5449 = CARTESIAN_POINT('',(145.113,-40.334,1.51));
#5450 = LINE('',#5451,#5452);
#5451 = CARTESIAN_POINT('',(131.113,-40.334,1.51));
#5452 = VECTOR('',#5453,1.);
#5453 = DIRECTION('',(1.,0.,0.));
#5454 = ORIENTED_EDGE('',*,*,#5455,.F.);
#5455 = EDGE_CURVE('',#5456,#5446,#5458,.T.);
#5456 = VERTEX_POINT('',#5457);
#5457 = CARTESIAN_POINT('',(131.113,-26.334,1.51));
#5458 = LINE('',#5459,#5460);
#5459 = CARTESIAN_POINT('',(131.113,-26.334,1.51));
#5460 = VECTOR('',#5461,1.);
#5461 = DIRECTION('',(0.,-1.,0.));
#5462 = ORIENTED_EDGE('',*,*,#5463,.F.);
#5463 = EDGE_CURVE('',#5464,#5456,#5466,.T.);
#5464 = VERTEX_POINT('',#5465);
#5465 = CARTESIAN_POINT('',(145.113,-26.334,1.51));
#5466 = LINE('',#5467,#5468);
#5467 = CARTESIAN_POINT('',(145.113,-26.334,1.51));
#5468 = VECTOR('',#5469,1.);
#5469 = DIRECTION('',(-1.,0.,0.));
#5470 = ORIENTED_EDGE('',*,*,#5471,.F.);
#5471 = EDGE_CURVE('',#5448,#5464,#5472,.T.);
#5472 = LINE('',#5473,#5474);
#5473 = CARTESIAN_POINT('',(145.113,-40.334,1.51));
#5474 = VECTOR('',#5475,1.);
#5475 = DIRECTION('',(0.,1.,0.));
#5476 = FACE_BOUND('',#5477,.T.);
#5477 = EDGE_LOOP('',(#5478,#5488,#5496,#5504));
#5478 = ORIENTED_EDGE('',*,*,#5479,.F.);
#5479 = EDGE_CURVE('',#5480,#5482,#5484,.T.);
#5480 = VERTEX_POINT('',#5481);
#5481 = CARTESIAN_POINT('',(150.163,-40.334,1.51));
#5482 = VERTEX_POINT('',#5483);
#5483 = CARTESIAN_POINT('',(164.163,-40.334,1.51));
#5484 = LINE('',#5485,#5486);
#5485 = CARTESIAN_POINT('',(150.163,-40.334,1.51));
#5486 = VECTOR('',#5487,1.);
#5487 = DIRECTION('',(1.,0.,0.));
#5488 = ORIENTED_EDGE('',*,*,#5489,.F.);
#5489 = EDGE_CURVE('',#5490,#5480,#5492,.T.);
#5490 = VERTEX_POINT('',#5491);
#5491 = CARTESIAN_POINT('',(150.163,-26.334,1.51));
#5492 = LINE('',#5493,#5494);
#5493 = CARTESIAN_POINT('',(150.163,-26.334,1.51));
#5494 = VECTOR('',#5495,1.);
#5495 = DIRECTION('',(0.,-1.,0.));
#5496 = ORIENTED_EDGE('',*,*,#5497,.F.);
#5497 = EDGE_CURVE('',#5498,#5490,#5500,.T.);
#5498 = VERTEX_POINT('',#5499);
#5499 = CARTESIAN_POINT('',(164.163,-26.334,1.51));
#5500 = LINE('',#5501,#5502);
#5501 = CARTESIAN_POINT('',(164.163,-26.334,1.51));
#5502 = VECTOR('',#5503,1.);
#5503 = DIRECTION('',(-1.,0.,0.));
#5504 = ORIENTED_EDGE('',*,*,#5505,.F.);
#5505 = EDGE_CURVE('',#5482,#5498,#5506,.T.);
#5506 = LINE('',#5507,#5508);
#5507 = CARTESIAN_POINT('',(164.163,-40.334,1.51));
#5508 = VECTOR('',#5509,1.);
#5509 = DIRECTION('',(0.,1.,0.));
#5510 = FACE_BOUND('',#5511,.T.);
#5511 = EDGE_LOOP('',(#5512,#5522,#5530,#5538));
#5512 = ORIENTED_EDGE('',*,*,#5513,.F.);
#5513 = EDGE_CURVE('',#5514,#5516,#5518,.T.);
#5514 = VERTEX_POINT('',#5515);
#5515 = CARTESIAN_POINT('',(7.288,-21.284,1.51));
#5516 = VERTEX_POINT('',#5517);
#5517 = CARTESIAN_POINT('',(21.288,-21.284,1.51));
#5518 = LINE('',#5519,#5520);
#5519 = CARTESIAN_POINT('',(7.288,-21.284,1.51));
#5520 = VECTOR('',#5521,1.);
#5521 = DIRECTION('',(1.,0.,0.));
#5522 = ORIENTED_EDGE('',*,*,#5523,.F.);
#5523 = EDGE_CURVE('',#5524,#5514,#5526,.T.);
#5524 = VERTEX_POINT('',#5525);
#5525 = CARTESIAN_POINT('',(7.288,-7.284,1.51));
#5526 = LINE('',#5527,#5528);
#5527 = CARTESIAN_POINT('',(7.288,-7.284,1.51));
#5528 = VECTOR('',#5529,1.);
#5529 = DIRECTION('',(0.,-1.,0.));
#5530 = ORIENTED_EDGE('',*,*,#5531,.F.);
#5531 = EDGE_CURVE('',#5532,#5524,#5534,.T.);
#5532 = VERTEX_POINT('',#5533);
#5533 = CARTESIAN_POINT('',(21.288,-7.284,1.51));
#5534 = LINE('',#5535,#5536);
#5535 = CARTESIAN_POINT('',(21.288,-7.284,1.51));
#5536 = VECTOR('',#5537,1.);
#5537 = DIRECTION('',(-1.,0.,0.));
#5538 = ORIENTED_EDGE('',*,*,#5539,.F.);
#5539 = EDGE_CURVE('',#5516,#5532,#5540,.T.);
#5540 = LINE('',#5541,#5542);
#5541 = CARTESIAN_POINT('',(21.288,-21.284,1.51));
#5542 = VECTOR('',#5543,1.);
#5543 = DIRECTION('',(0.,1.,0.));
#5544 = FACE_BOUND('',#5545,.T.);
#5545 = EDGE_LOOP('',(#5546,#5556,#5564,#5572));
#5546 = ORIENTED_EDGE('',*,*,#5547,.F.);
#5547 = EDGE_CURVE('',#5548,#5550,#5552,.T.);
#5548 = VERTEX_POINT('',#5549);
#5549 = CARTESIAN_POINT('',(26.338,-21.284,1.51));
#5550 = VERTEX_POINT('',#5551);
#5551 = CARTESIAN_POINT('',(40.338,-21.284,1.51));
#5552 = LINE('',#5553,#5554);
#5553 = CARTESIAN_POINT('',(26.338,-21.284,1.51));
#5554 = VECTOR('',#5555,1.);
#5555 = DIRECTION('',(1.,0.,0.));
#5556 = ORIENTED_EDGE('',*,*,#5557,.F.);
#5557 = EDGE_CURVE('',#5558,#5548,#5560,.T.);
#5558 = VERTEX_POINT('',#5559);
#5559 = CARTESIAN_POINT('',(26.338,-7.284,1.51));
#5560 = LINE('',#5561,#5562);
#5561 = CARTESIAN_POINT('',(26.338,-7.284,1.51));
#5562 = VECTOR('',#5563,1.);
#5563 = DIRECTION('',(0.,-1.,0.));
#5564 = ORIENTED_EDGE('',*,*,#5565,.F.);
#5565 = EDGE_CURVE('',#5566,#5558,#5568,.T.);
#5566 = VERTEX_POINT('',#5567);
#5567 = CARTESIAN_POINT('',(40.338,-7.284,1.51));
#5568 = LINE('',#5569,#5570);
#5569 = CARTESIAN_POINT('',(40.338,-7.284,1.51));
#5570 = VECTOR('',#5571,1.);
#5571 = DIRECTION('',(-1.,0.,0.));
#5572 = ORIENTED_EDGE('',*,*,#5573,.F.);
#5573 = EDGE_CURVE('',#5550,#5566,#5574,.T.);
#5574 = LINE('',#5575,#5576);
#5575 = CARTESIAN_POINT('',(40.338,-21.284,1.51));
#5576 = VECTOR('',#5577,1.);
#5577 = DIRECTION('',(0.,1.,0.));
#5578 = FACE_BOUND('',#5579,.T.);
#5579 = EDGE_LOOP('',(#5580));
#5580 = ORIENTED_EDGE('',*,*,#5581,.T.);
#5581 = EDGE_CURVE('',#5582,#5582,#5584,.T.);
#5582 = VERTEX_POINT('',#5583);
#5583 = CARTESIAN_POINT('',(2.38125,-3.48125,1.51));
#5584 = CIRCLE('',#5585,1.1);
#5585 = AXIS2_PLACEMENT_3D('',#5586,#5587,#5588);
#5586 = CARTESIAN_POINT('',(2.38125,-2.38125,1.51));
#5587 = DIRECTION('',(-0.,0.,-1.));
#5588 = DIRECTION('',(4.037174635001E-16,-1.,-0.));
#5589 = FACE_BOUND('',#5590,.T.);
#5590 = EDGE_LOOP('',(#5591,#5601,#5609,#5617));
#5591 = ORIENTED_EDGE('',*,*,#5592,.F.);
#5592 = EDGE_CURVE('',#5593,#5595,#5597,.T.);
#5593 = VERTEX_POINT('',#5594);
#5594 = CARTESIAN_POINT('',(45.388,-21.284,1.51));
#5595 = VERTEX_POINT('',#5596);
#5596 = CARTESIAN_POINT('',(59.388,-21.284,1.51));
#5597 = LINE('',#5598,#5599);
#5598 = CARTESIAN_POINT('',(45.388,-21.284,1.51));
#5599 = VECTOR('',#5600,1.);
#5600 = DIRECTION('',(1.,0.,0.));
#5601 = ORIENTED_EDGE('',*,*,#5602,.F.);
#5602 = EDGE_CURVE('',#5603,#5593,#5605,.T.);
#5603 = VERTEX_POINT('',#5604);
#5604 = CARTESIAN_POINT('',(45.388,-7.284,1.51));
#5605 = LINE('',#5606,#5607);
#5606 = CARTESIAN_POINT('',(45.388,-7.284,1.51));
#5607 = VECTOR('',#5608,1.);
#5608 = DIRECTION('',(0.,-1.,0.));
#5609 = ORIENTED_EDGE('',*,*,#5610,.F.);
#5610 = EDGE_CURVE('',#5611,#5603,#5613,.T.);
#5611 = VERTEX_POINT('',#5612);
#5612 = CARTESIAN_POINT('',(59.388,-7.284,1.51));
#5613 = LINE('',#5614,#5615);
#5614 = CARTESIAN_POINT('',(59.388,-7.284,1.51));
#5615 = VECTOR('',#5616,1.);
#5616 = DIRECTION('',(-1.,0.,0.));
#5617 = ORIENTED_EDGE('',*,*,#5618,.F.);
#5618 = EDGE_CURVE('',#5595,#5611,#5619,.T.);
#5619 = LINE('',#5620,#5621);
#5620 = CARTESIAN_POINT('',(59.388,-21.284,1.51));
#5621 = VECTOR('',#5622,1.);
#5622 = DIRECTION('',(0.,1.,0.));
#5623 = FACE_BOUND('',#5624,.T.);
#5624 = EDGE_LOOP('',(#5625,#5635,#5643,#5651));
#5625 = ORIENTED_EDGE('',*,*,#5626,.F.);
#5626 = EDGE_CURVE('',#5627,#5629,#5631,.T.);
#5627 = VERTEX_POINT('',#5628);
#5628 = CARTESIAN_POINT('',(64.438,-21.284,1.51));
#5629 = VERTEX_POINT('',#5630);
#5630 = CARTESIAN_POINT('',(78.438,-21.284,1.51));
#5631 = LINE('',#5632,#5633);
#5632 = CARTESIAN_POINT('',(64.438,-21.284,1.51));
#5633 = VECTOR('',#5634,1.);
#5634 = DIRECTION('',(1.,0.,0.));
#5635 = ORIENTED_EDGE('',*,*,#5636,.F.);
#5636 = EDGE_CURVE('',#5637,#5627,#5639,.T.);
#5637 = VERTEX_POINT('',#5638);
#5638 = CARTESIAN_POINT('',(64.438,-7.284,1.51));
#5639 = LINE('',#5640,#5641);
#5640 = CARTESIAN_POINT('',(64.438,-7.284,1.51));
#5641 = VECTOR('',#5642,1.);
#5642 = DIRECTION('',(0.,-1.,0.));
#5643 = ORIENTED_EDGE('',*,*,#5644,.F.);
#5644 = EDGE_CURVE('',#5645,#5637,#5647,.T.);
#5645 = VERTEX_POINT('',#5646);
#5646 = CARTESIAN_POINT('',(78.438,-7.284,1.51));
#5647 = LINE('',#5648,#5649);
#5648 = CARTESIAN_POINT('',(78.438,-7.284,1.51));
#5649 = VECTOR('',#5650,1.);
#5650 = DIRECTION('',(-1.,0.,0.));
#5651 = ORIENTED_EDGE('',*,*,#5652,.F.);
#5652 = EDGE_CURVE('',#5629,#5645,#5653,.T.);
#5653 = LINE('',#5654,#5655);
#5654 = CARTESIAN_POINT('',(78.438,-21.284,1.51));
#5655 = VECTOR('',#5656,1.);
#5656 = DIRECTION('',(0.,1.,0.));
#5657 = FACE_BOUND('',#5658,.T.);
#5658 = EDGE_LOOP('',(#5659,#5669,#5677,#5685));
#5659 = ORIENTED_EDGE('',*,*,#5660,.F.);
#5660 = EDGE_CURVE('',#5661,#5663,#5665,.T.);
#5661 = VERTEX_POINT('',#5662);
#5662 = CARTESIAN_POINT('',(83.488,-21.284,1.51));
#5663 = VERTEX_POINT('',#5664);
#5664 = CARTESIAN_POINT('',(97.488,-21.284,1.51));
#5665 = LINE('',#5666,#5667);
#5666 = CARTESIAN_POINT('',(83.488,-21.284,1.51));
#5667 = VECTOR('',#5668,1.);
#5668 = DIRECTION('',(1.,0.,0.));
#5669 = ORIENTED_EDGE('',*,*,#5670,.F.);
#5670 = EDGE_CURVE('',#5671,#5661,#5673,.T.);
#5671 = VERTEX_POINT('',#5672);
#5672 = CARTESIAN_POINT('',(83.488,-7.284,1.51));
#5673 = LINE('',#5674,#5675);
#5674 = CARTESIAN_POINT('',(83.488,-7.284,1.51));
#5675 = VECTOR('',#5676,1.);
#5676 = DIRECTION('',(0.,-1.,0.));
#5677 = ORIENTED_EDGE('',*,*,#5678,.F.);
#5678 = EDGE_CURVE('',#5679,#5671,#5681,.T.);
#5679 = VERTEX_POINT('',#5680);
#5680 = CARTESIAN_POINT('',(97.488,-7.284,1.51));
#5681 = LINE('',#5682,#5683);
#5682 = CARTESIAN_POINT('',(97.488,-7.284,1.51));
#5683 = VECTOR('',#5684,1.);
#5684 = DIRECTION('',(-1.,0.,0.));
#5685 = ORIENTED_EDGE('',*,*,#5686,.F.);
#5686 = EDGE_CURVE('',#5663,#5679,#5687,.T.);
#5687 = LINE('',#5688,#5689);
#5688 = CARTESIAN_POINT('',(97.488,-21.284,1.51));
#5689 = VECTOR('',#5690,1.);
#5690 = DIRECTION('',(0.,1.,0.));
#5691 = FACE_BOUND('',#5692,.T.);
#5692 = EDGE_LOOP('',(#5693,#5703,#5711,#5719));
#5693 = ORIENTED_EDGE('',*,*,#5694,.F.);
#5694 = EDGE_CURVE('',#5695,#5697,#5699,.T.);
#5695 = VERTEX_POINT('',#5696);
#5696 = CARTESIAN_POINT('',(102.538,-21.284,1.51));
#5697 = VERTEX_POINT('',#5698);
#5698 = CARTESIAN_POINT('',(116.538,-21.284,1.51));
#5699 = LINE('',#5700,#5701);
#5700 = CARTESIAN_POINT('',(102.538,-21.284,1.51));
#5701 = VECTOR('',#5702,1.);
#5702 = DIRECTION('',(1.,0.,0.));
#5703 = ORIENTED_EDGE('',*,*,#5704,.F.);
#5704 = EDGE_CURVE('',#5705,#5695,#5707,.T.);
#5705 = VERTEX_POINT('',#5706);
#5706 = CARTESIAN_POINT('',(102.538,-7.284,1.51));
#5707 = LINE('',#5708,#5709);
#5708 = CARTESIAN_POINT('',(102.538,-7.284,1.51));
#5709 = VECTOR('',#5710,1.);
#5710 = DIRECTION('',(0.,-1.,0.));
#5711 = ORIENTED_EDGE('',*,*,#5712,.F.);
#5712 = EDGE_CURVE('',#5713,#5705,#5715,.T.);
#5713 = VERTEX_POINT('',#5714);
#5714 = CARTESIAN_POINT('',(116.538,-7.284,1.51));
#5715 = LINE('',#5716,#5717);
#5716 = CARTESIAN_POINT('',(116.538,-7.284,1.51));
#5717 = VECTOR('',#5718,1.);
#5718 = DIRECTION('',(-1.,0.,0.));
#5719 = ORIENTED_EDGE('',*,*,#5720,.F.);
#5720 = EDGE_CURVE('',#5697,#5713,#5721,.T.);
#5721 = LINE('',#5722,#5723);
#5722 = CARTESIAN_POINT('',(116.538,-21.284,1.51));
#5723 = VECTOR('',#5724,1.);
#5724 = DIRECTION('',(0.,1.,0.));
#5725 = FACE_BOUND('',#5726,.T.);
#5726 = EDGE_LOOP('',(#5727));
#5727 = ORIENTED_EDGE('',*,*,#5728,.T.);
#5728 = EDGE_CURVE('',#5729,#5729,#5731,.T.);
#5729 = VERTEX_POINT('',#5730);
#5730 = CARTESIAN_POINT('',(108.744083,-3.48125,1.51));
#5731 = CIRCLE('',#5732,1.1);
#5732 = AXIS2_PLACEMENT_3D('',#5733,#5734,#5735);
#5733 = CARTESIAN_POINT('',(108.744083,-2.38125,1.51));
#5734 = DIRECTION('',(-0.,0.,-1.));
#5735 = DIRECTION('',(1.2918958832E-14,-1.,-0.));
#5736 = FACE_BOUND('',#5737,.T.);
#5737 = EDGE_LOOP('',(#5738,#5748,#5756,#5764));
#5738 = ORIENTED_EDGE('',*,*,#5739,.F.);
#5739 = EDGE_CURVE('',#5740,#5742,#5744,.T.);
#5740 = VERTEX_POINT('',#5741);
#5741 = CARTESIAN_POINT('',(121.588,-21.284,1.51));
#5742 = VERTEX_POINT('',#5743);
#5743 = CARTESIAN_POINT('',(135.588,-21.284,1.51));
#5744 = LINE('',#5745,#5746);
#5745 = CARTESIAN_POINT('',(121.588,-21.284,1.51));
#5746 = VECTOR('',#5747,1.);
#5747 = DIRECTION('',(1.,0.,0.));
#5748 = ORIENTED_EDGE('',*,*,#5749,.F.);
#5749 = EDGE_CURVE('',#5750,#5740,#5752,.T.);
#5750 = VERTEX_POINT('',#5751);
#5751 = CARTESIAN_POINT('',(121.588,-7.284,1.51));
#5752 = LINE('',#5753,#5754);
#5753 = CARTESIAN_POINT('',(121.588,-7.284,1.51));
#5754 = VECTOR('',#5755,1.);
#5755 = DIRECTION('',(0.,-1.,0.));
#5756 = ORIENTED_EDGE('',*,*,#5757,.F.);
#5757 = EDGE_CURVE('',#5758,#5750,#5760,.T.);
#5758 = VERTEX_POINT('',#5759);
#5759 = CARTESIAN_POINT('',(135.588,-7.284,1.51));
#5760 = LINE('',#5761,#5762);
#5761 = CARTESIAN_POINT('',(135.588,-7.284,1.51));
#5762 = VECTOR('',#5763,1.);
#5763 = DIRECTION('',(-1.,0.,0.));
#5764 = ORIENTED_EDGE('',*,*,#5765,.F.);
#5765 = EDGE_CURVE('',#5742,#5758,#5766,.T.);
#5766 = LINE('',#5767,#5768);
#5767 = CARTESIAN_POINT('',(135.588,-21.284,1.51));
#5768 = VECTOR('',#5769,1.);
#5769 = DIRECTION('',(0.,1.,0.));
#5770 = FACE_BOUND('',#5771,.T.);
#5771 = EDGE_LOOP('',(#5772,#5782,#5790,#5798));
#5772 = ORIENTED_EDGE('',*,*,#5773,.F.);
#5773 = EDGE_CURVE('',#5774,#5776,#5778,.T.);
#5774 = VERTEX_POINT('',#5775);
#5775 = CARTESIAN_POINT('',(140.638,-21.284,1.51));
#5776 = VERTEX_POINT('',#5777);
#5777 = CARTESIAN_POINT('',(154.638,-21.284,1.51));
#5778 = LINE('',#5779,#5780);
#5779 = CARTESIAN_POINT('',(140.638,-21.284,1.51));
#5780 = VECTOR('',#5781,1.);
#5781 = DIRECTION('',(1.,0.,0.));
#5782 = ORIENTED_EDGE('',*,*,#5783,.F.);
#5783 = EDGE_CURVE('',#5784,#5774,#5786,.T.);
#5784 = VERTEX_POINT('',#5785);
#5785 = CARTESIAN_POINT('',(140.638,-7.284,1.51));
#5786 = LINE('',#5787,#5788);
#5787 = CARTESIAN_POINT('',(140.638,-7.284,1.51));
#5788 = VECTOR('',#5789,1.);
#5789 = DIRECTION('',(0.,-1.,0.));
#5790 = ORIENTED_EDGE('',*,*,#5791,.F.);
#5791 = EDGE_CURVE('',#5792,#5784,#5794,.T.);
#5792 = VERTEX_POINT('',#5793);
#5793 = CARTESIAN_POINT('',(154.638,-7.284,1.51));
#5794 = LINE('',#5795,#5796);
#5795 = CARTESIAN_POINT('',(154.638,-7.284,1.51));
#5796 = VECTOR('',#5797,1.);
#5797 = DIRECTION('',(-1.,0.,0.));
#5798 = ORIENTED_EDGE('',*,*,#5799,.F.);
#5799 = EDGE_CURVE('',#5776,#5792,#5800,.T.);
#5800 = LINE('',#5801,#5802);
#5801 = CARTESIAN_POINT('',(154.638,-21.284,1.51));
#5802 = VECTOR('',#5803,1.);
#5803 = DIRECTION('',(0.,1.,0.));
#5804 = FACE_BOUND('',#5805,.T.);
#5805 = EDGE_LOOP('',(#5806,#5816,#5824,#5832));
#5806 = ORIENTED_EDGE('',*,*,#5807,.F.);
#5807 = EDGE_CURVE('',#5808,#5810,#5812,.T.);
#5808 = VERTEX_POINT('',#5809);
#5809 = CARTESIAN_POINT('',(154.926,-59.384,1.51));
#5810 = VERTEX_POINT('',#5811);
#5811 = CARTESIAN_POINT('',(168.926,-59.384,1.51));
#5812 = LINE('',#5813,#5814);
#5813 = CARTESIAN_POINT('',(154.926,-59.384,1.51));
#5814 = VECTOR('',#5815,1.);
#5815 = DIRECTION('',(1.,0.,0.));
#5816 = ORIENTED_EDGE('',*,*,#5817,.F.);
#5817 = EDGE_CURVE('',#5818,#5808,#5820,.T.);
#5818 = VERTEX_POINT('',#5819);
#5819 = CARTESIAN_POINT('',(154.926,-45.384,1.51));
#5820 = LINE('',#5821,#5822);
#5821 = CARTESIAN_POINT('',(154.926,-45.384,1.51));
#5822 = VECTOR('',#5823,1.);
#5823 = DIRECTION('',(0.,-1.,0.));
#5824 = ORIENTED_EDGE('',*,*,#5825,.F.);
#5825 = EDGE_CURVE('',#5826,#5818,#5828,.T.);
#5826 = VERTEX_POINT('',#5827);
#5827 = CARTESIAN_POINT('',(168.926,-45.384,1.51));
#5828 = LINE('',#5829,#5830);
#5829 = CARTESIAN_POINT('',(168.926,-45.384,1.51));
#5830 = VECTOR('',#5831,1.);
#5831 = DIRECTION('',(-1.,0.,0.));
#5832 = ORIENTED_EDGE('',*,*,#5833,.F.);
#5833 = EDGE_CURVE('',#5810,#5826,#5834,.T.);
#5834 = LINE('',#5835,#5836);
#5835 = CARTESIAN_POINT('',(168.926,-59.384,1.51));
#5836 = VECTOR('',#5837,1.);
#5837 = DIRECTION('',(0.,1.,0.));
#5838 = FACE_BOUND('',#5839,.T.);
#5839 = EDGE_LOOP('',(#5840,#5850,#5858,#5866));
#5840 = ORIENTED_EDGE('',*,*,#5841,.F.);
#5841 = EDGE_CURVE('',#5842,#5844,#5846,.T.);
#5842 = VERTEX_POINT('',#5843);
#5843 = CARTESIAN_POINT('',(173.976,-59.384,1.51));
#5844 = VERTEX_POINT('',#5845);
#5845 = CARTESIAN_POINT('',(187.976,-59.384,1.51));
#5846 = LINE('',#5847,#5848);
#5847 = CARTESIAN_POINT('',(173.976,-59.384,1.51));
#5848 = VECTOR('',#5849,1.);
#5849 = DIRECTION('',(1.,0.,0.));
#5850 = ORIENTED_EDGE('',*,*,#5851,.F.);
#5851 = EDGE_CURVE('',#5852,#5842,#5854,.T.);
#5852 = VERTEX_POINT('',#5853);
#5853 = CARTESIAN_POINT('',(173.976,-45.384,1.51));
#5854 = LINE('',#5855,#5856);
#5855 = CARTESIAN_POINT('',(173.976,-45.384,1.51));
#5856 = VECTOR('',#5857,1.);
#5857 = DIRECTION('',(0.,-1.,0.));
#5858 = ORIENTED_EDGE('',*,*,#5859,.F.);
#5859 = EDGE_CURVE('',#5860,#5852,#5862,.T.);
#5860 = VERTEX_POINT('',#5861);
#5861 = CARTESIAN_POINT('',(187.976,-45.384,1.51));
#5862 = LINE('',#5863,#5864);
#5863 = CARTESIAN_POINT('',(187.976,-45.384,1.51));
#5864 = VECTOR('',#5865,1.);
#5865 = DIRECTION('',(-1.,0.,0.));
#5866 = ORIENTED_EDGE('',*,*,#5867,.F.);
#5867 = EDGE_CURVE('',#5844,#5860,#5868,.T.);
#5868 = LINE('',#5869,#5870);
#5869 = CARTESIAN_POINT('',(187.976,-59.384,1.51));
#5870 = VECTOR('',#5871,1.);
#5871 = DIRECTION('',(0.,1.,0.));
#5872 = FACE_BOUND('',#5873,.T.);
#5873 = EDGE_LOOP('',(#5874,#5884,#5892,#5900));
#5874 = ORIENTED_EDGE('',*,*,#5875,.F.);
#5875 = EDGE_CURVE('',#5876,#5878,#5880,.T.);
#5876 = VERTEX_POINT('',#5877);
#5877 = CARTESIAN_POINT('',(193.026,-59.384,1.51));
#5878 = VERTEX_POINT('',#5879);
#5879 = CARTESIAN_POINT('',(207.026,-59.384,1.51));
#5880 = LINE('',#5881,#5882);
#5881 = CARTESIAN_POINT('',(193.026,-59.384,1.51));
#5882 = VECTOR('',#5883,1.);
#5883 = DIRECTION('',(1.,0.,0.));
#5884 = ORIENTED_EDGE('',*,*,#5885,.F.);
#5885 = EDGE_CURVE('',#5886,#5876,#5888,.T.);
#5886 = VERTEX_POINT('',#5887);
#5887 = CARTESIAN_POINT('',(193.026,-45.384,1.51));
#5888 = LINE('',#5889,#5890);
#5889 = CARTESIAN_POINT('',(193.026,-45.384,1.51));
#5890 = VECTOR('',#5891,1.);
#5891 = DIRECTION('',(0.,-1.,0.));
#5892 = ORIENTED_EDGE('',*,*,#5893,.F.);
#5893 = EDGE_CURVE('',#5894,#5886,#5896,.T.);
#5894 = VERTEX_POINT('',#5895);
#5895 = CARTESIAN_POINT('',(207.026,-45.384,1.51));
#5896 = LINE('',#5897,#5898);
#5897 = CARTESIAN_POINT('',(207.026,-45.384,1.51));
#5898 = VECTOR('',#5899,1.);
#5899 = DIRECTION('',(-1.,0.,0.));
#5900 = ORIENTED_EDGE('',*,*,#5901,.F.);
#5901 = EDGE_CURVE('',#5878,#5894,#5902,.T.);
#5902 = LINE('',#5903,#5904);
#5903 = CARTESIAN_POINT('',(207.026,-59.384,1.51));
#5904 = VECTOR('',#5905,1.);
#5905 = DIRECTION('',(0.,1.,0.));
#5906 = FACE_BOUND('',#5907,.T.);
#5907 = EDGE_LOOP('',(#5908,#5918,#5926,#5934));
#5908 = ORIENTED_EDGE('',*,*,#5909,.F.);
#5909 = EDGE_CURVE('',#5910,#5912,#5914,.T.);
#5910 = VERTEX_POINT('',#5911);
#5911 = CARTESIAN_POINT('',(212.076,-59.384,1.51));
#5912 = VERTEX_POINT('',#5913);
#5913 = CARTESIAN_POINT('',(226.076,-59.384,1.51));
#5914 = LINE('',#5915,#5916);
#5915 = CARTESIAN_POINT('',(212.076,-59.384,1.51));
#5916 = VECTOR('',#5917,1.);
#5917 = DIRECTION('',(1.,0.,0.));
#5918 = ORIENTED_EDGE('',*,*,#5919,.F.);
#5919 = EDGE_CURVE('',#5920,#5910,#5922,.T.);
#5920 = VERTEX_POINT('',#5921);
#5921 = CARTESIAN_POINT('',(212.076,-45.384,1.51));
#5922 = LINE('',#5923,#5924);
#5923 = CARTESIAN_POINT('',(212.076,-45.384,1.51));
#5924 = VECTOR('',#5925,1.);
#5925 = DIRECTION('',(0.,-1.,0.));
#5926 = ORIENTED_EDGE('',*,*,#5927,.F.);
#5927 = EDGE_CURVE('',#5928,#5920,#5930,.T.);
#5928 = VERTEX_POINT('',#5929);
#5929 = CARTESIAN_POINT('',(226.076,-45.384,1.51));
#5930 = LINE('',#5931,#5932);
#5931 = CARTESIAN_POINT('',(226.076,-45.384,1.51));
#5932 = VECTOR('',#5933,1.);
#5933 = DIRECTION('',(-1.,0.,0.));
#5934 = ORIENTED_EDGE('',*,*,#5935,.F.);
#5935 = EDGE_CURVE('',#5912,#5928,#5936,.T.);
#5936 = LINE('',#5937,#5938);
#5937 = CARTESIAN_POINT('',(226.076,-59.384,1.51));
#5938 = VECTOR('',#5939,1.);
#5939 = DIRECTION('',(0.,1.,0.));
#5940 = FACE_BOUND('',#5941,.T.);
#5941 = EDGE_LOOP('',(#5942,#5952,#5960,#5968));
#5942 = ORIENTED_EDGE('',*,*,#5943,.F.);
#5943 = EDGE_CURVE('',#5944,#5946,#5948,.T.);
#5944 = VERTEX_POINT('',#5945);
#5945 = CARTESIAN_POINT('',(231.126,-59.384,1.51));
#5946 = VERTEX_POINT('',#5947);
#5947 = CARTESIAN_POINT('',(245.126,-59.384,1.51));
#5948 = LINE('',#5949,#5950);
#5949 = CARTESIAN_POINT('',(231.126,-59.384,1.51));
#5950 = VECTOR('',#5951,1.);
#5951 = DIRECTION('',(1.,0.,0.));
#5952 = ORIENTED_EDGE('',*,*,#5953,.F.);
#5953 = EDGE_CURVE('',#5954,#5944,#5956,.T.);
#5954 = VERTEX_POINT('',#5955);
#5955 = CARTESIAN_POINT('',(231.126,-45.384,1.51));
#5956 = LINE('',#5957,#5958);
#5957 = CARTESIAN_POINT('',(231.126,-45.384,1.51));
#5958 = VECTOR('',#5959,1.);
#5959 = DIRECTION('',(0.,-1.,0.));
#5960 = ORIENTED_EDGE('',*,*,#5961,.F.);
#5961 = EDGE_CURVE('',#5962,#5954,#5964,.T.);
#5962 = VERTEX_POINT('',#5963);
#5963 = CARTESIAN_POINT('',(245.126,-45.384,1.51));
#5964 = LINE('',#5965,#5966);
#5965 = CARTESIAN_POINT('',(245.126,-45.384,1.51));
#5966 = VECTOR('',#5967,1.);
#5967 = DIRECTION('',(-1.,0.,0.));
#5968 = ORIENTED_EDGE('',*,*,#5969,.F.);
#5969 = EDGE_CURVE('',#5946,#5962,#5970,.T.);
#5970 = LINE('',#5971,#5972);
#5971 = CARTESIAN_POINT('',(245.126,-59.384,1.51));
#5972 = VECTOR('',#5973,1.);
#5973 = DIRECTION('',(0.,1.,0.));
#5974 = FACE_BOUND('',#5975,.T.);
#5975 = EDGE_LOOP('',(#5976,#5986,#5994,#6002));
#5976 = ORIENTED_EDGE('',*,*,#5977,.F.);
#5977 = EDGE_CURVE('',#5978,#5980,#5982,.T.);
#5978 = VERTEX_POINT('',#5979);
#5979 = CARTESIAN_POINT('',(169.213,-40.334,1.51));
#5980 = VERTEX_POINT('',#5981);
#5981 = CARTESIAN_POINT('',(183.213,-40.334,1.51));
#5982 = LINE('',#5983,#5984);
#5983 = CARTESIAN_POINT('',(169.213,-40.334,1.51));
#5984 = VECTOR('',#5985,1.);
#5985 = DIRECTION('',(1.,0.,0.));
#5986 = ORIENTED_EDGE('',*,*,#5987,.F.);
#5987 = EDGE_CURVE('',#5988,#5978,#5990,.T.);
#5988 = VERTEX_POINT('',#5989);
#5989 = CARTESIAN_POINT('',(169.213,-26.334,1.51));
#5990 = LINE('',#5991,#5992);
#5991 = CARTESIAN_POINT('',(169.213,-26.334,1.51));
#5992 = VECTOR('',#5993,1.);
#5993 = DIRECTION('',(0.,-1.,0.));
#5994 = ORIENTED_EDGE('',*,*,#5995,.F.);
#5995 = EDGE_CURVE('',#5996,#5988,#5998,.T.);
#5996 = VERTEX_POINT('',#5997);
#5997 = CARTESIAN_POINT('',(183.213,-26.334,1.51));
#5998 = LINE('',#5999,#6000);
#5999 = CARTESIAN_POINT('',(183.213,-26.334,1.51));
#6000 = VECTOR('',#6001,1.);
#6001 = DIRECTION('',(-1.,0.,0.));
#6002 = ORIENTED_EDGE('',*,*,#6003,.F.);
#6003 = EDGE_CURVE('',#5980,#5996,#6004,.T.);
#6004 = LINE('',#6005,#6006);
#6005 = CARTESIAN_POINT('',(183.213,-40.334,1.51));
#6006 = VECTOR('',#6007,1.);
#6007 = DIRECTION('',(0.,1.,0.));
#6008 = FACE_BOUND('',#6009,.T.);
#6009 = EDGE_LOOP('',(#6010,#6020,#6028,#6036));
#6010 = ORIENTED_EDGE('',*,*,#6011,.F.);
#6011 = EDGE_CURVE('',#6012,#6014,#6016,.T.);
#6012 = VERTEX_POINT('',#6013);
#6013 = CARTESIAN_POINT('',(188.263,-40.334,1.51));
#6014 = VERTEX_POINT('',#6015);
#6015 = CARTESIAN_POINT('',(202.263,-40.334,1.51));
#6016 = LINE('',#6017,#6018);
#6017 = CARTESIAN_POINT('',(188.263,-40.334,1.51));
#6018 = VECTOR('',#6019,1.);
#6019 = DIRECTION('',(1.,0.,0.));
#6020 = ORIENTED_EDGE('',*,*,#6021,.F.);
#6021 = EDGE_CURVE('',#6022,#6012,#6024,.T.);
#6022 = VERTEX_POINT('',#6023);
#6023 = CARTESIAN_POINT('',(188.263,-26.334,1.51));
#6024 = LINE('',#6025,#6026);
#6025 = CARTESIAN_POINT('',(188.263,-26.334,1.51));
#6026 = VECTOR('',#6027,1.);
#6027 = DIRECTION('',(0.,-1.,0.));
#6028 = ORIENTED_EDGE('',*,*,#6029,.F.);
#6029 = EDGE_CURVE('',#6030,#6022,#6032,.T.);
#6030 = VERTEX_POINT('',#6031);
#6031 = CARTESIAN_POINT('',(202.263,-26.334,1.51));
#6032 = LINE('',#6033,#6034);
#6033 = CARTESIAN_POINT('',(202.263,-26.334,1.51));
#6034 = VECTOR('',#6035,1.);
#6035 = DIRECTION('',(-1.,0.,0.));
#6036 = ORIENTED_EDGE('',*,*,#6037,.F.);
#6037 = EDGE_CURVE('',#6014,#6030,#6038,.T.);
#6038 = LINE('',#6039,#6040);
#6039 = CARTESIAN_POINT('',(202.263,-40.334,1.51));
#6040 = VECTOR('',#6041,1.);
#6041 = DIRECTION('',(0.,1.,0.));
#6042 = FACE_BOUND('',#6043,.T.);
#6043 = EDGE_LOOP('',(#6044,#6054,#6062,#6070));
#6044 = ORIENTED_EDGE('',*,*,#6045,.F.);
#6045 = EDGE_CURVE('',#6046,#6048,#6050,.T.);
#6046 = VERTEX_POINT('',#6047);
#6047 = CARTESIAN_POINT('',(207.313,-40.334,1.51));
#6048 = VERTEX_POINT('',#6049);
#6049 = CARTESIAN_POINT('',(221.313,-40.334,1.51));
#6050 = LINE('',#6051,#6052);
#6051 = CARTESIAN_POINT('',(207.313,-40.334,1.51));
#6052 = VECTOR('',#6053,1.);
#6053 = DIRECTION('',(1.,0.,0.));
#6054 = ORIENTED_EDGE('',*,*,#6055,.F.);
#6055 = EDGE_CURVE('',#6056,#6046,#6058,.T.);
#6056 = VERTEX_POINT('',#6057);
#6057 = CARTESIAN_POINT('',(207.313,-26.334,1.51));
#6058 = LINE('',#6059,#6060);
#6059 = CARTESIAN_POINT('',(207.313,-26.334,1.51));
#6060 = VECTOR('',#6061,1.);
#6061 = DIRECTION('',(0.,-1.,0.));
#6062 = ORIENTED_EDGE('',*,*,#6063,.F.);
#6063 = EDGE_CURVE('',#6064,#6056,#6066,.T.);
#6064 = VERTEX_POINT('',#6065);
#6065 = CARTESIAN_POINT('',(221.313,-26.334,1.51));
#6066 = LINE('',#6067,#6068);
#6067 = CARTESIAN_POINT('',(221.313,-26.334,1.51));
#6068 = VECTOR('',#6069,1.);
#6069 = DIRECTION('',(-1.,0.,0.));
#6070 = ORIENTED_EDGE('',*,*,#6071,.F.);
#6071 = EDGE_CURVE('',#6048,#6064,#6072,.T.);
#6072 = LINE('',#6073,#6074);
#6073 = CARTESIAN_POINT('',(221.313,-40.334,1.51));
#6074 = VECTOR('',#6075,1.);
#6075 = DIRECTION('',(0.,1.,0.));
#6076 = FACE_BOUND('',#6077,.T.);
#6077 = EDGE_LOOP('',(#6078,#6088,#6096,#6104));
#6078 = ORIENTED_EDGE('',*,*,#6079,.F.);
#6079 = EDGE_CURVE('',#6080,#6082,#6084,.T.);
#6080 = VERTEX_POINT('',#6081);
#6081 = CARTESIAN_POINT('',(226.363,-40.334,1.51));
#6082 = VERTEX_POINT('',#6083);
#6083 = CARTESIAN_POINT('',(240.363,-40.334,1.51));
#6084 = LINE('',#6085,#6086);
#6085 = CARTESIAN_POINT('',(226.363,-40.334,1.51));
#6086 = VECTOR('',#6087,1.);
#6087 = DIRECTION('',(1.,0.,0.));
#6088 = ORIENTED_EDGE('',*,*,#6089,.F.);
#6089 = EDGE_CURVE('',#6090,#6080,#6092,.T.);
#6090 = VERTEX_POINT('',#6091);
#6091 = CARTESIAN_POINT('',(226.363,-26.334,1.51));
#6092 = LINE('',#6093,#6094);
#6093 = CARTESIAN_POINT('',(226.363,-26.334,1.51));
#6094 = VECTOR('',#6095,1.);
#6095 = DIRECTION('',(0.,-1.,0.));
#6096 = ORIENTED_EDGE('',*,*,#6097,.F.);
#6097 = EDGE_CURVE('',#6098,#6090,#6100,.T.);
#6098 = VERTEX_POINT('',#6099);
#6099 = CARTESIAN_POINT('',(240.363,-26.334,1.51));
#6100 = LINE('',#6101,#6102);
#6101 = CARTESIAN_POINT('',(240.363,-26.334,1.51));
#6102 = VECTOR('',#6103,1.);
#6103 = DIRECTION('',(-1.,0.,0.));
#6104 = ORIENTED_EDGE('',*,*,#6105,.F.);
#6105 = EDGE_CURVE('',#6082,#6098,#6106,.T.);
#6106 = LINE('',#6107,#6108);
#6107 = CARTESIAN_POINT('',(240.363,-40.334,1.51));
#6108 = VECTOR('',#6109,1.);
#6109 = DIRECTION('',(0.,1.,0.));
#6110 = FACE_BOUND('',#6111,.T.);
#6111 = EDGE_LOOP('',(#6112,#6122,#6130,#6138,#6146,#6154,#6162,#6170,
    #6178,#6186,#6194,#6202,#6210,#6218,#6226,#6234,#6242,#6250,#6258,
    #6266,#6274,#6282,#6290,#6298,#6306,#6314,#6322,#6330,#6338,#6346,
    #6354,#6362,#6370,#6378,#6386,#6394));
#6112 = ORIENTED_EDGE('',*,*,#6113,.F.);
#6113 = EDGE_CURVE('',#6114,#6116,#6118,.T.);
#6114 = VERTEX_POINT('',#6115);
#6115 = CARTESIAN_POINT('',(262.082,-50.084,1.51));
#6116 = VERTEX_POINT('',#6117);
#6117 = CARTESIAN_POINT('',(260.557,-50.084,1.51));
#6118 = LINE('',#6119,#6120);
#6119 = CARTESIAN_POINT('',(262.082,-50.084,1.51));
#6120 = VECTOR('',#6121,1.);
#6121 = DIRECTION('',(-1.,0.,0.));
#6122 = ORIENTED_EDGE('',*,*,#6123,.F.);
#6123 = EDGE_CURVE('',#6124,#6114,#6126,.T.);
#6124 = VERTEX_POINT('',#6125);
#6125 = CARTESIAN_POINT('',(262.082,-45.384,1.51));
#6126 = LINE('',#6127,#6128);
#6127 = CARTESIAN_POINT('',(262.082,-45.384,1.51));
#6128 = VECTOR('',#6129,1.);
#6129 = DIRECTION('',(0.,-1.,0.));
#6130 = ORIENTED_EDGE('',*,*,#6131,.F.);
#6131 = EDGE_CURVE('',#6132,#6124,#6134,.T.);
#6132 = VERTEX_POINT('',#6133);
#6133 = CARTESIAN_POINT('',(276.082,-45.384,1.51));
#6134 = LINE('',#6135,#6136);
#6135 = CARTESIAN_POINT('',(276.082,-45.384,1.51));
#6136 = VECTOR('',#6137,1.);
#6137 = DIRECTION('',(-1.,0.,0.));
#6138 = ORIENTED_EDGE('',*,*,#6139,.F.);
#6139 = EDGE_CURVE('',#6140,#6132,#6142,.T.);
#6140 = VERTEX_POINT('',#6141);
#6141 = CARTESIAN_POINT('',(276.082,-50.084,1.51));
#6142 = LINE('',#6143,#6144);
#6143 = CARTESIAN_POINT('',(276.082,-50.084,1.51));
#6144 = VECTOR('',#6145,1.);
#6145 = DIRECTION('',(0.,1.,0.));
#6146 = ORIENTED_EDGE('',*,*,#6147,.F.);
#6147 = EDGE_CURVE('',#6148,#6140,#6150,.T.);
#6148 = VERTEX_POINT('',#6149);
#6149 = CARTESIAN_POINT('',(277.607,-50.084,1.51));
#6150 = LINE('',#6151,#6152);
#6151 = CARTESIAN_POINT('',(277.607,-50.084,1.51));
#6152 = VECTOR('',#6153,1.);
#6153 = DIRECTION('',(-1.,0.,0.));
#6154 = ORIENTED_EDGE('',*,*,#6155,.F.);
#6155 = EDGE_CURVE('',#6156,#6148,#6158,.T.);
#6156 = VERTEX_POINT('',#6157);
#6157 = CARTESIAN_POINT('',(277.607,-46.854,1.51));
#6158 = LINE('',#6159,#6160);
#6159 = CARTESIAN_POINT('',(277.607,-46.854,1.51));
#6160 = VECTOR('',#6161,1.);
#6161 = DIRECTION('',(0.,-1.,0.));
#6162 = ORIENTED_EDGE('',*,*,#6163,.F.);
#6163 = EDGE_CURVE('',#6164,#6156,#6166,.T.);
#6164 = VERTEX_POINT('',#6165);
#6165 = CARTESIAN_POINT('',(284.357,-46.854,1.51));
#6166 = LINE('',#6167,#6168);
#6167 = CARTESIAN_POINT('',(284.357,-46.854,1.51));
#6168 = VECTOR('',#6169,1.);
#6169 = DIRECTION('',(-1.,0.,0.));
#6170 = ORIENTED_EDGE('',*,*,#6171,.F.);
#6171 = EDGE_CURVE('',#6172,#6164,#6174,.T.);
#6172 = VERTEX_POINT('',#6173);
#6173 = CARTESIAN_POINT('',(284.357,-50.084,1.51));
#6174 = LINE('',#6175,#6176);
#6175 = CARTESIAN_POINT('',(284.357,-50.084,1.51));
#6176 = VECTOR('',#6177,1.);
#6177 = DIRECTION('',(0.,1.,0.));
#6178 = ORIENTED_EDGE('',*,*,#6179,.F.);
#6179 = EDGE_CURVE('',#6180,#6172,#6182,.T.);
#6180 = VERTEX_POINT('',#6181);
#6181 = CARTESIAN_POINT('',(285.182,-50.084,1.51));
#6182 = LINE('',#6183,#6184);
#6183 = CARTESIAN_POINT('',(285.182,-50.084,1.51));
#6184 = VECTOR('',#6185,1.);
#6185 = DIRECTION('',(-1.,0.,0.));
#6186 = ORIENTED_EDGE('',*,*,#6187,.F.);
#6187 = EDGE_CURVE('',#6188,#6180,#6190,.T.);
#6188 = VERTEX_POINT('',#6189);
#6189 = CARTESIAN_POINT('',(285.182,-52.884,1.51));
#6190 = LINE('',#6191,#6192);
#6191 = CARTESIAN_POINT('',(285.182,-52.884,1.51));
#6192 = VECTOR('',#6193,1.);
#6193 = DIRECTION('',(0.,1.,0.));
#6194 = ORIENTED_EDGE('',*,*,#6195,.F.);
#6195 = EDGE_CURVE('',#6196,#6188,#6198,.T.);
#6196 = VERTEX_POINT('',#6197);
#6197 = CARTESIAN_POINT('',(284.357,-52.884,1.51));
#6198 = LINE('',#6199,#6200);
#6199 = CARTESIAN_POINT('',(284.357,-52.884,1.51));
#6200 = VECTOR('',#6201,1.);
#6201 = DIRECTION('',(1.,0.,0.));
#6202 = ORIENTED_EDGE('',*,*,#6203,.F.);
#6203 = EDGE_CURVE('',#6204,#6196,#6206,.T.);
#6204 = VERTEX_POINT('',#6205);
#6205 = CARTESIAN_POINT('',(284.357,-59.154,1.51));
#6206 = LINE('',#6207,#6208);
#6207 = CARTESIAN_POINT('',(284.357,-59.154,1.51));
#6208 = VECTOR('',#6209,1.);
#6209 = DIRECTION('',(0.,1.,0.));
#6210 = ORIENTED_EDGE('',*,*,#6211,.F.);
#6211 = EDGE_CURVE('',#6212,#6204,#6214,.T.);
#6212 = VERTEX_POINT('',#6213);
#6213 = CARTESIAN_POINT('',(282.632,-59.154,1.51));
#6214 = LINE('',#6215,#6216);
#6215 = CARTESIAN_POINT('',(282.632,-59.154,1.51));
#6216 = VECTOR('',#6217,1.);
#6217 = DIRECTION('',(1.,0.,0.));
#6218 = ORIENTED_EDGE('',*,*,#6219,.F.);
#6219 = EDGE_CURVE('',#6220,#6212,#6222,.T.);
#6220 = VERTEX_POINT('',#6221);
#6221 = CARTESIAN_POINT('',(282.632,-60.354,1.51));
#6222 = LINE('',#6223,#6224);
#6223 = CARTESIAN_POINT('',(282.632,-60.354,1.51));
#6224 = VECTOR('',#6225,1.);
#6225 = DIRECTION('',(0.,1.,0.));
#6226 = ORIENTED_EDGE('',*,*,#6227,.F.);
#6227 = EDGE_CURVE('',#6228,#6220,#6230,.T.);
#6228 = VERTEX_POINT('',#6229);
#6229 = CARTESIAN_POINT('',(279.332,-60.354,1.51));
#6230 = LINE('',#6231,#6232);
#6231 = CARTESIAN_POINT('',(279.332,-60.354,1.51));
#6232 = VECTOR('',#6233,1.);
#6233 = DIRECTION('',(1.,0.,0.));
#6234 = ORIENTED_EDGE('',*,*,#6235,.F.);
#6235 = EDGE_CURVE('',#6236,#6228,#6238,.T.);
#6236 = VERTEX_POINT('',#6237);
#6237 = CARTESIAN_POINT('',(279.332,-59.154,1.51));
#6238 = LINE('',#6239,#6240);
#6239 = CARTESIAN_POINT('',(279.332,-59.154,1.51));
#6240 = VECTOR('',#6241,1.);
#6241 = DIRECTION('',(0.,-1.,0.));
#6242 = ORIENTED_EDGE('',*,*,#6243,.F.);
#6243 = EDGE_CURVE('',#6244,#6236,#6246,.T.);
#6244 = VERTEX_POINT('',#6245);
#6245 = CARTESIAN_POINT('',(277.607,-59.154,1.51));
#6246 = LINE('',#6247,#6248);
#6247 = CARTESIAN_POINT('',(277.607,-59.154,1.51));
#6248 = VECTOR('',#6249,1.);
#6249 = DIRECTION('',(1.,0.,0.));
#6250 = ORIENTED_EDGE('',*,*,#6251,.F.);
#6251 = EDGE_CURVE('',#6252,#6244,#6254,.T.);
#6252 = VERTEX_POINT('',#6253);
#6253 = CARTESIAN_POINT('',(277.607,-54.684,1.51));
#6254 = LINE('',#6255,#6256);
#6255 = CARTESIAN_POINT('',(277.607,-54.684,1.51));
#6256 = VECTOR('',#6257,1.);
#6257 = DIRECTION('',(0.,-1.,0.));
#6258 = ORIENTED_EDGE('',*,*,#6259,.F.);
#6259 = EDGE_CURVE('',#6260,#6252,#6262,.T.);
#6260 = VERTEX_POINT('',#6261);
#6261 = CARTESIAN_POINT('',(276.082,-54.684,1.51));
#6262 = LINE('',#6263,#6264);
#6263 = CARTESIAN_POINT('',(276.082,-54.684,1.51));
#6264 = VECTOR('',#6265,1.);
#6265 = DIRECTION('',(1.,0.,0.));
#6266 = ORIENTED_EDGE('',*,*,#6267,.F.);
#6267 = EDGE_CURVE('',#6268,#6260,#6270,.T.);
#6268 = VERTEX_POINT('',#6269);
#6269 = CARTESIAN_POINT('',(276.082,-59.384,1.51));
#6270 = LINE('',#6271,#6272);
#6271 = CARTESIAN_POINT('',(276.082,-59.384,1.51));
#6272 = VECTOR('',#6273,1.);
#6273 = DIRECTION('',(0.,1.,0.));
#6274 = ORIENTED_EDGE('',*,*,#6275,.F.);
#6275 = EDGE_CURVE('',#6276,#6268,#6278,.T.);
#6276 = VERTEX_POINT('',#6277);
#6277 = CARTESIAN_POINT('',(262.082,-59.384,1.51));
#6278 = LINE('',#6279,#6280);
#6279 = CARTESIAN_POINT('',(262.082,-59.384,1.51));
#6280 = VECTOR('',#6281,1.);
#6281 = DIRECTION('',(1.,0.,0.));
#6282 = ORIENTED_EDGE('',*,*,#6283,.F.);
#6283 = EDGE_CURVE('',#6284,#6276,#6286,.T.);
#6284 = VERTEX_POINT('',#6285);
#6285 = CARTESIAN_POINT('',(262.082,-54.684,1.51));
#6286 = LINE('',#6287,#6288);
#6287 = CARTESIAN_POINT('',(262.082,-54.684,1.51));
#6288 = VECTOR('',#6289,1.);
#6289 = DIRECTION('',(0.,-1.,0.));
#6290 = ORIENTED_EDGE('',*,*,#6291,.F.);
#6291 = EDGE_CURVE('',#6292,#6284,#6294,.T.);
#6292 = VERTEX_POINT('',#6293);
#6293 = CARTESIAN_POINT('',(260.557,-54.684,1.51));
#6294 = LINE('',#6295,#6296);
#6295 = CARTESIAN_POINT('',(260.557,-54.684,1.51));
#6296 = VECTOR('',#6297,1.);
#6297 = DIRECTION('',(1.,0.,0.));
#6298 = ORIENTED_EDGE('',*,*,#6299,.F.);
#6299 = EDGE_CURVE('',#6300,#6292,#6302,.T.);
#6300 = VERTEX_POINT('',#6301);
#6301 = CARTESIAN_POINT('',(260.557,-59.154,1.51));
#6302 = LINE('',#6303,#6304);
#6303 = CARTESIAN_POINT('',(260.557,-59.154,1.51));
#6304 = VECTOR('',#6305,1.);
#6305 = DIRECTION('',(0.,1.,0.));
#6306 = ORIENTED_EDGE('',*,*,#6307,.F.);
#6307 = EDGE_CURVE('',#6308,#6300,#6310,.T.);
#6308 = VERTEX_POINT('',#6309);
#6309 = CARTESIAN_POINT('',(258.832,-59.154,1.51));
#6310 = LINE('',#6311,#6312);
#6311 = CARTESIAN_POINT('',(258.832,-59.154,1.51));
#6312 = VECTOR('',#6313,1.);
#6313 = DIRECTION('',(1.,0.,0.));
#6314 = ORIENTED_EDGE('',*,*,#6315,.F.);
#6315 = EDGE_CURVE('',#6316,#6308,#6318,.T.);
#6316 = VERTEX_POINT('',#6317);
#6317 = CARTESIAN_POINT('',(258.832,-60.354,1.51));
#6318 = LINE('',#6319,#6320);
#6319 = CARTESIAN_POINT('',(258.832,-60.354,1.51));
#6320 = VECTOR('',#6321,1.);
#6321 = DIRECTION('',(0.,1.,0.));
#6322 = ORIENTED_EDGE('',*,*,#6323,.F.);
#6323 = EDGE_CURVE('',#6324,#6316,#6326,.T.);
#6324 = VERTEX_POINT('',#6325);
#6325 = CARTESIAN_POINT('',(255.532,-60.354,1.51));
#6326 = LINE('',#6327,#6328);
#6327 = CARTESIAN_POINT('',(255.532,-60.354,1.51));
#6328 = VECTOR('',#6329,1.);
#6329 = DIRECTION('',(1.,0.,0.));
#6330 = ORIENTED_EDGE('',*,*,#6331,.F.);
#6331 = EDGE_CURVE('',#6332,#6324,#6334,.T.);
#6332 = VERTEX_POINT('',#6333);
#6333 = CARTESIAN_POINT('',(255.532,-59.154,1.51));
#6334 = LINE('',#6335,#6336);
#6335 = CARTESIAN_POINT('',(255.532,-59.154,1.51));
#6336 = VECTOR('',#6337,1.);
#6337 = DIRECTION('',(0.,-1.,0.));
#6338 = ORIENTED_EDGE('',*,*,#6339,.F.);
#6339 = EDGE_CURVE('',#6340,#6332,#6342,.T.);
#6340 = VERTEX_POINT('',#6341);
#6341 = CARTESIAN_POINT('',(253.806,-59.154,1.51));
#6342 = LINE('',#6343,#6344);
#6343 = CARTESIAN_POINT('',(253.806,-59.154,1.51));
#6344 = VECTOR('',#6345,1.);
#6345 = DIRECTION('',(1.,0.,0.));
#6346 = ORIENTED_EDGE('',*,*,#6347,.F.);
#6347 = EDGE_CURVE('',#6348,#6340,#6350,.T.);
#6348 = VERTEX_POINT('',#6349);
#6349 = CARTESIAN_POINT('',(253.806,-52.884,1.51));
#6350 = LINE('',#6351,#6352);
#6351 = CARTESIAN_POINT('',(253.806,-52.884,1.51));
#6352 = VECTOR('',#6353,1.);
#6353 = DIRECTION('',(0.,-1.,0.));
#6354 = ORIENTED_EDGE('',*,*,#6355,.F.);
#6355 = EDGE_CURVE('',#6356,#6348,#6358,.T.);
#6356 = VERTEX_POINT('',#6357);
#6357 = CARTESIAN_POINT('',(252.982,-52.884,1.51));
#6358 = LINE('',#6359,#6360);
#6359 = CARTESIAN_POINT('',(252.982,-52.884,1.51));
#6360 = VECTOR('',#6361,1.);
#6361 = DIRECTION('',(1.,0.,0.));
#6362 = ORIENTED_EDGE('',*,*,#6363,.F.);
#6363 = EDGE_CURVE('',#6364,#6356,#6366,.T.);
#6364 = VERTEX_POINT('',#6365);
#6365 = CARTESIAN_POINT('',(252.982,-50.084,1.51));
#6366 = LINE('',#6367,#6368);
#6367 = CARTESIAN_POINT('',(252.982,-50.084,1.51));
#6368 = VECTOR('',#6369,1.);
#6369 = DIRECTION('',(0.,-1.,0.));
#6370 = ORIENTED_EDGE('',*,*,#6371,.F.);
#6371 = EDGE_CURVE('',#6372,#6364,#6374,.T.);
#6372 = VERTEX_POINT('',#6373);
#6373 = CARTESIAN_POINT('',(253.806,-50.084,1.51));
#6374 = LINE('',#6375,#6376);
#6375 = CARTESIAN_POINT('',(253.806,-50.084,1.51));
#6376 = VECTOR('',#6377,1.);
#6377 = DIRECTION('',(-1.,0.,0.));
#6378 = ORIENTED_EDGE('',*,*,#6379,.F.);
#6379 = EDGE_CURVE('',#6380,#6372,#6382,.T.);
#6380 = VERTEX_POINT('',#6381);
#6381 = CARTESIAN_POINT('',(253.806,-46.854,1.51));
#6382 = LINE('',#6383,#6384);
#6383 = CARTESIAN_POINT('',(253.806,-46.854,1.51));
#6384 = VECTOR('',#6385,1.);
#6385 = DIRECTION('',(0.,-1.,0.));
#6386 = ORIENTED_EDGE('',*,*,#6387,.F.);
#6387 = EDGE_CURVE('',#6388,#6380,#6390,.T.);
#6388 = VERTEX_POINT('',#6389);
#6389 = CARTESIAN_POINT('',(260.557,-46.854,1.51));
#6390 = LINE('',#6391,#6392);
#6391 = CARTESIAN_POINT('',(260.557,-46.854,1.51));
#6392 = VECTOR('',#6393,1.);
#6393 = DIRECTION('',(-1.,0.,0.));
#6394 = ORIENTED_EDGE('',*,*,#6395,.F.);
#6395 = EDGE_CURVE('',#6116,#6388,#6396,.T.);
#6396 = LINE('',#6397,#6398);
#6397 = CARTESIAN_POINT('',(260.557,-50.084,1.51));
#6398 = VECTOR('',#6399,1.);
#6399 = DIRECTION('',(0.,1.,0.));
#6400 = FACE_BOUND('',#6401,.T.);
#6401 = EDGE_LOOP('',(#6402,#6412,#6420,#6428));
#6402 = ORIENTED_EDGE('',*,*,#6403,.F.);
#6403 = EDGE_CURVE('',#6404,#6406,#6408,.T.);
#6404 = VERTEX_POINT('',#6405);
#6405 = CARTESIAN_POINT('',(245.413,-40.334,1.51));
#6406 = VERTEX_POINT('',#6407);
#6407 = CARTESIAN_POINT('',(259.413,-40.334,1.51));
#6408 = LINE('',#6409,#6410);
#6409 = CARTESIAN_POINT('',(245.413,-40.334,1.51));
#6410 = VECTOR('',#6411,1.);
#6411 = DIRECTION('',(1.,0.,0.));
#6412 = ORIENTED_EDGE('',*,*,#6413,.F.);
#6413 = EDGE_CURVE('',#6414,#6404,#6416,.T.);
#6414 = VERTEX_POINT('',#6415);
#6415 = CARTESIAN_POINT('',(245.413,-26.334,1.51));
#6416 = LINE('',#6417,#6418);
#6417 = CARTESIAN_POINT('',(245.413,-26.334,1.51));
#6418 = VECTOR('',#6419,1.);
#6419 = DIRECTION('',(0.,-1.,0.));
#6420 = ORIENTED_EDGE('',*,*,#6421,.F.);
#6421 = EDGE_CURVE('',#6422,#6414,#6424,.T.);
#6422 = VERTEX_POINT('',#6423);
#6423 = CARTESIAN_POINT('',(259.413,-26.334,1.51));
#6424 = LINE('',#6425,#6426);
#6425 = CARTESIAN_POINT('',(259.413,-26.334,1.51));
#6426 = VECTOR('',#6427,1.);
#6427 = DIRECTION('',(-1.,0.,0.));
#6428 = ORIENTED_EDGE('',*,*,#6429,.F.);
#6429 = EDGE_CURVE('',#6406,#6422,#6430,.T.);
#6430 = LINE('',#6431,#6432);
#6431 = CARTESIAN_POINT('',(259.413,-40.334,1.51));
#6432 = VECTOR('',#6433,1.);
#6433 = DIRECTION('',(0.,1.,0.));
#6434 = FACE_BOUND('',#6435,.T.);
#6435 = EDGE_LOOP('',(#6436,#6446,#6454,#6462));
#6436 = ORIENTED_EDGE('',*,*,#6437,.F.);
#6437 = EDGE_CURVE('',#6438,#6440,#6442,.T.);
#6438 = VERTEX_POINT('',#6439);
#6439 = CARTESIAN_POINT('',(269.226,-40.334,1.51));
#6440 = VERTEX_POINT('',#6441);
#6441 = CARTESIAN_POINT('',(283.226,-40.334,1.51));
#6442 = LINE('',#6443,#6444);
#6443 = CARTESIAN_POINT('',(269.226,-40.334,1.51));
#6444 = VECTOR('',#6445,1.);
#6445 = DIRECTION('',(1.,0.,0.));
#6446 = ORIENTED_EDGE('',*,*,#6447,.F.);
#6447 = EDGE_CURVE('',#6448,#6438,#6450,.T.);
#6448 = VERTEX_POINT('',#6449);
#6449 = CARTESIAN_POINT('',(269.226,-26.334,1.51));
#6450 = LINE('',#6451,#6452);
#6451 = CARTESIAN_POINT('',(269.226,-26.334,1.51));
#6452 = VECTOR('',#6453,1.);
#6453 = DIRECTION('',(0.,-1.,0.));
#6454 = ORIENTED_EDGE('',*,*,#6455,.F.);
#6455 = EDGE_CURVE('',#6456,#6448,#6458,.T.);
#6456 = VERTEX_POINT('',#6457);
#6457 = CARTESIAN_POINT('',(283.226,-26.334,1.51));
#6458 = LINE('',#6459,#6460);
#6459 = CARTESIAN_POINT('',(283.226,-26.334,1.51));
#6460 = VECTOR('',#6461,1.);
#6461 = DIRECTION('',(-1.,0.,0.));
#6462 = ORIENTED_EDGE('',*,*,#6463,.F.);
#6463 = EDGE_CURVE('',#6440,#6456,#6464,.T.);
#6464 = LINE('',#6465,#6466);
#6465 = CARTESIAN_POINT('',(283.226,-40.334,1.51));
#6466 = VECTOR('',#6467,1.);
#6467 = DIRECTION('',(0.,1.,0.));
#6468 = FACE_BOUND('',#6469,.T.);
#6469 = EDGE_LOOP('',(#6470,#6480,#6488,#6496));
#6470 = ORIENTED_EDGE('',*,*,#6471,.F.);
#6471 = EDGE_CURVE('',#6472,#6474,#6476,.T.);
#6472 = VERTEX_POINT('',#6473);
#6473 = CARTESIAN_POINT('',(296.826915,-56.85735,1.51));
#6474 = VERTEX_POINT('',#6475);
#6475 = CARTESIAN_POINT('',(299.765915,-56.85735,1.51));
#6476 = LINE('',#6477,#6478);
#6477 = CARTESIAN_POINT('',(296.826915,-56.85735,1.51));
#6478 = VECTOR('',#6479,1.);
#6479 = DIRECTION('',(1.,0.,0.));
#6480 = ORIENTED_EDGE('',*,*,#6481,.F.);
#6481 = EDGE_CURVE('',#6482,#6472,#6484,.T.);
#6482 = VERTEX_POINT('',#6483);
#6483 = CARTESIAN_POINT('',(296.826915,-5.05825,1.51));
#6484 = LINE('',#6485,#6486);
#6485 = CARTESIAN_POINT('',(296.826915,-5.05825,1.51));
#6486 = VECTOR('',#6487,1.);
#6487 = DIRECTION('',(0.,-1.,0.));
#6488 = ORIENTED_EDGE('',*,*,#6489,.F.);
#6489 = EDGE_CURVE('',#6490,#6482,#6492,.T.);
#6490 = VERTEX_POINT('',#6491);
#6491 = CARTESIAN_POINT('',(299.765915,-5.05825,1.51));
#6492 = LINE('',#6493,#6494);
#6493 = CARTESIAN_POINT('',(299.765915,-5.05825,1.51));
#6494 = VECTOR('',#6495,1.);
#6495 = DIRECTION('',(-1.,0.,0.));
#6496 = ORIENTED_EDGE('',*,*,#6497,.F.);
#6497 = EDGE_CURVE('',#6474,#6490,#6498,.T.);
#6498 = LINE('',#6499,#6500);
#6499 = CARTESIAN_POINT('',(299.765915,-56.85735,1.51));
#6500 = VECTOR('',#6501,1.);
#6501 = DIRECTION('',(0.,1.,0.));
#6502 = FACE_BOUND('',#6503,.T.);
#6503 = EDGE_LOOP('',(#6504,#6514,#6522,#6530));
#6504 = ORIENTED_EDGE('',*,*,#6505,.F.);
#6505 = EDGE_CURVE('',#6506,#6508,#6510,.T.);
#6506 = VERTEX_POINT('',#6507);
#6507 = CARTESIAN_POINT('',(314.605915,-56.85735,1.51));
#6508 = VERTEX_POINT('',#6509);
#6509 = CARTESIAN_POINT('',(317.546915,-56.85735,1.51));
#6510 = LINE('',#6511,#6512);
#6511 = CARTESIAN_POINT('',(314.605915,-56.85735,1.51));
#6512 = VECTOR('',#6513,1.);
#6513 = DIRECTION('',(1.,0.,0.));
#6514 = ORIENTED_EDGE('',*,*,#6515,.F.);
#6515 = EDGE_CURVE('',#6516,#6506,#6518,.T.);
#6516 = VERTEX_POINT('',#6517);
#6517 = CARTESIAN_POINT('',(314.605915,-5.05825,1.51));
#6518 = LINE('',#6519,#6520);
#6519 = CARTESIAN_POINT('',(314.605915,-5.05825,1.51));
#6520 = VECTOR('',#6521,1.);
#6521 = DIRECTION('',(0.,-1.,0.));
#6522 = ORIENTED_EDGE('',*,*,#6523,.F.);
#6523 = EDGE_CURVE('',#6524,#6516,#6526,.T.);
#6524 = VERTEX_POINT('',#6525);
#6525 = CARTESIAN_POINT('',(317.546915,-5.05825,1.51));
#6526 = LINE('',#6527,#6528);
#6527 = CARTESIAN_POINT('',(317.546915,-5.05825,1.51));
#6528 = VECTOR('',#6529,1.);
#6529 = DIRECTION('',(-1.,0.,0.));
#6530 = ORIENTED_EDGE('',*,*,#6531,.F.);
#6531 = EDGE_CURVE('',#6508,#6524,#6532,.T.);
#6532 = LINE('',#6533,#6534);
#6533 = CARTESIAN_POINT('',(317.546915,-56.85735,1.51));
#6534 = VECTOR('',#6535,1.);
#6535 = DIRECTION('',(0.,1.,0.));
#6536 = FACE_BOUND('',#6537,.T.);
#6537 = EDGE_LOOP('',(#6538,#6548,#6556,#6564));
#6538 = ORIENTED_EDGE('',*,*,#6539,.F.);
#6539 = EDGE_CURVE('',#6540,#6542,#6544,.T.);
#6540 = VERTEX_POINT('',#6541);
#6541 = CARTESIAN_POINT('',(159.688,-21.284,1.51));
#6542 = VERTEX_POINT('',#6543);
#6543 = CARTESIAN_POINT('',(173.688,-21.284,1.51));
#6544 = LINE('',#6545,#6546);
#6545 = CARTESIAN_POINT('',(159.688,-21.284,1.51));
#6546 = VECTOR('',#6547,1.);
#6547 = DIRECTION('',(1.,0.,0.));
#6548 = ORIENTED_EDGE('',*,*,#6549,.F.);
#6549 = EDGE_CURVE('',#6550,#6540,#6552,.T.);
#6550 = VERTEX_POINT('',#6551);
#6551 = CARTESIAN_POINT('',(159.688,-7.284,1.51));
#6552 = LINE('',#6553,#6554);
#6553 = CARTESIAN_POINT('',(159.688,-7.284,1.51));
#6554 = VECTOR('',#6555,1.);
#6555 = DIRECTION('',(0.,-1.,0.));
#6556 = ORIENTED_EDGE('',*,*,#6557,.F.);
#6557 = EDGE_CURVE('',#6558,#6550,#6560,.T.);
#6558 = VERTEX_POINT('',#6559);
#6559 = CARTESIAN_POINT('',(173.688,-7.284,1.51));
#6560 = LINE('',#6561,#6562);
#6561 = CARTESIAN_POINT('',(173.688,-7.284,1.51));
#6562 = VECTOR('',#6563,1.);
#6563 = DIRECTION('',(-1.,0.,0.));
#6564 = ORIENTED_EDGE('',*,*,#6565,.F.);
#6565 = EDGE_CURVE('',#6542,#6558,#6566,.T.);
#6566 = LINE('',#6567,#6568);
#6567 = CARTESIAN_POINT('',(173.688,-21.284,1.51));
#6568 = VECTOR('',#6569,1.);
#6569 = DIRECTION('',(0.,1.,0.));
#6570 = FACE_BOUND('',#6571,.T.);
#6571 = EDGE_LOOP('',(#6572,#6582,#6590,#6598));
#6572 = ORIENTED_EDGE('',*,*,#6573,.F.);
#6573 = EDGE_CURVE('',#6574,#6576,#6578,.T.);
#6574 = VERTEX_POINT('',#6575);
#6575 = CARTESIAN_POINT('',(178.738,-21.284,1.51));
#6576 = VERTEX_POINT('',#6577);
#6577 = CARTESIAN_POINT('',(192.738,-21.284,1.51));
#6578 = LINE('',#6579,#6580);
#6579 = CARTESIAN_POINT('',(178.738,-21.284,1.51));
#6580 = VECTOR('',#6581,1.);
#6581 = DIRECTION('',(1.,0.,0.));
#6582 = ORIENTED_EDGE('',*,*,#6583,.F.);
#6583 = EDGE_CURVE('',#6584,#6574,#6586,.T.);
#6584 = VERTEX_POINT('',#6585);
#6585 = CARTESIAN_POINT('',(178.738,-7.284,1.51));
#6586 = LINE('',#6587,#6588);
#6587 = CARTESIAN_POINT('',(178.738,-7.284,1.51));
#6588 = VECTOR('',#6589,1.);
#6589 = DIRECTION('',(0.,-1.,0.));
#6590 = ORIENTED_EDGE('',*,*,#6591,.F.);
#6591 = EDGE_CURVE('',#6592,#6584,#6594,.T.);
#6592 = VERTEX_POINT('',#6593);
#6593 = CARTESIAN_POINT('',(192.738,-7.284,1.51));
#6594 = LINE('',#6595,#6596);
#6595 = CARTESIAN_POINT('',(192.738,-7.284,1.51));
#6596 = VECTOR('',#6597,1.);
#6597 = DIRECTION('',(-1.,0.,0.));
#6598 = ORIENTED_EDGE('',*,*,#6599,.F.);
#6599 = EDGE_CURVE('',#6576,#6592,#6600,.T.);
#6600 = LINE('',#6601,#6602);
#6601 = CARTESIAN_POINT('',(192.738,-21.284,1.51));
#6602 = VECTOR('',#6603,1.);
#6603 = DIRECTION('',(0.,1.,0.));
#6604 = FACE_BOUND('',#6605,.T.);
#6605 = EDGE_LOOP('',(#6606,#6616,#6624,#6632));
#6606 = ORIENTED_EDGE('',*,*,#6607,.F.);
#6607 = EDGE_CURVE('',#6608,#6610,#6612,.T.);
#6608 = VERTEX_POINT('',#6609);
#6609 = CARTESIAN_POINT('',(197.788,-21.284,1.51));
#6610 = VERTEX_POINT('',#6611);
#6611 = CARTESIAN_POINT('',(211.788,-21.284,1.51));
#6612 = LINE('',#6613,#6614);
#6613 = CARTESIAN_POINT('',(197.788,-21.284,1.51));
#6614 = VECTOR('',#6615,1.);
#6615 = DIRECTION('',(1.,0.,0.));
#6616 = ORIENTED_EDGE('',*,*,#6617,.F.);
#6617 = EDGE_CURVE('',#6618,#6608,#6620,.T.);
#6618 = VERTEX_POINT('',#6619);
#6619 = CARTESIAN_POINT('',(197.788,-7.284,1.51));
#6620 = LINE('',#6621,#6622);
#6621 = CARTESIAN_POINT('',(197.788,-7.284,1.51));
#6622 = VECTOR('',#6623,1.);
#6623 = DIRECTION('',(0.,-1.,0.));
#6624 = ORIENTED_EDGE('',*,*,#6625,.F.);
#6625 = EDGE_CURVE('',#6626,#6618,#6628,.T.);
#6626 = VERTEX_POINT('',#6627);
#6627 = CARTESIAN_POINT('',(211.788,-7.284,1.51));
#6628 = LINE('',#6629,#6630);
#6629 = CARTESIAN_POINT('',(211.788,-7.284,1.51));
#6630 = VECTOR('',#6631,1.);
#6631 = DIRECTION('',(-1.,0.,0.));
#6632 = ORIENTED_EDGE('',*,*,#6633,.F.);
#6633 = EDGE_CURVE('',#6610,#6626,#6634,.T.);
#6634 = LINE('',#6635,#6636);
#6635 = CARTESIAN_POINT('',(211.788,-21.284,1.51));
#6636 = VECTOR('',#6637,1.);
#6637 = DIRECTION('',(0.,1.,0.));
#6638 = FACE_BOUND('',#6639,.T.);
#6639 = EDGE_LOOP('',(#6640,#6650,#6658,#6666));
#6640 = ORIENTED_EDGE('',*,*,#6641,.F.);
#6641 = EDGE_CURVE('',#6642,#6644,#6646,.T.);
#6642 = VERTEX_POINT('',#6643);
#6643 = CARTESIAN_POINT('',(216.838,-21.284,1.51));
#6644 = VERTEX_POINT('',#6645);
#6645 = CARTESIAN_POINT('',(230.838,-21.284,1.51));
#6646 = LINE('',#6647,#6648);
#6647 = CARTESIAN_POINT('',(216.838,-21.284,1.51));
#6648 = VECTOR('',#6649,1.);
#6649 = DIRECTION('',(1.,0.,0.));
#6650 = ORIENTED_EDGE('',*,*,#6651,.F.);
#6651 = EDGE_CURVE('',#6652,#6642,#6654,.T.);
#6652 = VERTEX_POINT('',#6653);
#6653 = CARTESIAN_POINT('',(216.838,-7.284,1.51));
#6654 = LINE('',#6655,#6656);
#6655 = CARTESIAN_POINT('',(216.838,-7.284,1.51));
#6656 = VECTOR('',#6657,1.);
#6657 = DIRECTION('',(0.,-1.,0.));
#6658 = ORIENTED_EDGE('',*,*,#6659,.F.);
#6659 = EDGE_CURVE('',#6660,#6652,#6662,.T.);
#6660 = VERTEX_POINT('',#6661);
#6661 = CARTESIAN_POINT('',(230.838,-7.284,1.51));
#6662 = LINE('',#6663,#6664);
#6663 = CARTESIAN_POINT('',(230.838,-7.284,1.51));
#6664 = VECTOR('',#6665,1.);
#6665 = DIRECTION('',(-1.,0.,0.));
#6666 = ORIENTED_EDGE('',*,*,#6667,.F.);
#6667 = EDGE_CURVE('',#6644,#6660,#6668,.T.);
#6668 = LINE('',#6669,#6670);
#6669 = CARTESIAN_POINT('',(230.838,-21.284,1.51));
#6670 = VECTOR('',#6671,1.);
#6671 = DIRECTION('',(0.,1.,0.));
#6672 = FACE_BOUND('',#6673,.T.);
#6673 = EDGE_LOOP('',(#6674));
#6674 = ORIENTED_EDGE('',*,*,#6675,.T.);
#6675 = EDGE_CURVE('',#6676,#6676,#6678,.T.);
#6676 = VERTEX_POINT('',#6677);
#6677 = CARTESIAN_POINT('',(215.106916,-3.48125,1.51));
#6678 = CIRCLE('',#6679,1.1);
#6679 = AXIS2_PLACEMENT_3D('',#6680,#6681,#6682);
#6680 = CARTESIAN_POINT('',(215.106916,-2.38125,1.51));
#6681 = DIRECTION('',(-0.,0.,-1.));
#6682 = DIRECTION('',(-0.,-1.,0.));
#6683 = FACE_BOUND('',#6684,.T.);
#6684 = EDGE_LOOP('',(#6685,#6695,#6703,#6711,#6719,#6727,#6735,#6743,
    #6751,#6759,#6767,#6775,#6783,#6791,#6799,#6807,#6815,#6823,#6831,
    #6839,#6847,#6855,#6863,#6871,#6879,#6887,#6895,#6903,#6911,#6919,
    #6927,#6935,#6943,#6951,#6959,#6967));
#6685 = ORIENTED_EDGE('',*,*,#6686,.F.);
#6686 = EDGE_CURVE('',#6687,#6689,#6691,.T.);
#6687 = VERTEX_POINT('',#6688);
#6688 = CARTESIAN_POINT('',(264.463,-11.984,1.51));
#6689 = VERTEX_POINT('',#6690);
#6690 = CARTESIAN_POINT('',(262.938,-11.984,1.51));
#6691 = LINE('',#6692,#6693);
#6692 = CARTESIAN_POINT('',(264.463,-11.984,1.51));
#6693 = VECTOR('',#6694,1.);
#6694 = DIRECTION('',(-1.,0.,0.));
#6695 = ORIENTED_EDGE('',*,*,#6696,.F.);
#6696 = EDGE_CURVE('',#6697,#6687,#6699,.T.);
#6697 = VERTEX_POINT('',#6698);
#6698 = CARTESIAN_POINT('',(264.463,-7.284,1.51));
#6699 = LINE('',#6700,#6701);
#6700 = CARTESIAN_POINT('',(264.463,-7.284,1.51));
#6701 = VECTOR('',#6702,1.);
#6702 = DIRECTION('',(0.,-1.,0.));
#6703 = ORIENTED_EDGE('',*,*,#6704,.F.);
#6704 = EDGE_CURVE('',#6705,#6697,#6707,.T.);
#6705 = VERTEX_POINT('',#6706);
#6706 = CARTESIAN_POINT('',(278.463,-7.284,1.51));
#6707 = LINE('',#6708,#6709);
#6708 = CARTESIAN_POINT('',(278.463,-7.284,1.51));
#6709 = VECTOR('',#6710,1.);
#6710 = DIRECTION('',(-1.,0.,0.));
#6711 = ORIENTED_EDGE('',*,*,#6712,.F.);
#6712 = EDGE_CURVE('',#6713,#6705,#6715,.T.);
#6713 = VERTEX_POINT('',#6714);
#6714 = CARTESIAN_POINT('',(278.463,-11.984,1.51));
#6715 = LINE('',#6716,#6717);
#6716 = CARTESIAN_POINT('',(278.463,-11.984,1.51));
#6717 = VECTOR('',#6718,1.);
#6718 = DIRECTION('',(0.,1.,0.));
#6719 = ORIENTED_EDGE('',*,*,#6720,.F.);
#6720 = EDGE_CURVE('',#6721,#6713,#6723,.T.);
#6721 = VERTEX_POINT('',#6722);
#6722 = CARTESIAN_POINT('',(279.988,-11.984,1.51));
#6723 = LINE('',#6724,#6725);
#6724 = CARTESIAN_POINT('',(279.988,-11.984,1.51));
#6725 = VECTOR('',#6726,1.);
#6726 = DIRECTION('',(-1.,0.,0.));
#6727 = ORIENTED_EDGE('',*,*,#6728,.F.);
#6728 = EDGE_CURVE('',#6729,#6721,#6731,.T.);
#6729 = VERTEX_POINT('',#6730);
#6730 = CARTESIAN_POINT('',(279.988,-8.754,1.51));
#6731 = LINE('',#6732,#6733);
#6732 = CARTESIAN_POINT('',(279.988,-8.754,1.51));
#6733 = VECTOR('',#6734,1.);
#6734 = DIRECTION('',(0.,-1.,0.));
#6735 = ORIENTED_EDGE('',*,*,#6736,.F.);
#6736 = EDGE_CURVE('',#6737,#6729,#6739,.T.);
#6737 = VERTEX_POINT('',#6738);
#6738 = CARTESIAN_POINT('',(286.738,-8.754,1.51));
#6739 = LINE('',#6740,#6741);
#6740 = CARTESIAN_POINT('',(286.738,-8.754,1.51));
#6741 = VECTOR('',#6742,1.);
#6742 = DIRECTION('',(-1.,0.,0.));
#6743 = ORIENTED_EDGE('',*,*,#6744,.F.);
#6744 = EDGE_CURVE('',#6745,#6737,#6747,.T.);
#6745 = VERTEX_POINT('',#6746);
#6746 = CARTESIAN_POINT('',(286.738,-11.984,1.51));
#6747 = LINE('',#6748,#6749);
#6748 = CARTESIAN_POINT('',(286.738,-11.984,1.51));
#6749 = VECTOR('',#6750,1.);
#6750 = DIRECTION('',(0.,1.,0.));
#6751 = ORIENTED_EDGE('',*,*,#6752,.F.);
#6752 = EDGE_CURVE('',#6753,#6745,#6755,.T.);
#6753 = VERTEX_POINT('',#6754);
#6754 = CARTESIAN_POINT('',(287.563,-11.984,1.51));
#6755 = LINE('',#6756,#6757);
#6756 = CARTESIAN_POINT('',(287.563,-11.984,1.51));
#6757 = VECTOR('',#6758,1.);
#6758 = DIRECTION('',(-1.,0.,0.));
#6759 = ORIENTED_EDGE('',*,*,#6760,.F.);
#6760 = EDGE_CURVE('',#6761,#6753,#6763,.T.);
#6761 = VERTEX_POINT('',#6762);
#6762 = CARTESIAN_POINT('',(287.563,-14.784,1.51));
#6763 = LINE('',#6764,#6765);
#6764 = CARTESIAN_POINT('',(287.563,-14.784,1.51));
#6765 = VECTOR('',#6766,1.);
#6766 = DIRECTION('',(0.,1.,0.));
#6767 = ORIENTED_EDGE('',*,*,#6768,.F.);
#6768 = EDGE_CURVE('',#6769,#6761,#6771,.T.);
#6769 = VERTEX_POINT('',#6770);
#6770 = CARTESIAN_POINT('',(286.738,-14.784,1.51));
#6771 = LINE('',#6772,#6773);
#6772 = CARTESIAN_POINT('',(286.738,-14.784,1.51));
#6773 = VECTOR('',#6774,1.);
#6774 = DIRECTION('',(1.,0.,0.));
#6775 = ORIENTED_EDGE('',*,*,#6776,.F.);
#6776 = EDGE_CURVE('',#6777,#6769,#6779,.T.);
#6777 = VERTEX_POINT('',#6778);
#6778 = CARTESIAN_POINT('',(286.738,-21.054,1.51));
#6779 = LINE('',#6780,#6781);
#6780 = CARTESIAN_POINT('',(286.738,-21.054,1.51));
#6781 = VECTOR('',#6782,1.);
#6782 = DIRECTION('',(0.,1.,0.));
#6783 = ORIENTED_EDGE('',*,*,#6784,.F.);
#6784 = EDGE_CURVE('',#6785,#6777,#6787,.T.);
#6785 = VERTEX_POINT('',#6786);
#6786 = CARTESIAN_POINT('',(285.013,-21.054,1.51));
#6787 = LINE('',#6788,#6789);
#6788 = CARTESIAN_POINT('',(285.013,-21.054,1.51));
#6789 = VECTOR('',#6790,1.);
#6790 = DIRECTION('',(1.,0.,0.));
#6791 = ORIENTED_EDGE('',*,*,#6792,.F.);
#6792 = EDGE_CURVE('',#6793,#6785,#6795,.T.);
#6793 = VERTEX_POINT('',#6794);
#6794 = CARTESIAN_POINT('',(285.013,-22.254,1.51));
#6795 = LINE('',#6796,#6797);
#6796 = CARTESIAN_POINT('',(285.013,-22.254,1.51));
#6797 = VECTOR('',#6798,1.);
#6798 = DIRECTION('',(0.,1.,0.));
#6799 = ORIENTED_EDGE('',*,*,#6800,.F.);
#6800 = EDGE_CURVE('',#6801,#6793,#6803,.T.);
#6801 = VERTEX_POINT('',#6802);
#6802 = CARTESIAN_POINT('',(281.713,-22.254,1.51));
#6803 = LINE('',#6804,#6805);
#6804 = CARTESIAN_POINT('',(281.713,-22.254,1.51));
#6805 = VECTOR('',#6806,1.);
#6806 = DIRECTION('',(1.,0.,0.));
#6807 = ORIENTED_EDGE('',*,*,#6808,.F.);
#6808 = EDGE_CURVE('',#6809,#6801,#6811,.T.);
#6809 = VERTEX_POINT('',#6810);
#6810 = CARTESIAN_POINT('',(281.713,-21.054,1.51));
#6811 = LINE('',#6812,#6813);
#6812 = CARTESIAN_POINT('',(281.713,-21.054,1.51));
#6813 = VECTOR('',#6814,1.);
#6814 = DIRECTION('',(0.,-1.,0.));
#6815 = ORIENTED_EDGE('',*,*,#6816,.F.);
#6816 = EDGE_CURVE('',#6817,#6809,#6819,.T.);
#6817 = VERTEX_POINT('',#6818);
#6818 = CARTESIAN_POINT('',(279.988,-21.054,1.51));
#6819 = LINE('',#6820,#6821);
#6820 = CARTESIAN_POINT('',(279.988,-21.054,1.51));
#6821 = VECTOR('',#6822,1.);
#6822 = DIRECTION('',(1.,0.,0.));
#6823 = ORIENTED_EDGE('',*,*,#6824,.F.);
#6824 = EDGE_CURVE('',#6825,#6817,#6827,.T.);
#6825 = VERTEX_POINT('',#6826);
#6826 = CARTESIAN_POINT('',(279.988,-16.584,1.51));
#6827 = LINE('',#6828,#6829);
#6828 = CARTESIAN_POINT('',(279.988,-16.584,1.51));
#6829 = VECTOR('',#6830,1.);
#6830 = DIRECTION('',(0.,-1.,0.));
#6831 = ORIENTED_EDGE('',*,*,#6832,.F.);
#6832 = EDGE_CURVE('',#6833,#6825,#6835,.T.);
#6833 = VERTEX_POINT('',#6834);
#6834 = CARTESIAN_POINT('',(278.463,-16.584,1.51));
#6835 = LINE('',#6836,#6837);
#6836 = CARTESIAN_POINT('',(278.463,-16.584,1.51));
#6837 = VECTOR('',#6838,1.);
#6838 = DIRECTION('',(1.,0.,0.));
#6839 = ORIENTED_EDGE('',*,*,#6840,.F.);
#6840 = EDGE_CURVE('',#6841,#6833,#6843,.T.);
#6841 = VERTEX_POINT('',#6842);
#6842 = CARTESIAN_POINT('',(278.463,-21.284,1.51));
#6843 = LINE('',#6844,#6845);
#6844 = CARTESIAN_POINT('',(278.463,-21.284,1.51));
#6845 = VECTOR('',#6846,1.);
#6846 = DIRECTION('',(0.,1.,0.));
#6847 = ORIENTED_EDGE('',*,*,#6848,.F.);
#6848 = EDGE_CURVE('',#6849,#6841,#6851,.T.);
#6849 = VERTEX_POINT('',#6850);
#6850 = CARTESIAN_POINT('',(264.463,-21.284,1.51));
#6851 = LINE('',#6852,#6853);
#6852 = CARTESIAN_POINT('',(264.463,-21.284,1.51));
#6853 = VECTOR('',#6854,1.);
#6854 = DIRECTION('',(1.,0.,0.));
#6855 = ORIENTED_EDGE('',*,*,#6856,.F.);
#6856 = EDGE_CURVE('',#6857,#6849,#6859,.T.);
#6857 = VERTEX_POINT('',#6858);
#6858 = CARTESIAN_POINT('',(264.463,-16.584,1.51));
#6859 = LINE('',#6860,#6861);
#6860 = CARTESIAN_POINT('',(264.463,-16.584,1.51));
#6861 = VECTOR('',#6862,1.);
#6862 = DIRECTION('',(0.,-1.,0.));
#6863 = ORIENTED_EDGE('',*,*,#6864,.F.);
#6864 = EDGE_CURVE('',#6865,#6857,#6867,.T.);
#6865 = VERTEX_POINT('',#6866);
#6866 = CARTESIAN_POINT('',(262.938,-16.584,1.51));
#6867 = LINE('',#6868,#6869);
#6868 = CARTESIAN_POINT('',(262.938,-16.584,1.51));
#6869 = VECTOR('',#6870,1.);
#6870 = DIRECTION('',(1.,0.,0.));
#6871 = ORIENTED_EDGE('',*,*,#6872,.F.);
#6872 = EDGE_CURVE('',#6873,#6865,#6875,.T.);
#6873 = VERTEX_POINT('',#6874);
#6874 = CARTESIAN_POINT('',(262.938,-21.054,1.51));
#6875 = LINE('',#6876,#6877);
#6876 = CARTESIAN_POINT('',(262.938,-21.054,1.51));
#6877 = VECTOR('',#6878,1.);
#6878 = DIRECTION('',(0.,1.,0.));
#6879 = ORIENTED_EDGE('',*,*,#6880,.F.);
#6880 = EDGE_CURVE('',#6881,#6873,#6883,.T.);
#6881 = VERTEX_POINT('',#6882);
#6882 = CARTESIAN_POINT('',(261.213,-21.054,1.51));
#6883 = LINE('',#6884,#6885);
#6884 = CARTESIAN_POINT('',(261.213,-21.054,1.51));
#6885 = VECTOR('',#6886,1.);
#6886 = DIRECTION('',(1.,0.,0.));
#6887 = ORIENTED_EDGE('',*,*,#6888,.F.);
#6888 = EDGE_CURVE('',#6889,#6881,#6891,.T.);
#6889 = VERTEX_POINT('',#6890);
#6890 = CARTESIAN_POINT('',(261.213,-22.254,1.51));
#6891 = LINE('',#6892,#6893);
#6892 = CARTESIAN_POINT('',(261.213,-22.254,1.51));
#6893 = VECTOR('',#6894,1.);
#6894 = DIRECTION('',(0.,1.,0.));
#6895 = ORIENTED_EDGE('',*,*,#6896,.F.);
#6896 = EDGE_CURVE('',#6897,#6889,#6899,.T.);
#6897 = VERTEX_POINT('',#6898);
#6898 = CARTESIAN_POINT('',(257.913,-22.254,1.51));
#6899 = LINE('',#6900,#6901);
#6900 = CARTESIAN_POINT('',(257.913,-22.254,1.51));
#6901 = VECTOR('',#6902,1.);
#6902 = DIRECTION('',(1.,0.,0.));
#6903 = ORIENTED_EDGE('',*,*,#6904,.F.);
#6904 = EDGE_CURVE('',#6905,#6897,#6907,.T.);
#6905 = VERTEX_POINT('',#6906);
#6906 = CARTESIAN_POINT('',(257.913,-21.054,1.51));
#6907 = LINE('',#6908,#6909);
#6908 = CARTESIAN_POINT('',(257.913,-21.054,1.51));
#6909 = VECTOR('',#6910,1.);
#6910 = DIRECTION('',(0.,-1.,0.));
#6911 = ORIENTED_EDGE('',*,*,#6912,.F.);
#6912 = EDGE_CURVE('',#6913,#6905,#6915,.T.);
#6913 = VERTEX_POINT('',#6914);
#6914 = CARTESIAN_POINT('',(256.188,-21.054,1.51));
#6915 = LINE('',#6916,#6917);
#6916 = CARTESIAN_POINT('',(256.188,-21.054,1.51));
#6917 = VECTOR('',#6918,1.);
#6918 = DIRECTION('',(1.,0.,0.));
#6919 = ORIENTED_EDGE('',*,*,#6920,.F.);
#6920 = EDGE_CURVE('',#6921,#6913,#6923,.T.);
#6921 = VERTEX_POINT('',#6922);
#6922 = CARTESIAN_POINT('',(256.188,-14.784,1.51));
#6923 = LINE('',#6924,#6925);
#6924 = CARTESIAN_POINT('',(256.188,-14.784,1.51));
#6925 = VECTOR('',#6926,1.);
#6926 = DIRECTION('',(0.,-1.,0.));
#6927 = ORIENTED_EDGE('',*,*,#6928,.F.);
#6928 = EDGE_CURVE('',#6929,#6921,#6931,.T.);
#6929 = VERTEX_POINT('',#6930);
#6930 = CARTESIAN_POINT('',(255.363,-14.784,1.51));
#6931 = LINE('',#6932,#6933);
#6932 = CARTESIAN_POINT('',(255.363,-14.784,1.51));
#6933 = VECTOR('',#6934,1.);
#6934 = DIRECTION('',(1.,0.,0.));
#6935 = ORIENTED_EDGE('',*,*,#6936,.F.);
#6936 = EDGE_CURVE('',#6937,#6929,#6939,.T.);
#6937 = VERTEX_POINT('',#6938);
#6938 = CARTESIAN_POINT('',(255.363,-11.984,1.51));
#6939 = LINE('',#6940,#6941);
#6940 = CARTESIAN_POINT('',(255.363,-11.984,1.51));
#6941 = VECTOR('',#6942,1.);
#6942 = DIRECTION('',(0.,-1.,0.));
#6943 = ORIENTED_EDGE('',*,*,#6944,.F.);
#6944 = EDGE_CURVE('',#6945,#6937,#6947,.T.);
#6945 = VERTEX_POINT('',#6946);
#6946 = CARTESIAN_POINT('',(256.188,-11.984,1.51));
#6947 = LINE('',#6948,#6949);
#6948 = CARTESIAN_POINT('',(256.188,-11.984,1.51));
#6949 = VECTOR('',#6950,1.);
#6950 = DIRECTION('',(-1.,0.,0.));
#6951 = ORIENTED_EDGE('',*,*,#6952,.F.);
#6952 = EDGE_CURVE('',#6953,#6945,#6955,.T.);
#6953 = VERTEX_POINT('',#6954);
#6954 = CARTESIAN_POINT('',(256.188,-8.754,1.51));
#6955 = LINE('',#6956,#6957);
#6956 = CARTESIAN_POINT('',(256.188,-8.754,1.51));
#6957 = VECTOR('',#6958,1.);
#6958 = DIRECTION('',(0.,-1.,0.));
#6959 = ORIENTED_EDGE('',*,*,#6960,.F.);
#6960 = EDGE_CURVE('',#6961,#6953,#6963,.T.);
#6961 = VERTEX_POINT('',#6962);
#6962 = CARTESIAN_POINT('',(262.938,-8.754,1.51));
#6963 = LINE('',#6964,#6965);
#6964 = CARTESIAN_POINT('',(262.938,-8.754,1.51));
#6965 = VECTOR('',#6966,1.);
#6966 = DIRECTION('',(-1.,0.,0.));
#6967 = ORIENTED_EDGE('',*,*,#6968,.F.);
#6968 = EDGE_CURVE('',#6689,#6961,#6969,.T.);
#6969 = LINE('',#6970,#6971);
#6970 = CARTESIAN_POINT('',(262.938,-11.984,1.51));
#6971 = VECTOR('',#6972,1.);
#6972 = DIRECTION('',(0.,1.,0.));
#6973 = FACE_BOUND('',#6974,.T.);
#6974 = EDGE_LOOP('',(#6975,#6985,#6993,#7001));
#6975 = ORIENTED_EDGE('',*,*,#6976,.F.);
#6976 = EDGE_CURVE('',#6977,#6979,#6981,.T.);
#6977 = VERTEX_POINT('',#6978);
#6978 = CARTESIAN_POINT('',(235.888,-21.284,1.51));
#6979 = VERTEX_POINT('',#6980);
#6980 = CARTESIAN_POINT('',(249.888,-21.284,1.51));
#6981 = LINE('',#6982,#6983);
#6982 = CARTESIAN_POINT('',(235.888,-21.284,1.51));
#6983 = VECTOR('',#6984,1.);
#6984 = DIRECTION('',(1.,0.,0.));
#6985 = ORIENTED_EDGE('',*,*,#6986,.F.);
#6986 = EDGE_CURVE('',#6987,#6977,#6989,.T.);
#6987 = VERTEX_POINT('',#6988);
#6988 = CARTESIAN_POINT('',(235.888,-7.284,1.51));
#6989 = LINE('',#6990,#6991);
#6990 = CARTESIAN_POINT('',(235.888,-7.284,1.51));
#6991 = VECTOR('',#6992,1.);
#6992 = DIRECTION('',(0.,-1.,0.));
#6993 = ORIENTED_EDGE('',*,*,#6994,.F.);
#6994 = EDGE_CURVE('',#6995,#6987,#6997,.T.);
#6995 = VERTEX_POINT('',#6996);
#6996 = CARTESIAN_POINT('',(249.888,-7.284,1.51));
#6997 = LINE('',#6998,#6999);
#6998 = CARTESIAN_POINT('',(249.888,-7.284,1.51));
#6999 = VECTOR('',#7000,1.);
#7000 = DIRECTION('',(-1.,0.,0.));
#7001 = ORIENTED_EDGE('',*,*,#7002,.F.);
#7002 = EDGE_CURVE('',#6979,#6995,#7003,.T.);
#7003 = LINE('',#7004,#7005);
#7004 = CARTESIAN_POINT('',(249.888,-21.284,1.51));
#7005 = VECTOR('',#7006,1.);
#7006 = DIRECTION('',(0.,1.,0.));
#7007 = FACE_BOUND('',#7008,.T.);
#7008 = EDGE_LOOP('',(#7009));
#7009 = ORIENTED_EDGE('',*,*,#7010,.T.);
#7010 = EDGE_CURVE('',#7011,#7011,#7013,.T.);
#7011 = VERTEX_POINT('',#7012);
#7012 = CARTESIAN_POINT('',(321.46875,-3.48125,1.51));
#7013 = CIRCLE('',#7014,1.1);
#7014 = AXIS2_PLACEMENT_3D('',#7015,#7016,#7017);
#7015 = CARTESIAN_POINT('',(321.46875,-2.38125,1.51));
#7016 = DIRECTION('',(-0.,0.,-1.));
#7017 = DIRECTION('',(-0.,-1.,0.));
#7018 = PLANE('',#7019);
#7019 = AXIS2_PLACEMENT_3D('',#7020,#7021,#7022);
#7020 = CARTESIAN_POINT('',(0.,0.,1.51));
#7021 = DIRECTION('',(0.,0.,1.));
#7022 = DIRECTION('',(1.,0.,-0.));
#7023 = ADVANCED_FACE('',(#7024),#7035,.T.);
#7024 = FACE_BOUND('',#7025,.T.);
#7025 = EDGE_LOOP('',(#7026,#7032,#7033,#7034));
#7026 = ORIENTED_EDGE('',*,*,#7027,.T.);
#7027 = EDGE_CURVE('',#146,#3588,#7028,.T.);
#7028 = LINE('',#7029,#7030);
#7029 = CARTESIAN_POINT('',(0.,-2.38125,0.));
#7030 = VECTOR('',#7031,1.);
#7031 = DIRECTION('',(0.,0.,1.));
#7032 = ORIENTED_EDGE('',*,*,#3587,.T.);
#7033 = ORIENTED_EDGE('',*,*,#81,.F.);
#7034 = ORIENTED_EDGE('',*,*,#145,.F.);
#7035 = CYLINDRICAL_SURFACE('',#7036,2.381301292594);
#7036 = AXIS2_PLACEMENT_3D('',#7037,#7038,#7039);
#7037 = CARTESIAN_POINT('',(2.381301292041,-2.381301292041,0.));
#7038 = DIRECTION('',(0.,0.,-1.));
#7039 = DIRECTION('',(-0.999999999768,2.153950088234E-05,0.));
#7040 = ADVANCED_FACE('',(#7041),#7052,.T.);
#7041 = FACE_BOUND('',#7042,.T.);
#7042 = EDGE_LOOP('',(#7043,#7044,#7045,#7051));
#7043 = ORIENTED_EDGE('',*,*,#121,.T.);
#7044 = ORIENTED_EDGE('',*,*,#3621,.T.);
#7045 = ORIENTED_EDGE('',*,*,#7046,.F.);
#7046 = EDGE_CURVE('',#172,#3614,#7047,.T.);
#7047 = LINE('',#7048,#7049);
#7048 = CARTESIAN_POINT('',(321.46195,-109.5352,0.));
#7049 = VECTOR('',#7050,1.);
#7050 = DIRECTION('',(0.,0.,1.));
#7051 = ORIENTED_EDGE('',*,*,#179,.F.);
#7052 = CYLINDRICAL_SURFACE('',#7053,2.381301292594);
#7053 = AXIS2_PLACEMENT_3D('',#7054,#7055,#7056);
#7054 = CARTESIAN_POINT('',(321.46189870795,-107.1538987079,0.));
#7055 = DIRECTION('',(0.,0.,-1.));
#7056 = DIRECTION('',(0.999999999768,-2.153950090565E-05,0.));
#7057 = ADVANCED_FACE('',(#7058),#7069,.T.);
#7058 = FACE_BOUND('',#7059,.T.);
#7059 = EDGE_LOOP('',(#7060,#7066,#7067,#7068));
#7060 = ORIENTED_EDGE('',*,*,#7061,.T.);
#7061 = EDGE_CURVE('',#155,#3597,#7062,.T.);
#7062 = LINE('',#7063,#7064);
#7063 = CARTESIAN_POINT('',(-1.33226762955E-15,-107.15395,0.));
#7064 = VECTOR('',#7065,1.);
#7065 = DIRECTION('',(0.,0.,1.));
#7066 = ORIENTED_EDGE('',*,*,#3596,.T.);
#7067 = ORIENTED_EDGE('',*,*,#7027,.F.);
#7068 = ORIENTED_EDGE('',*,*,#154,.F.);
#7069 = PLANE('',#7070);
#7070 = AXIS2_PLACEMENT_3D('',#7071,#7072,#7073);
#7071 = CARTESIAN_POINT('',(0.,-107.15395,0.));
#7072 = DIRECTION('',(-1.,0.,0.));
#7073 = DIRECTION('',(0.,1.,0.));
#7074 = ADVANCED_FACE('',(#7075),#7086,.T.);
#7075 = FACE_BOUND('',#7076,.T.);
#7076 = EDGE_LOOP('',(#7077,#7078,#7079,#7085));
#7077 = ORIENTED_EDGE('',*,*,#7046,.T.);
#7078 = ORIENTED_EDGE('',*,*,#3613,.T.);
#7079 = ORIENTED_EDGE('',*,*,#7080,.F.);
#7080 = EDGE_CURVE('',#163,#3605,#7081,.T.);
#7081 = LINE('',#7082,#7083);
#7082 = CARTESIAN_POINT('',(2.38125,-109.5352,0.));
#7083 = VECTOR('',#7084,1.);
#7084 = DIRECTION('',(0.,0.,1.));
#7085 = ORIENTED_EDGE('',*,*,#171,.F.);
#7086 = PLANE('',#7087);
#7087 = AXIS2_PLACEMENT_3D('',#7088,#7089,#7090);
#7088 = CARTESIAN_POINT('',(321.46195,-109.5352,0.));
#7089 = DIRECTION('',(0.,-1.,0.));
#7090 = DIRECTION('',(-1.,0.,0.));
#7091 = ADVANCED_FACE('',(#7092),#7098,.T.);
#7092 = FACE_BOUND('',#7093,.T.);
#7093 = EDGE_LOOP('',(#7094,#7095,#7096,#7097));
#7094 = ORIENTED_EDGE('',*,*,#7080,.T.);
#7095 = ORIENTED_EDGE('',*,*,#3604,.T.);
#7096 = ORIENTED_EDGE('',*,*,#7061,.F.);
#7097 = ORIENTED_EDGE('',*,*,#162,.F.);
#7098 = CYLINDRICAL_SURFACE('',#7099,2.381250077504);
#7099 = AXIS2_PLACEMENT_3D('',#7100,#7101,#7102);
#7100 = CARTESIAN_POINT('',(2.381250077504,-107.1539499224,0.));
#7101 = DIRECTION('',(0.,0.,-1.));
#7102 = DIRECTION('',(-3.254771310577E-08,-1.,-0.));
#7103 = ADVANCED_FACE('',(#7104),#7115,.F.);
#7104 = FACE_BOUND('',#7105,.T.);
#7105 = EDGE_LOOP('',(#7106,#7107,#7113,#7114));
#7106 = ORIENTED_EDGE('',*,*,#189,.T.);
#7107 = ORIENTED_EDGE('',*,*,#7108,.T.);
#7108 = EDGE_CURVE('',#190,#3632,#7109,.T.);
#7109 = LINE('',#7110,#7111);
#7110 = CARTESIAN_POINT('',(2.38125,-108.25625,-4.6E-02));
#7111 = VECTOR('',#7112,1.);
#7112 = DIRECTION('',(0.,0.,1.));
#7113 = ORIENTED_EDGE('',*,*,#3631,.F.);
#7114 = ORIENTED_EDGE('',*,*,#7108,.F.);
#7115 = CYLINDRICAL_SURFACE('',#7116,1.1);
#7116 = AXIS2_PLACEMENT_3D('',#7117,#7118,#7119);
#7117 = CARTESIAN_POINT('',(2.38125,-107.15625,-4.6E-02));
#7118 = DIRECTION('',(-0.,-0.,-1.));
#7119 = DIRECTION('',(-0.,-1.,0.));
#7120 = ADVANCED_FACE('',(#7121),#7137,.T.);
#7121 = FACE_BOUND('',#7122,.T.);
#7122 = EDGE_LOOP('',(#7123,#7129,#7130,#7136));
#7123 = ORIENTED_EDGE('',*,*,#7124,.T.);
#7124 = EDGE_CURVE('',#201,#3643,#7125,.T.);
#7125 = LINE('',#7126,#7127);
#7126 = CARTESIAN_POINT('',(9.669,-97.484,0.));
#7127 = VECTOR('',#7128,1.);
#7128 = DIRECTION('',(0.,0.,1.));
#7129 = ORIENTED_EDGE('',*,*,#3642,.T.);
#7130 = ORIENTED_EDGE('',*,*,#7131,.F.);
#7131 = EDGE_CURVE('',#203,#3645,#7132,.T.);
#7132 = LINE('',#7133,#7134);
#7133 = CARTESIAN_POINT('',(23.669,-97.484,0.));
#7134 = VECTOR('',#7135,1.);
#7135 = DIRECTION('',(0.,0.,1.));
#7136 = ORIENTED_EDGE('',*,*,#200,.F.);
#7137 = PLANE('',#7138);
#7138 = AXIS2_PLACEMENT_3D('',#7139,#7140,#7141);
#7139 = CARTESIAN_POINT('',(9.669,-97.484,0.));
#7140 = DIRECTION('',(0.,1.,0.));
#7141 = DIRECTION('',(1.,0.,0.));
#7142 = ADVANCED_FACE('',(#7143),#7154,.T.);
#7143 = FACE_BOUND('',#7144,.T.);
#7144 = EDGE_LOOP('',(#7145,#7151,#7152,#7153));
#7145 = ORIENTED_EDGE('',*,*,#7146,.T.);
#7146 = EDGE_CURVE('',#211,#3653,#7147,.T.);
#7147 = LINE('',#7148,#7149);
#7148 = CARTESIAN_POINT('',(9.669,-83.484,0.));
#7149 = VECTOR('',#7150,1.);
#7150 = DIRECTION('',(0.,0.,1.));
#7151 = ORIENTED_EDGE('',*,*,#3652,.T.);
#7152 = ORIENTED_EDGE('',*,*,#7124,.F.);
#7153 = ORIENTED_EDGE('',*,*,#210,.F.);
#7154 = PLANE('',#7155);
#7155 = AXIS2_PLACEMENT_3D('',#7156,#7157,#7158);
#7156 = CARTESIAN_POINT('',(9.669,-83.484,0.));
#7157 = DIRECTION('',(1.,0.,-0.));
#7158 = DIRECTION('',(0.,-1.,0.));
#7159 = ADVANCED_FACE('',(#7160),#7171,.T.);
#7160 = FACE_BOUND('',#7161,.T.);
#7161 = EDGE_LOOP('',(#7162,#7163,#7164,#7170));
#7162 = ORIENTED_EDGE('',*,*,#7131,.T.);
#7163 = ORIENTED_EDGE('',*,*,#3668,.T.);
#7164 = ORIENTED_EDGE('',*,*,#7165,.F.);
#7165 = EDGE_CURVE('',#219,#3661,#7166,.T.);
#7166 = LINE('',#7167,#7168);
#7167 = CARTESIAN_POINT('',(23.669,-83.484,0.));
#7168 = VECTOR('',#7169,1.);
#7169 = DIRECTION('',(0.,0.,1.));
#7170 = ORIENTED_EDGE('',*,*,#226,.F.);
#7171 = PLANE('',#7172);
#7172 = AXIS2_PLACEMENT_3D('',#7173,#7174,#7175);
#7173 = CARTESIAN_POINT('',(23.669,-97.484,0.));
#7174 = DIRECTION('',(-1.,0.,0.));
#7175 = DIRECTION('',(0.,1.,0.));
#7176 = ADVANCED_FACE('',(#7177),#7183,.T.);
#7177 = FACE_BOUND('',#7178,.T.);
#7178 = EDGE_LOOP('',(#7179,#7180,#7181,#7182));
#7179 = ORIENTED_EDGE('',*,*,#7165,.T.);
#7180 = ORIENTED_EDGE('',*,*,#3660,.T.);
#7181 = ORIENTED_EDGE('',*,*,#7146,.F.);
#7182 = ORIENTED_EDGE('',*,*,#218,.F.);
#7183 = PLANE('',#7184);
#7184 = AXIS2_PLACEMENT_3D('',#7185,#7186,#7187);
#7185 = CARTESIAN_POINT('',(23.669,-83.484,0.));
#7186 = DIRECTION('',(0.,-1.,0.));
#7187 = DIRECTION('',(-1.,0.,0.));
#7188 = ADVANCED_FACE('',(#7189),#7205,.T.);
#7189 = FACE_BOUND('',#7190,.T.);
#7190 = EDGE_LOOP('',(#7191,#7197,#7198,#7204));
#7191 = ORIENTED_EDGE('',*,*,#7192,.T.);
#7192 = EDGE_CURVE('',#235,#3677,#7193,.T.);
#7193 = LINE('',#7194,#7195);
#7194 = CARTESIAN_POINT('',(33.482,-97.484,0.));
#7195 = VECTOR('',#7196,1.);
#7196 = DIRECTION('',(0.,0.,1.));
#7197 = ORIENTED_EDGE('',*,*,#3676,.T.);
#7198 = ORIENTED_EDGE('',*,*,#7199,.F.);
#7199 = EDGE_CURVE('',#237,#3679,#7200,.T.);
#7200 = LINE('',#7201,#7202);
#7201 = CARTESIAN_POINT('',(47.482,-97.484,0.));
#7202 = VECTOR('',#7203,1.);
#7203 = DIRECTION('',(0.,0.,1.));
#7204 = ORIENTED_EDGE('',*,*,#234,.F.);
#7205 = PLANE('',#7206);
#7206 = AXIS2_PLACEMENT_3D('',#7207,#7208,#7209);
#7207 = CARTESIAN_POINT('',(33.482,-97.484,0.));
#7208 = DIRECTION('',(0.,1.,0.));
#7209 = DIRECTION('',(1.,0.,0.));
#7210 = ADVANCED_FACE('',(#7211),#7222,.T.);
#7211 = FACE_BOUND('',#7212,.T.);
#7212 = EDGE_LOOP('',(#7213,#7219,#7220,#7221));
#7213 = ORIENTED_EDGE('',*,*,#7214,.T.);
#7214 = EDGE_CURVE('',#245,#3687,#7215,.T.);
#7215 = LINE('',#7216,#7217);
#7216 = CARTESIAN_POINT('',(33.482,-83.484,0.));
#7217 = VECTOR('',#7218,1.);
#7218 = DIRECTION('',(0.,0.,1.));
#7219 = ORIENTED_EDGE('',*,*,#3686,.T.);
#7220 = ORIENTED_EDGE('',*,*,#7192,.F.);
#7221 = ORIENTED_EDGE('',*,*,#244,.F.);
#7222 = PLANE('',#7223);
#7223 = AXIS2_PLACEMENT_3D('',#7224,#7225,#7226);
#7224 = CARTESIAN_POINT('',(33.482,-83.484,0.));
#7225 = DIRECTION('',(1.,0.,-0.));
#7226 = DIRECTION('',(0.,-1.,0.));
#7227 = ADVANCED_FACE('',(#7228),#7239,.T.);
#7228 = FACE_BOUND('',#7229,.T.);
#7229 = EDGE_LOOP('',(#7230,#7231,#7232,#7238));
#7230 = ORIENTED_EDGE('',*,*,#7199,.T.);
#7231 = ORIENTED_EDGE('',*,*,#3702,.T.);
#7232 = ORIENTED_EDGE('',*,*,#7233,.F.);
#7233 = EDGE_CURVE('',#253,#3695,#7234,.T.);
#7234 = LINE('',#7235,#7236);
#7235 = CARTESIAN_POINT('',(47.482,-83.484,0.));
#7236 = VECTOR('',#7237,1.);
#7237 = DIRECTION('',(0.,0.,1.));
#7238 = ORIENTED_EDGE('',*,*,#260,.F.);
#7239 = PLANE('',#7240);
#7240 = AXIS2_PLACEMENT_3D('',#7241,#7242,#7243);
#7241 = CARTESIAN_POINT('',(47.482,-97.484,0.));
#7242 = DIRECTION('',(-1.,0.,0.));
#7243 = DIRECTION('',(0.,1.,0.));
#7244 = ADVANCED_FACE('',(#7245),#7251,.T.);
#7245 = FACE_BOUND('',#7246,.T.);
#7246 = EDGE_LOOP('',(#7247,#7248,#7249,#7250));
#7247 = ORIENTED_EDGE('',*,*,#7233,.T.);
#7248 = ORIENTED_EDGE('',*,*,#3694,.T.);
#7249 = ORIENTED_EDGE('',*,*,#7214,.F.);
#7250 = ORIENTED_EDGE('',*,*,#252,.F.);
#7251 = PLANE('',#7252);
#7252 = AXIS2_PLACEMENT_3D('',#7253,#7254,#7255);
#7253 = CARTESIAN_POINT('',(47.482,-83.484,0.));
#7254 = DIRECTION('',(0.,-1.,0.));
#7255 = DIRECTION('',(-1.,0.,0.));
#7256 = ADVANCED_FACE('',(#7257),#7273,.T.);
#7257 = FACE_BOUND('',#7258,.T.);
#7258 = EDGE_LOOP('',(#7259,#7265,#7266,#7272));
#7259 = ORIENTED_EDGE('',*,*,#7260,.T.);
#7260 = EDGE_CURVE('',#269,#3711,#7261,.T.);
#7261 = LINE('',#7262,#7263);
#7262 = CARTESIAN_POINT('',(57.294,-97.484,0.));
#7263 = VECTOR('',#7264,1.);
#7264 = DIRECTION('',(0.,0.,1.));
#7265 = ORIENTED_EDGE('',*,*,#3710,.T.);
#7266 = ORIENTED_EDGE('',*,*,#7267,.F.);
#7267 = EDGE_CURVE('',#271,#3713,#7268,.T.);
#7268 = LINE('',#7269,#7270);
#7269 = CARTESIAN_POINT('',(71.294,-97.484,0.));
#7270 = VECTOR('',#7271,1.);
#7271 = DIRECTION('',(0.,0.,1.));
#7272 = ORIENTED_EDGE('',*,*,#268,.F.);
#7273 = PLANE('',#7274);
#7274 = AXIS2_PLACEMENT_3D('',#7275,#7276,#7277);
#7275 = CARTESIAN_POINT('',(57.294,-97.484,0.));
#7276 = DIRECTION('',(0.,1.,0.));
#7277 = DIRECTION('',(1.,0.,0.));
#7278 = ADVANCED_FACE('',(#7279),#7290,.T.);
#7279 = FACE_BOUND('',#7280,.T.);
#7280 = EDGE_LOOP('',(#7281,#7287,#7288,#7289));
#7281 = ORIENTED_EDGE('',*,*,#7282,.T.);
#7282 = EDGE_CURVE('',#279,#3721,#7283,.T.);
#7283 = LINE('',#7284,#7285);
#7284 = CARTESIAN_POINT('',(57.294,-83.484,0.));
#7285 = VECTOR('',#7286,1.);
#7286 = DIRECTION('',(0.,0.,1.));
#7287 = ORIENTED_EDGE('',*,*,#3720,.T.);
#7288 = ORIENTED_EDGE('',*,*,#7260,.F.);
#7289 = ORIENTED_EDGE('',*,*,#278,.F.);
#7290 = PLANE('',#7291);
#7291 = AXIS2_PLACEMENT_3D('',#7292,#7293,#7294);
#7292 = CARTESIAN_POINT('',(57.294,-83.484,0.));
#7293 = DIRECTION('',(1.,0.,-0.));
#7294 = DIRECTION('',(0.,-1.,0.));
#7295 = ADVANCED_FACE('',(#7296),#7307,.T.);
#7296 = FACE_BOUND('',#7297,.T.);
#7297 = EDGE_LOOP('',(#7298,#7299,#7300,#7306));
#7298 = ORIENTED_EDGE('',*,*,#7267,.T.);
#7299 = ORIENTED_EDGE('',*,*,#3736,.T.);
#7300 = ORIENTED_EDGE('',*,*,#7301,.F.);
#7301 = EDGE_CURVE('',#287,#3729,#7302,.T.);
#7302 = LINE('',#7303,#7304);
#7303 = CARTESIAN_POINT('',(71.294,-83.484,0.));
#7304 = VECTOR('',#7305,1.);
#7305 = DIRECTION('',(0.,0.,1.));
#7306 = ORIENTED_EDGE('',*,*,#294,.F.);
#7307 = PLANE('',#7308);
#7308 = AXIS2_PLACEMENT_3D('',#7309,#7310,#7311);
#7309 = CARTESIAN_POINT('',(71.294,-97.484,0.));
#7310 = DIRECTION('',(-1.,0.,0.));
#7311 = DIRECTION('',(0.,1.,0.));
#7312 = ADVANCED_FACE('',(#7313),#7319,.T.);
#7313 = FACE_BOUND('',#7314,.T.);
#7314 = EDGE_LOOP('',(#7315,#7316,#7317,#7318));
#7315 = ORIENTED_EDGE('',*,*,#7301,.T.);
#7316 = ORIENTED_EDGE('',*,*,#3728,.T.);
#7317 = ORIENTED_EDGE('',*,*,#7282,.F.);
#7318 = ORIENTED_EDGE('',*,*,#286,.F.);
#7319 = PLANE('',#7320);
#7320 = AXIS2_PLACEMENT_3D('',#7321,#7322,#7323);
#7321 = CARTESIAN_POINT('',(71.294,-83.484,0.));
#7322 = DIRECTION('',(0.,-1.,0.));
#7323 = DIRECTION('',(-1.,0.,0.));
#7324 = ADVANCED_FACE('',(#7325),#7336,.F.);
#7325 = FACE_BOUND('',#7326,.T.);
#7326 = EDGE_LOOP('',(#7327,#7328,#7334,#7335));
#7327 = ORIENTED_EDGE('',*,*,#302,.T.);
#7328 = ORIENTED_EDGE('',*,*,#7329,.T.);
#7329 = EDGE_CURVE('',#303,#3745,#7330,.T.);
#7330 = LINE('',#7331,#7332);
#7331 = CARTESIAN_POINT('',(108.744083,-108.25625,-4.6E-02));
#7332 = VECTOR('',#7333,1.);
#7333 = DIRECTION('',(0.,0.,1.));
#7334 = ORIENTED_EDGE('',*,*,#3744,.F.);
#7335 = ORIENTED_EDGE('',*,*,#7329,.F.);
#7336 = CYLINDRICAL_SURFACE('',#7337,1.1);
#7337 = AXIS2_PLACEMENT_3D('',#7338,#7339,#7340);
#7338 = CARTESIAN_POINT('',(108.744083,-107.15625,-4.6E-02));
#7339 = DIRECTION('',(-0.,0.,-1.));
#7340 = DIRECTION('',(1.2918958832E-14,-1.,-0.));
#7341 = ADVANCED_FACE('',(#7342),#7358,.T.);
#7342 = FACE_BOUND('',#7343,.T.);
#7343 = EDGE_LOOP('',(#7344,#7350,#7351,#7357));
#7344 = ORIENTED_EDGE('',*,*,#7345,.T.);
#7345 = EDGE_CURVE('',#314,#3756,#7346,.T.);
#7346 = LINE('',#7347,#7348);
#7347 = CARTESIAN_POINT('',(84.082,-83.714,0.));
#7348 = VECTOR('',#7349,1.);
#7349 = DIRECTION('',(0.,0.,1.));
#7350 = ORIENTED_EDGE('',*,*,#3755,.T.);
#7351 = ORIENTED_EDGE('',*,*,#7352,.F.);
#7352 = EDGE_CURVE('',#316,#3758,#7353,.T.);
#7353 = LINE('',#7354,#7355);
#7354 = CARTESIAN_POINT('',(82.357,-83.714,0.));
#7355 = VECTOR('',#7356,1.);
#7356 = DIRECTION('',(0.,0.,1.));
#7357 = ORIENTED_EDGE('',*,*,#313,.F.);
#7358 = PLANE('',#7359);
#7359 = AXIS2_PLACEMENT_3D('',#7360,#7361,#7362);
#7360 = CARTESIAN_POINT('',(84.082,-83.714,0.));
#7361 = DIRECTION('',(0.,-1.,0.));
#7362 = DIRECTION('',(-1.,0.,0.));
#7363 = ADVANCED_FACE('',(#7364),#7375,.T.);
#7364 = FACE_BOUND('',#7365,.T.);
#7365 = EDGE_LOOP('',(#7366,#7372,#7373,#7374));
#7366 = ORIENTED_EDGE('',*,*,#7367,.T.);
#7367 = EDGE_CURVE('',#324,#3766,#7368,.T.);
#7368 = LINE('',#7369,#7370);
#7369 = CARTESIAN_POINT('',(84.082,-82.514,0.));
#7370 = VECTOR('',#7371,1.);
#7371 = DIRECTION('',(0.,0.,1.));
#7372 = ORIENTED_EDGE('',*,*,#3765,.T.);
#7373 = ORIENTED_EDGE('',*,*,#7345,.F.);
#7374 = ORIENTED_EDGE('',*,*,#323,.F.);
#7375 = PLANE('',#7376);
#7376 = AXIS2_PLACEMENT_3D('',#7377,#7378,#7379);
#7377 = CARTESIAN_POINT('',(84.082,-82.514,0.));
#7378 = DIRECTION('',(1.,0.,-0.));
#7379 = DIRECTION('',(0.,-1.,0.));
#7380 = ADVANCED_FACE('',(#7381),#7392,.T.);
#7381 = FACE_BOUND('',#7382,.T.);
#7382 = EDGE_LOOP('',(#7383,#7384,#7385,#7391));
#7383 = ORIENTED_EDGE('',*,*,#7352,.T.);
#7384 = ORIENTED_EDGE('',*,*,#4037,.T.);
#7385 = ORIENTED_EDGE('',*,*,#7386,.F.);
#7386 = EDGE_CURVE('',#588,#4030,#7387,.T.);
#7387 = LINE('',#7388,#7389);
#7388 = CARTESIAN_POINT('',(82.357,-89.984,0.));
#7389 = VECTOR('',#7390,1.);
#7390 = DIRECTION('',(0.,0.,1.));
#7391 = ORIENTED_EDGE('',*,*,#595,.F.);
#7392 = PLANE('',#7393);
#7393 = AXIS2_PLACEMENT_3D('',#7394,#7395,#7396);
#7394 = CARTESIAN_POINT('',(82.357,-83.714,0.));
#7395 = DIRECTION('',(1.,0.,-0.));
#7396 = DIRECTION('',(0.,-1.,0.));
#7397 = ADVANCED_FACE('',(#7398),#7409,.T.);
#7398 = FACE_BOUND('',#7399,.T.);
#7399 = EDGE_LOOP('',(#7400,#7406,#7407,#7408));
#7400 = ORIENTED_EDGE('',*,*,#7401,.T.);
#7401 = EDGE_CURVE('',#332,#3774,#7402,.T.);
#7402 = LINE('',#7403,#7404);
#7403 = CARTESIAN_POINT('',(87.382,-82.514,0.));
#7404 = VECTOR('',#7405,1.);
#7405 = DIRECTION('',(0.,0.,1.));
#7406 = ORIENTED_EDGE('',*,*,#3773,.T.);
#7407 = ORIENTED_EDGE('',*,*,#7367,.F.);
#7408 = ORIENTED_EDGE('',*,*,#331,.F.);
#7409 = PLANE('',#7410);
#7410 = AXIS2_PLACEMENT_3D('',#7411,#7412,#7413);
#7411 = CARTESIAN_POINT('',(87.382,-82.514,0.));
#7412 = DIRECTION('',(0.,-1.,0.));
#7413 = DIRECTION('',(-1.,0.,0.));
#7414 = ADVANCED_FACE('',(#7415),#7426,.T.);
#7415 = FACE_BOUND('',#7416,.T.);
#7416 = EDGE_LOOP('',(#7417,#7418,#7419,#7425));
#7417 = ORIENTED_EDGE('',*,*,#7386,.T.);
#7418 = ORIENTED_EDGE('',*,*,#4029,.T.);
#7419 = ORIENTED_EDGE('',*,*,#7420,.F.);
#7420 = EDGE_CURVE('',#580,#4022,#7421,.T.);
#7421 = LINE('',#7422,#7423);
#7422 = CARTESIAN_POINT('',(81.532,-89.984,0.));
#7423 = VECTOR('',#7424,1.);
#7424 = DIRECTION('',(0.,0.,1.));
#7425 = ORIENTED_EDGE('',*,*,#587,.F.);
#7426 = PLANE('',#7427);
#7427 = AXIS2_PLACEMENT_3D('',#7428,#7429,#7430);
#7428 = CARTESIAN_POINT('',(82.357,-89.984,0.));
#7429 = DIRECTION('',(0.,-1.,0.));
#7430 = DIRECTION('',(-1.,0.,0.));
#7431 = ADVANCED_FACE('',(#7432),#7443,.T.);
#7432 = FACE_BOUND('',#7433,.T.);
#7433 = EDGE_LOOP('',(#7434,#7440,#7441,#7442));
#7434 = ORIENTED_EDGE('',*,*,#7435,.T.);
#7435 = EDGE_CURVE('',#340,#3782,#7436,.T.);
#7436 = LINE('',#7437,#7438);
#7437 = CARTESIAN_POINT('',(87.382,-83.714,0.));
#7438 = VECTOR('',#7439,1.);
#7439 = DIRECTION('',(0.,0.,1.));
#7440 = ORIENTED_EDGE('',*,*,#3781,.T.);
#7441 = ORIENTED_EDGE('',*,*,#7401,.F.);
#7442 = ORIENTED_EDGE('',*,*,#339,.F.);
#7443 = PLANE('',#7444);
#7444 = AXIS2_PLACEMENT_3D('',#7445,#7446,#7447);
#7445 = CARTESIAN_POINT('',(87.382,-83.714,0.));
#7446 = DIRECTION('',(-1.,0.,0.));
#7447 = DIRECTION('',(0.,1.,0.));
#7448 = ADVANCED_FACE('',(#7449),#7460,.T.);
#7449 = FACE_BOUND('',#7450,.T.);
#7450 = EDGE_LOOP('',(#7451,#7452,#7453,#7459));
#7451 = ORIENTED_EDGE('',*,*,#7420,.T.);
#7452 = ORIENTED_EDGE('',*,*,#4021,.T.);
#7453 = ORIENTED_EDGE('',*,*,#7454,.F.);
#7454 = EDGE_CURVE('',#572,#4014,#7455,.T.);
#7455 = LINE('',#7456,#7457);
#7456 = CARTESIAN_POINT('',(81.532,-92.784,0.));
#7457 = VECTOR('',#7458,1.);
#7458 = DIRECTION('',(0.,0.,1.));
#7459 = ORIENTED_EDGE('',*,*,#579,.F.);
#7460 = PLANE('',#7461);
#7461 = AXIS2_PLACEMENT_3D('',#7462,#7463,#7464);
#7462 = CARTESIAN_POINT('',(81.532,-89.984,0.));
#7463 = DIRECTION('',(1.,0.,-0.));
#7464 = DIRECTION('',(0.,-1.,0.));
#7465 = ADVANCED_FACE('',(#7466),#7477,.T.);
#7466 = FACE_BOUND('',#7467,.T.);
#7467 = EDGE_LOOP('',(#7468,#7474,#7475,#7476));
#7468 = ORIENTED_EDGE('',*,*,#7469,.T.);
#7469 = EDGE_CURVE('',#348,#3790,#7470,.T.);
#7470 = LINE('',#7471,#7472);
#7471 = CARTESIAN_POINT('',(89.107,-83.714,0.));
#7472 = VECTOR('',#7473,1.);
#7473 = DIRECTION('',(0.,0.,1.));
#7474 = ORIENTED_EDGE('',*,*,#3789,.T.);
#7475 = ORIENTED_EDGE('',*,*,#7435,.F.);
#7476 = ORIENTED_EDGE('',*,*,#347,.F.);
#7477 = PLANE('',#7478);
#7478 = AXIS2_PLACEMENT_3D('',#7479,#7480,#7481);
#7479 = CARTESIAN_POINT('',(89.107,-83.714,0.));
#7480 = DIRECTION('',(0.,-1.,0.));
#7481 = DIRECTION('',(-1.,0.,0.));
#7482 = ADVANCED_FACE('',(#7483),#7494,.T.);
#7483 = FACE_BOUND('',#7484,.T.);
#7484 = EDGE_LOOP('',(#7485,#7486,#7487,#7493));
#7485 = ORIENTED_EDGE('',*,*,#7454,.T.);
#7486 = ORIENTED_EDGE('',*,*,#4013,.T.);
#7487 = ORIENTED_EDGE('',*,*,#7488,.F.);
#7488 = EDGE_CURVE('',#564,#4006,#7489,.T.);
#7489 = LINE('',#7490,#7491);
#7490 = CARTESIAN_POINT('',(82.357,-92.784,0.));
#7491 = VECTOR('',#7492,1.);
#7492 = DIRECTION('',(0.,0.,1.));
#7493 = ORIENTED_EDGE('',*,*,#571,.F.);
#7494 = PLANE('',#7495);
#7495 = AXIS2_PLACEMENT_3D('',#7496,#7497,#7498);
#7496 = CARTESIAN_POINT('',(81.532,-92.784,0.));
#7497 = DIRECTION('',(0.,1.,0.));
#7498 = DIRECTION('',(1.,0.,0.));
#7499 = ADVANCED_FACE('',(#7500),#7511,.T.);
#7500 = FACE_BOUND('',#7501,.T.);
#7501 = EDGE_LOOP('',(#7502,#7508,#7509,#7510));
#7502 = ORIENTED_EDGE('',*,*,#7503,.T.);
#7503 = EDGE_CURVE('',#356,#3798,#7504,.T.);
#7504 = LINE('',#7505,#7506);
#7505 = CARTESIAN_POINT('',(89.107,-88.184,0.));
#7506 = VECTOR('',#7507,1.);
#7507 = DIRECTION('',(0.,0.,1.));
#7508 = ORIENTED_EDGE('',*,*,#3797,.T.);
#7509 = ORIENTED_EDGE('',*,*,#7469,.F.);
#7510 = ORIENTED_EDGE('',*,*,#355,.F.);
#7511 = PLANE('',#7512);
#7512 = AXIS2_PLACEMENT_3D('',#7513,#7514,#7515);
#7513 = CARTESIAN_POINT('',(89.107,-88.184,0.));
#7514 = DIRECTION('',(-1.,0.,0.));
#7515 = DIRECTION('',(0.,1.,0.));
#7516 = ADVANCED_FACE('',(#7517),#7528,.T.);
#7517 = FACE_BOUND('',#7518,.T.);
#7518 = EDGE_LOOP('',(#7519,#7520,#7521,#7527));
#7519 = ORIENTED_EDGE('',*,*,#7488,.T.);
#7520 = ORIENTED_EDGE('',*,*,#4005,.T.);
#7521 = ORIENTED_EDGE('',*,*,#7522,.F.);
#7522 = EDGE_CURVE('',#556,#3998,#7523,.T.);
#7523 = LINE('',#7524,#7525);
#7524 = CARTESIAN_POINT('',(82.357,-96.014,0.));
#7525 = VECTOR('',#7526,1.);
#7526 = DIRECTION('',(0.,0.,1.));
#7527 = ORIENTED_EDGE('',*,*,#563,.F.);
#7528 = PLANE('',#7529);
#7529 = AXIS2_PLACEMENT_3D('',#7530,#7531,#7532);
#7530 = CARTESIAN_POINT('',(82.357,-92.784,0.));
#7531 = DIRECTION('',(1.,0.,-0.));
#7532 = DIRECTION('',(0.,-1.,0.));
#7533 = ADVANCED_FACE('',(#7534),#7545,.T.);
#7534 = FACE_BOUND('',#7535,.T.);
#7535 = EDGE_LOOP('',(#7536,#7542,#7543,#7544));
#7536 = ORIENTED_EDGE('',*,*,#7537,.T.);
#7537 = EDGE_CURVE('',#364,#3806,#7538,.T.);
#7538 = LINE('',#7539,#7540);
#7539 = CARTESIAN_POINT('',(128.732,-88.184,0.));
#7540 = VECTOR('',#7541,1.);
#7541 = DIRECTION('',(0.,0.,1.));
#7542 = ORIENTED_EDGE('',*,*,#3805,.T.);
#7543 = ORIENTED_EDGE('',*,*,#7503,.F.);
#7544 = ORIENTED_EDGE('',*,*,#363,.F.);
#7545 = PLANE('',#7546);
#7546 = AXIS2_PLACEMENT_3D('',#7547,#7548,#7549);
#7547 = CARTESIAN_POINT('',(128.732,-88.184,0.));
#7548 = DIRECTION('',(0.,-1.,0.));
#7549 = DIRECTION('',(-1.,0.,0.));
#7550 = ADVANCED_FACE('',(#7551),#7562,.T.);
#7551 = FACE_BOUND('',#7552,.T.);
#7552 = EDGE_LOOP('',(#7553,#7554,#7555,#7561));
#7553 = ORIENTED_EDGE('',*,*,#7522,.T.);
#7554 = ORIENTED_EDGE('',*,*,#3997,.T.);
#7555 = ORIENTED_EDGE('',*,*,#7556,.F.);
#7556 = EDGE_CURVE('',#548,#3990,#7557,.T.);
#7557 = LINE('',#7558,#7559);
#7558 = CARTESIAN_POINT('',(89.107,-96.014,0.));
#7559 = VECTOR('',#7560,1.);
#7560 = DIRECTION('',(0.,0.,1.));
#7561 = ORIENTED_EDGE('',*,*,#555,.F.);
#7562 = PLANE('',#7563);
#7563 = AXIS2_PLACEMENT_3D('',#7564,#7565,#7566);
#7564 = CARTESIAN_POINT('',(82.357,-96.014,0.));
#7565 = DIRECTION('',(0.,1.,0.));
#7566 = DIRECTION('',(1.,0.,0.));
#7567 = ADVANCED_FACE('',(#7568),#7579,.T.);
#7568 = FACE_BOUND('',#7569,.T.);
#7569 = EDGE_LOOP('',(#7570,#7576,#7577,#7578));
#7570 = ORIENTED_EDGE('',*,*,#7571,.T.);
#7571 = EDGE_CURVE('',#372,#3814,#7572,.T.);
#7572 = LINE('',#7573,#7574);
#7573 = CARTESIAN_POINT('',(128.732,-83.484,0.));
#7574 = VECTOR('',#7575,1.);
#7575 = DIRECTION('',(0.,0.,1.));
#7576 = ORIENTED_EDGE('',*,*,#3813,.T.);
#7577 = ORIENTED_EDGE('',*,*,#7537,.F.);
#7578 = ORIENTED_EDGE('',*,*,#371,.F.);
#7579 = PLANE('',#7580);
#7580 = AXIS2_PLACEMENT_3D('',#7581,#7582,#7583);
#7581 = CARTESIAN_POINT('',(128.732,-83.484,0.));
#7582 = DIRECTION('',(1.,0.,-0.));
#7583 = DIRECTION('',(0.,-1.,0.));
#7584 = ADVANCED_FACE('',(#7585),#7596,.T.);
#7585 = FACE_BOUND('',#7586,.T.);
#7586 = EDGE_LOOP('',(#7587,#7588,#7589,#7595));
#7587 = ORIENTED_EDGE('',*,*,#7556,.T.);
#7588 = ORIENTED_EDGE('',*,*,#3989,.T.);
#7589 = ORIENTED_EDGE('',*,*,#7590,.F.);
#7590 = EDGE_CURVE('',#540,#3982,#7591,.T.);
#7591 = LINE('',#7592,#7593);
#7592 = CARTESIAN_POINT('',(89.107,-92.784,0.));
#7593 = VECTOR('',#7594,1.);
#7594 = DIRECTION('',(0.,0.,1.));
#7595 = ORIENTED_EDGE('',*,*,#547,.F.);
#7596 = PLANE('',#7597);
#7597 = AXIS2_PLACEMENT_3D('',#7598,#7599,#7600);
#7598 = CARTESIAN_POINT('',(89.107,-96.014,0.));
#7599 = DIRECTION('',(-1.,0.,0.));
#7600 = DIRECTION('',(0.,1.,0.));
#7601 = ADVANCED_FACE('',(#7602),#7613,.T.);
#7602 = FACE_BOUND('',#7603,.T.);
#7603 = EDGE_LOOP('',(#7604,#7610,#7611,#7612));
#7604 = ORIENTED_EDGE('',*,*,#7605,.T.);
#7605 = EDGE_CURVE('',#380,#3822,#7606,.T.);
#7606 = LINE('',#7607,#7608);
#7607 = CARTESIAN_POINT('',(142.732,-83.484,0.));
#7608 = VECTOR('',#7609,1.);
#7609 = DIRECTION('',(0.,0.,1.));
#7610 = ORIENTED_EDGE('',*,*,#3821,.T.);
#7611 = ORIENTED_EDGE('',*,*,#7571,.F.);
#7612 = ORIENTED_EDGE('',*,*,#379,.F.);
#7613 = PLANE('',#7614);
#7614 = AXIS2_PLACEMENT_3D('',#7615,#7616,#7617);
#7615 = CARTESIAN_POINT('',(142.732,-83.484,0.));
#7616 = DIRECTION('',(0.,-1.,0.));
#7617 = DIRECTION('',(-1.,0.,0.));
#7618 = ADVANCED_FACE('',(#7619),#7630,.T.);
#7619 = FACE_BOUND('',#7620,.T.);
#7620 = EDGE_LOOP('',(#7621,#7622,#7623,#7629));
#7621 = ORIENTED_EDGE('',*,*,#7590,.T.);
#7622 = ORIENTED_EDGE('',*,*,#3981,.T.);
#7623 = ORIENTED_EDGE('',*,*,#7624,.F.);
#7624 = EDGE_CURVE('',#532,#3974,#7625,.T.);
#7625 = LINE('',#7626,#7627);
#7626 = CARTESIAN_POINT('',(128.732,-92.784,0.));
#7627 = VECTOR('',#7628,1.);
#7628 = DIRECTION('',(0.,0.,1.));
#7629 = ORIENTED_EDGE('',*,*,#539,.F.);
#7630 = PLANE('',#7631);
#7631 = AXIS2_PLACEMENT_3D('',#7632,#7633,#7634);
#7632 = CARTESIAN_POINT('',(89.107,-92.784,0.));
#7633 = DIRECTION('',(0.,1.,0.));
#7634 = DIRECTION('',(1.,0.,0.));
#7635 = ADVANCED_FACE('',(#7636),#7647,.T.);
#7636 = FACE_BOUND('',#7637,.T.);
#7637 = EDGE_LOOP('',(#7638,#7644,#7645,#7646));
#7638 = ORIENTED_EDGE('',*,*,#7639,.T.);
#7639 = EDGE_CURVE('',#388,#3830,#7640,.T.);
#7640 = LINE('',#7641,#7642);
#7641 = CARTESIAN_POINT('',(142.732,-88.184,0.));
#7642 = VECTOR('',#7643,1.);
#7643 = DIRECTION('',(0.,0.,1.));
#7644 = ORIENTED_EDGE('',*,*,#3829,.T.);
#7645 = ORIENTED_EDGE('',*,*,#7605,.F.);
#7646 = ORIENTED_EDGE('',*,*,#387,.F.);
#7647 = PLANE('',#7648);
#7648 = AXIS2_PLACEMENT_3D('',#7649,#7650,#7651);
#7649 = CARTESIAN_POINT('',(142.732,-88.184,0.));
#7650 = DIRECTION('',(-1.,0.,0.));
#7651 = DIRECTION('',(0.,1.,0.));
#7652 = ADVANCED_FACE('',(#7653),#7664,.T.);
#7653 = FACE_BOUND('',#7654,.T.);
#7654 = EDGE_LOOP('',(#7655,#7656,#7657,#7663));
#7655 = ORIENTED_EDGE('',*,*,#7624,.T.);
#7656 = ORIENTED_EDGE('',*,*,#3973,.T.);
#7657 = ORIENTED_EDGE('',*,*,#7658,.F.);
#7658 = EDGE_CURVE('',#524,#3966,#7659,.T.);
#7659 = LINE('',#7660,#7661);
#7660 = CARTESIAN_POINT('',(128.732,-97.484,0.));
#7661 = VECTOR('',#7662,1.);
#7662 = DIRECTION('',(0.,0.,1.));
#7663 = ORIENTED_EDGE('',*,*,#531,.F.);
#7664 = PLANE('',#7665);
#7665 = AXIS2_PLACEMENT_3D('',#7666,#7667,#7668);
#7666 = CARTESIAN_POINT('',(128.732,-92.784,0.));
#7667 = DIRECTION('',(1.,0.,-0.));
#7668 = DIRECTION('',(0.,-1.,0.));
#7669 = ADVANCED_FACE('',(#7670),#7681,.T.);
#7670 = FACE_BOUND('',#7671,.T.);
#7671 = EDGE_LOOP('',(#7672,#7678,#7679,#7680));
#7672 = ORIENTED_EDGE('',*,*,#7673,.T.);
#7673 = EDGE_CURVE('',#396,#3838,#7674,.T.);
#7674 = LINE('',#7675,#7676);
#7675 = CARTESIAN_POINT('',(182.357,-88.184,0.));
#7676 = VECTOR('',#7677,1.);
#7677 = DIRECTION('',(0.,0.,1.));
#7678 = ORIENTED_EDGE('',*,*,#3837,.T.);
#7679 = ORIENTED_EDGE('',*,*,#7639,.F.);
#7680 = ORIENTED_EDGE('',*,*,#395,.F.);
#7681 = PLANE('',#7682);
#7682 = AXIS2_PLACEMENT_3D('',#7683,#7684,#7685);
#7683 = CARTESIAN_POINT('',(182.357,-88.184,0.));
#7684 = DIRECTION('',(0.,-1.,0.));
#7685 = DIRECTION('',(-1.,0.,0.));
#7686 = ADVANCED_FACE('',(#7687),#7698,.T.);
#7687 = FACE_BOUND('',#7688,.T.);
#7688 = EDGE_LOOP('',(#7689,#7690,#7691,#7697));
#7689 = ORIENTED_EDGE('',*,*,#7658,.T.);
#7690 = ORIENTED_EDGE('',*,*,#3965,.T.);
#7691 = ORIENTED_EDGE('',*,*,#7692,.F.);
#7692 = EDGE_CURVE('',#516,#3958,#7693,.T.);
#7693 = LINE('',#7694,#7695);
#7694 = CARTESIAN_POINT('',(142.732,-97.484,0.));
#7695 = VECTOR('',#7696,1.);
#7696 = DIRECTION('',(0.,0.,1.));
#7697 = ORIENTED_EDGE('',*,*,#523,.F.);
#7698 = PLANE('',#7699);
#7699 = AXIS2_PLACEMENT_3D('',#7700,#7701,#7702);
#7700 = CARTESIAN_POINT('',(128.732,-97.484,0.));
#7701 = DIRECTION('',(0.,1.,0.));
#7702 = DIRECTION('',(1.,0.,0.));
#7703 = ADVANCED_FACE('',(#7704),#7715,.T.);
#7704 = FACE_BOUND('',#7705,.T.);
#7705 = EDGE_LOOP('',(#7706,#7712,#7713,#7714));
#7706 = ORIENTED_EDGE('',*,*,#7707,.T.);
#7707 = EDGE_CURVE('',#404,#3846,#7708,.T.);
#7708 = LINE('',#7709,#7710);
#7709 = CARTESIAN_POINT('',(182.357,-83.714,0.));
#7710 = VECTOR('',#7711,1.);
#7711 = DIRECTION('',(0.,0.,1.));
#7712 = ORIENTED_EDGE('',*,*,#3845,.T.);
#7713 = ORIENTED_EDGE('',*,*,#7673,.F.);
#7714 = ORIENTED_EDGE('',*,*,#403,.F.);
#7715 = PLANE('',#7716);
#7716 = AXIS2_PLACEMENT_3D('',#7717,#7718,#7719);
#7717 = CARTESIAN_POINT('',(182.357,-83.714,0.));
#7718 = DIRECTION('',(1.,0.,-0.));
#7719 = DIRECTION('',(0.,-1.,0.));
#7720 = ADVANCED_FACE('',(#7721),#7732,.T.);
#7721 = FACE_BOUND('',#7722,.T.);
#7722 = EDGE_LOOP('',(#7723,#7724,#7725,#7731));
#7723 = ORIENTED_EDGE('',*,*,#7692,.T.);
#7724 = ORIENTED_EDGE('',*,*,#3957,.T.);
#7725 = ORIENTED_EDGE('',*,*,#7726,.F.);
#7726 = EDGE_CURVE('',#508,#3950,#7727,.T.);
#7727 = LINE('',#7728,#7729);
#7728 = CARTESIAN_POINT('',(142.732,-92.784,0.));
#7729 = VECTOR('',#7730,1.);
#7730 = DIRECTION('',(0.,0.,1.));
#7731 = ORIENTED_EDGE('',*,*,#515,.F.);
#7732 = PLANE('',#7733);
#7733 = AXIS2_PLACEMENT_3D('',#7734,#7735,#7736);
#7734 = CARTESIAN_POINT('',(142.732,-97.484,0.));
#7735 = DIRECTION('',(-1.,0.,0.));
#7736 = DIRECTION('',(0.,1.,0.));
#7737 = ADVANCED_FACE('',(#7738),#7749,.T.);
#7738 = FACE_BOUND('',#7739,.T.);
#7739 = EDGE_LOOP('',(#7740,#7746,#7747,#7748));
#7740 = ORIENTED_EDGE('',*,*,#7741,.T.);
#7741 = EDGE_CURVE('',#412,#3854,#7742,.T.);
#7742 = LINE('',#7743,#7744);
#7743 = CARTESIAN_POINT('',(184.082,-83.714,0.));
#7744 = VECTOR('',#7745,1.);
#7745 = DIRECTION('',(0.,0.,1.));
#7746 = ORIENTED_EDGE('',*,*,#3853,.T.);
#7747 = ORIENTED_EDGE('',*,*,#7707,.F.);
#7748 = ORIENTED_EDGE('',*,*,#411,.F.);
#7749 = PLANE('',#7750);
#7750 = AXIS2_PLACEMENT_3D('',#7751,#7752,#7753);
#7751 = CARTESIAN_POINT('',(184.082,-83.714,0.));
#7752 = DIRECTION('',(0.,-1.,0.));
#7753 = DIRECTION('',(-1.,0.,0.));
#7754 = ADVANCED_FACE('',(#7755),#7766,.T.);
#7755 = FACE_BOUND('',#7756,.T.);
#7756 = EDGE_LOOP('',(#7757,#7758,#7759,#7765));
#7757 = ORIENTED_EDGE('',*,*,#7726,.T.);
#7758 = ORIENTED_EDGE('',*,*,#3949,.T.);
#7759 = ORIENTED_EDGE('',*,*,#7760,.F.);
#7760 = EDGE_CURVE('',#500,#3942,#7761,.T.);
#7761 = LINE('',#7762,#7763);
#7762 = CARTESIAN_POINT('',(182.357,-92.784,0.));
#7763 = VECTOR('',#7764,1.);
#7764 = DIRECTION('',(0.,0.,1.));
#7765 = ORIENTED_EDGE('',*,*,#507,.F.);
#7766 = PLANE('',#7767);
#7767 = AXIS2_PLACEMENT_3D('',#7768,#7769,#7770);
#7768 = CARTESIAN_POINT('',(142.732,-92.784,0.));
#7769 = DIRECTION('',(0.,1.,0.));
#7770 = DIRECTION('',(1.,0.,0.));
#7771 = ADVANCED_FACE('',(#7772),#7783,.T.);
#7772 = FACE_BOUND('',#7773,.T.);
#7773 = EDGE_LOOP('',(#7774,#7780,#7781,#7782));
#7774 = ORIENTED_EDGE('',*,*,#7775,.T.);
#7775 = EDGE_CURVE('',#420,#3862,#7776,.T.);
#7776 = LINE('',#7777,#7778);
#7777 = CARTESIAN_POINT('',(184.082,-82.514,0.));
#7778 = VECTOR('',#7779,1.);
#7779 = DIRECTION('',(0.,0.,1.));
#7780 = ORIENTED_EDGE('',*,*,#3861,.T.);
#7781 = ORIENTED_EDGE('',*,*,#7741,.F.);
#7782 = ORIENTED_EDGE('',*,*,#419,.F.);
#7783 = PLANE('',#7784);
#7784 = AXIS2_PLACEMENT_3D('',#7785,#7786,#7787);
#7785 = CARTESIAN_POINT('',(184.082,-82.514,0.));
#7786 = DIRECTION('',(1.,0.,-0.));
#7787 = DIRECTION('',(0.,-1.,0.));
#7788 = ADVANCED_FACE('',(#7789),#7800,.T.);
#7789 = FACE_BOUND('',#7790,.T.);
#7790 = EDGE_LOOP('',(#7791,#7792,#7793,#7799));
#7791 = ORIENTED_EDGE('',*,*,#7760,.T.);
#7792 = ORIENTED_EDGE('',*,*,#3941,.T.);
#7793 = ORIENTED_EDGE('',*,*,#7794,.F.);
#7794 = EDGE_CURVE('',#492,#3934,#7795,.T.);
#7795 = LINE('',#7796,#7797);
#7796 = CARTESIAN_POINT('',(182.357,-96.014,0.));
#7797 = VECTOR('',#7798,1.);
#7798 = DIRECTION('',(0.,0.,1.));
#7799 = ORIENTED_EDGE('',*,*,#499,.F.);
#7800 = PLANE('',#7801);
#7801 = AXIS2_PLACEMENT_3D('',#7802,#7803,#7804);
#7802 = CARTESIAN_POINT('',(182.357,-92.784,0.));
#7803 = DIRECTION('',(1.,0.,-0.));
#7804 = DIRECTION('',(0.,-1.,0.));
#7805 = ADVANCED_FACE('',(#7806),#7817,.T.);
#7806 = FACE_BOUND('',#7807,.T.);
#7807 = EDGE_LOOP('',(#7808,#7814,#7815,#7816));
#7808 = ORIENTED_EDGE('',*,*,#7809,.T.);
#7809 = EDGE_CURVE('',#428,#3870,#7810,.T.);
#7810 = LINE('',#7811,#7812);
#7811 = CARTESIAN_POINT('',(187.382,-82.514,0.));
#7812 = VECTOR('',#7813,1.);
#7813 = DIRECTION('',(0.,0.,1.));
#7814 = ORIENTED_EDGE('',*,*,#3869,.T.);
#7815 = ORIENTED_EDGE('',*,*,#7775,.F.);
#7816 = ORIENTED_EDGE('',*,*,#427,.F.);
#7817 = PLANE('',#7818);
#7818 = AXIS2_PLACEMENT_3D('',#7819,#7820,#7821);
#7819 = CARTESIAN_POINT('',(187.382,-82.514,0.));
#7820 = DIRECTION('',(0.,-1.,0.));
#7821 = DIRECTION('',(-1.,0.,0.));
#7822 = ADVANCED_FACE('',(#7823),#7834,.T.);
#7823 = FACE_BOUND('',#7824,.T.);
#7824 = EDGE_LOOP('',(#7825,#7826,#7827,#7833));
#7825 = ORIENTED_EDGE('',*,*,#7794,.T.);
#7826 = ORIENTED_EDGE('',*,*,#3933,.T.);
#7827 = ORIENTED_EDGE('',*,*,#7828,.F.);
#7828 = EDGE_CURVE('',#484,#3926,#7829,.T.);
#7829 = LINE('',#7830,#7831);
#7830 = CARTESIAN_POINT('',(189.107,-96.014,0.));
#7831 = VECTOR('',#7832,1.);
#7832 = DIRECTION('',(0.,0.,1.));
#7833 = ORIENTED_EDGE('',*,*,#491,.F.);
#7834 = PLANE('',#7835);
#7835 = AXIS2_PLACEMENT_3D('',#7836,#7837,#7838);
#7836 = CARTESIAN_POINT('',(182.357,-96.014,0.));
#7837 = DIRECTION('',(0.,1.,0.));
#7838 = DIRECTION('',(1.,0.,0.));
#7839 = ADVANCED_FACE('',(#7840),#7851,.T.);
#7840 = FACE_BOUND('',#7841,.T.);
#7841 = EDGE_LOOP('',(#7842,#7848,#7849,#7850));
#7842 = ORIENTED_EDGE('',*,*,#7843,.T.);
#7843 = EDGE_CURVE('',#436,#3878,#7844,.T.);
#7844 = LINE('',#7845,#7846);
#7845 = CARTESIAN_POINT('',(187.382,-83.714,0.));
#7846 = VECTOR('',#7847,1.);
#7847 = DIRECTION('',(0.,0.,1.));
#7848 = ORIENTED_EDGE('',*,*,#3877,.T.);
#7849 = ORIENTED_EDGE('',*,*,#7809,.F.);
#7850 = ORIENTED_EDGE('',*,*,#435,.F.);
#7851 = PLANE('',#7852);
#7852 = AXIS2_PLACEMENT_3D('',#7853,#7854,#7855);
#7853 = CARTESIAN_POINT('',(187.382,-83.714,0.));
#7854 = DIRECTION('',(-1.,0.,0.));
#7855 = DIRECTION('',(0.,1.,0.));
#7856 = ADVANCED_FACE('',(#7857),#7868,.T.);
#7857 = FACE_BOUND('',#7858,.T.);
#7858 = EDGE_LOOP('',(#7859,#7860,#7861,#7867));
#7859 = ORIENTED_EDGE('',*,*,#7828,.T.);
#7860 = ORIENTED_EDGE('',*,*,#3925,.T.);
#7861 = ORIENTED_EDGE('',*,*,#7862,.F.);
#7862 = EDGE_CURVE('',#476,#3918,#7863,.T.);
#7863 = LINE('',#7864,#7865);
#7864 = CARTESIAN_POINT('',(189.107,-92.784,0.));
#7865 = VECTOR('',#7866,1.);
#7866 = DIRECTION('',(0.,0.,1.));
#7867 = ORIENTED_EDGE('',*,*,#483,.F.);
#7868 = PLANE('',#7869);
#7869 = AXIS2_PLACEMENT_3D('',#7870,#7871,#7872);
#7870 = CARTESIAN_POINT('',(189.107,-96.014,0.));
#7871 = DIRECTION('',(-1.,0.,0.));
#7872 = DIRECTION('',(0.,1.,0.));
#7873 = ADVANCED_FACE('',(#7874),#7885,.T.);
#7874 = FACE_BOUND('',#7875,.T.);
#7875 = EDGE_LOOP('',(#7876,#7882,#7883,#7884));
#7876 = ORIENTED_EDGE('',*,*,#7877,.T.);
#7877 = EDGE_CURVE('',#444,#3886,#7878,.T.);
#7878 = LINE('',#7879,#7880);
#7879 = CARTESIAN_POINT('',(189.107,-83.714,0.));
#7880 = VECTOR('',#7881,1.);
#7881 = DIRECTION('',(0.,0.,1.));
#7882 = ORIENTED_EDGE('',*,*,#3885,.T.);
#7883 = ORIENTED_EDGE('',*,*,#7843,.F.);
#7884 = ORIENTED_EDGE('',*,*,#443,.F.);
#7885 = PLANE('',#7886);
#7886 = AXIS2_PLACEMENT_3D('',#7887,#7888,#7889);
#7887 = CARTESIAN_POINT('',(189.107,-83.714,0.));
#7888 = DIRECTION('',(0.,-1.,0.));
#7889 = DIRECTION('',(-1.,0.,0.));
#7890 = ADVANCED_FACE('',(#7891),#7902,.T.);
#7891 = FACE_BOUND('',#7892,.T.);
#7892 = EDGE_LOOP('',(#7893,#7894,#7895,#7901));
#7893 = ORIENTED_EDGE('',*,*,#7862,.T.);
#7894 = ORIENTED_EDGE('',*,*,#3917,.T.);
#7895 = ORIENTED_EDGE('',*,*,#7896,.F.);
#7896 = EDGE_CURVE('',#468,#3910,#7897,.T.);
#7897 = LINE('',#7898,#7899);
#7898 = CARTESIAN_POINT('',(189.932,-92.784,0.));
#7899 = VECTOR('',#7900,1.);
#7900 = DIRECTION('',(0.,0.,1.));
#7901 = ORIENTED_EDGE('',*,*,#475,.F.);
#7902 = PLANE('',#7903);
#7903 = AXIS2_PLACEMENT_3D('',#7904,#7905,#7906);
#7904 = CARTESIAN_POINT('',(189.107,-92.784,0.));
#7905 = DIRECTION('',(0.,1.,0.));
#7906 = DIRECTION('',(1.,0.,0.));
#7907 = ADVANCED_FACE('',(#7908),#7919,.T.);
#7908 = FACE_BOUND('',#7909,.T.);
#7909 = EDGE_LOOP('',(#7910,#7916,#7917,#7918));
#7910 = ORIENTED_EDGE('',*,*,#7911,.T.);
#7911 = EDGE_CURVE('',#452,#3894,#7912,.T.);
#7912 = LINE('',#7913,#7914);
#7913 = CARTESIAN_POINT('',(189.107,-89.984,0.));
#7914 = VECTOR('',#7915,1.);
#7915 = DIRECTION('',(0.,0.,1.));
#7916 = ORIENTED_EDGE('',*,*,#3893,.T.);
#7917 = ORIENTED_EDGE('',*,*,#7877,.F.);
#7918 = ORIENTED_EDGE('',*,*,#451,.F.);
#7919 = PLANE('',#7920);
#7920 = AXIS2_PLACEMENT_3D('',#7921,#7922,#7923);
#7921 = CARTESIAN_POINT('',(189.107,-89.984,0.));
#7922 = DIRECTION('',(-1.,0.,0.));
#7923 = DIRECTION('',(0.,1.,0.));
#7924 = ADVANCED_FACE('',(#7925),#7936,.T.);
#7925 = FACE_BOUND('',#7926,.T.);
#7926 = EDGE_LOOP('',(#7927,#7928,#7929,#7935));
#7927 = ORIENTED_EDGE('',*,*,#7896,.T.);
#7928 = ORIENTED_EDGE('',*,*,#3909,.T.);
#7929 = ORIENTED_EDGE('',*,*,#7930,.F.);
#7930 = EDGE_CURVE('',#460,#3902,#7931,.T.);
#7931 = LINE('',#7932,#7933);
#7932 = CARTESIAN_POINT('',(189.932,-89.984,0.));
#7933 = VECTOR('',#7934,1.);
#7934 = DIRECTION('',(0.,0.,1.));
#7935 = ORIENTED_EDGE('',*,*,#467,.F.);
#7936 = PLANE('',#7937);
#7937 = AXIS2_PLACEMENT_3D('',#7938,#7939,#7940);
#7938 = CARTESIAN_POINT('',(189.932,-92.784,0.));
#7939 = DIRECTION('',(-1.,0.,0.));
#7940 = DIRECTION('',(0.,1.,0.));
#7941 = ADVANCED_FACE('',(#7942),#7948,.T.);
#7942 = FACE_BOUND('',#7943,.T.);
#7943 = EDGE_LOOP('',(#7944,#7945,#7946,#7947));
#7944 = ORIENTED_EDGE('',*,*,#7930,.T.);
#7945 = ORIENTED_EDGE('',*,*,#3901,.T.);
#7946 = ORIENTED_EDGE('',*,*,#7911,.F.);
#7947 = ORIENTED_EDGE('',*,*,#459,.F.);
#7948 = PLANE('',#7949);
#7949 = AXIS2_PLACEMENT_3D('',#7950,#7951,#7952);
#7950 = CARTESIAN_POINT('',(189.932,-89.984,0.));
#7951 = DIRECTION('',(0.,-1.,0.));
#7952 = DIRECTION('',(-1.,0.,0.));
#7953 = ADVANCED_FACE('',(#7954),#7970,.T.);
#7954 = FACE_BOUND('',#7955,.T.);
#7955 = EDGE_LOOP('',(#7956,#7962,#7963,#7969));
#7956 = ORIENTED_EDGE('',*,*,#7957,.T.);
#7957 = EDGE_CURVE('',#604,#4046,#7958,.T.);
#7958 = LINE('',#7959,#7960);
#7959 = CARTESIAN_POINT('',(19.194,-69.134,0.));
#7960 = VECTOR('',#7961,1.);
#7961 = DIRECTION('',(0.,0.,1.));
#7962 = ORIENTED_EDGE('',*,*,#4045,.T.);
#7963 = ORIENTED_EDGE('',*,*,#7964,.F.);
#7964 = EDGE_CURVE('',#606,#4048,#7965,.T.);
#7965 = LINE('',#7966,#7967);
#7966 = CARTESIAN_POINT('',(17.669,-69.134,0.));
#7967 = VECTOR('',#7968,1.);
#7968 = DIRECTION('',(0.,0.,1.));
#7969 = ORIENTED_EDGE('',*,*,#603,.F.);
#7970 = PLANE('',#7971);
#7971 = AXIS2_PLACEMENT_3D('',#7972,#7973,#7974);
#7972 = CARTESIAN_POINT('',(19.194,-69.134,0.));
#7973 = DIRECTION('',(0.,-1.,0.));
#7974 = DIRECTION('',(-1.,0.,0.));
#7975 = ADVANCED_FACE('',(#7976),#7987,.T.);
#7976 = FACE_BOUND('',#7977,.T.);
#7977 = EDGE_LOOP('',(#7978,#7984,#7985,#7986));
#7978 = ORIENTED_EDGE('',*,*,#7979,.T.);
#7979 = EDGE_CURVE('',#614,#4056,#7980,.T.);
#7980 = LINE('',#7981,#7982);
#7981 = CARTESIAN_POINT('',(19.194,-64.434,0.));
#7982 = VECTOR('',#7983,1.);
#7983 = DIRECTION('',(0.,0.,1.));
#7984 = ORIENTED_EDGE('',*,*,#4055,.T.);
#7985 = ORIENTED_EDGE('',*,*,#7957,.F.);
#7986 = ORIENTED_EDGE('',*,*,#613,.F.);
#7987 = PLANE('',#7988);
#7988 = AXIS2_PLACEMENT_3D('',#7989,#7990,#7991);
#7989 = CARTESIAN_POINT('',(19.194,-64.434,0.));
#7990 = DIRECTION('',(1.,0.,-0.));
#7991 = DIRECTION('',(0.,-1.,0.));
#7992 = ADVANCED_FACE('',(#7993),#8004,.T.);
#7993 = FACE_BOUND('',#7994,.T.);
#7994 = EDGE_LOOP('',(#7995,#7996,#7997,#8003));
#7995 = ORIENTED_EDGE('',*,*,#7964,.T.);
#7996 = ORIENTED_EDGE('',*,*,#4327,.T.);
#7997 = ORIENTED_EDGE('',*,*,#7998,.F.);
#7998 = EDGE_CURVE('',#878,#4320,#7999,.T.);
#7999 = LINE('',#8000,#8001);
#8000 = CARTESIAN_POINT('',(17.669,-65.904,0.));
#8001 = VECTOR('',#8002,1.);
#8002 = DIRECTION('',(0.,0.,1.));
#8003 = ORIENTED_EDGE('',*,*,#885,.F.);
#8004 = PLANE('',#8005);
#8005 = AXIS2_PLACEMENT_3D('',#8006,#8007,#8008);
#8006 = CARTESIAN_POINT('',(17.669,-69.134,0.));
#8007 = DIRECTION('',(-1.,0.,0.));
#8008 = DIRECTION('',(0.,1.,0.));
#8009 = ADVANCED_FACE('',(#8010),#8021,.T.);
#8010 = FACE_BOUND('',#8011,.T.);
#8011 = EDGE_LOOP('',(#8012,#8018,#8019,#8020));
#8012 = ORIENTED_EDGE('',*,*,#8013,.T.);
#8013 = EDGE_CURVE('',#622,#4064,#8014,.T.);
#8014 = LINE('',#8015,#8016);
#8015 = CARTESIAN_POINT('',(33.194,-64.434,0.));
#8016 = VECTOR('',#8017,1.);
#8017 = DIRECTION('',(0.,0.,1.));
#8018 = ORIENTED_EDGE('',*,*,#4063,.T.);
#8019 = ORIENTED_EDGE('',*,*,#7979,.F.);
#8020 = ORIENTED_EDGE('',*,*,#621,.F.);
#8021 = PLANE('',#8022);
#8022 = AXIS2_PLACEMENT_3D('',#8023,#8024,#8025);
#8023 = CARTESIAN_POINT('',(33.194,-64.434,0.));
#8024 = DIRECTION('',(0.,-1.,0.));
#8025 = DIRECTION('',(-1.,0.,0.));
#8026 = ADVANCED_FACE('',(#8027),#8038,.T.);
#8027 = FACE_BOUND('',#8028,.T.);
#8028 = EDGE_LOOP('',(#8029,#8030,#8031,#8037));
#8029 = ORIENTED_EDGE('',*,*,#7998,.T.);
#8030 = ORIENTED_EDGE('',*,*,#4319,.T.);
#8031 = ORIENTED_EDGE('',*,*,#8032,.F.);
#8032 = EDGE_CURVE('',#870,#4312,#8033,.T.);
#8033 = LINE('',#8034,#8035);
#8034 = CARTESIAN_POINT('',(10.919,-65.904,0.));
#8035 = VECTOR('',#8036,1.);
#8036 = DIRECTION('',(0.,0.,1.));
#8037 = ORIENTED_EDGE('',*,*,#877,.F.);
#8038 = PLANE('',#8039);
#8039 = AXIS2_PLACEMENT_3D('',#8040,#8041,#8042);
#8040 = CARTESIAN_POINT('',(17.669,-65.904,0.));
#8041 = DIRECTION('',(0.,-1.,0.));
#8042 = DIRECTION('',(-1.,0.,0.));
#8043 = ADVANCED_FACE('',(#8044),#8055,.T.);
#8044 = FACE_BOUND('',#8045,.T.);
#8045 = EDGE_LOOP('',(#8046,#8052,#8053,#8054));
#8046 = ORIENTED_EDGE('',*,*,#8047,.T.);
#8047 = EDGE_CURVE('',#630,#4072,#8048,.T.);
#8048 = LINE('',#8049,#8050);
#8049 = CARTESIAN_POINT('',(33.194,-69.134,0.));
#8050 = VECTOR('',#8051,1.);
#8051 = DIRECTION('',(0.,0.,1.));
#8052 = ORIENTED_EDGE('',*,*,#4071,.T.);
#8053 = ORIENTED_EDGE('',*,*,#8013,.F.);
#8054 = ORIENTED_EDGE('',*,*,#629,.F.);
#8055 = PLANE('',#8056);
#8056 = AXIS2_PLACEMENT_3D('',#8057,#8058,#8059);
#8057 = CARTESIAN_POINT('',(33.194,-69.134,0.));
#8058 = DIRECTION('',(-1.,0.,0.));
#8059 = DIRECTION('',(0.,1.,0.));
#8060 = ADVANCED_FACE('',(#8061),#8072,.T.);
#8061 = FACE_BOUND('',#8062,.T.);
#8062 = EDGE_LOOP('',(#8063,#8064,#8065,#8071));
#8063 = ORIENTED_EDGE('',*,*,#8032,.T.);
#8064 = ORIENTED_EDGE('',*,*,#4311,.T.);
#8065 = ORIENTED_EDGE('',*,*,#8066,.F.);
#8066 = EDGE_CURVE('',#862,#4304,#8067,.T.);
#8067 = LINE('',#8068,#8069);
#8068 = CARTESIAN_POINT('',(10.919,-69.134,0.));
#8069 = VECTOR('',#8070,1.);
#8070 = DIRECTION('',(0.,0.,1.));
#8071 = ORIENTED_EDGE('',*,*,#869,.F.);
#8072 = PLANE('',#8073);
#8073 = AXIS2_PLACEMENT_3D('',#8074,#8075,#8076);
#8074 = CARTESIAN_POINT('',(10.919,-65.904,0.));
#8075 = DIRECTION('',(1.,0.,-0.));
#8076 = DIRECTION('',(0.,-1.,0.));
#8077 = ADVANCED_FACE('',(#8078),#8089,.T.);
#8078 = FACE_BOUND('',#8079,.T.);
#8079 = EDGE_LOOP('',(#8080,#8086,#8087,#8088));
#8080 = ORIENTED_EDGE('',*,*,#8081,.T.);
#8081 = EDGE_CURVE('',#638,#4080,#8082,.T.);
#8082 = LINE('',#8083,#8084);
#8083 = CARTESIAN_POINT('',(34.719,-69.134,0.));
#8084 = VECTOR('',#8085,1.);
#8085 = DIRECTION('',(0.,0.,1.));
#8086 = ORIENTED_EDGE('',*,*,#4079,.T.);
#8087 = ORIENTED_EDGE('',*,*,#8047,.F.);
#8088 = ORIENTED_EDGE('',*,*,#637,.F.);
#8089 = PLANE('',#8090);
#8090 = AXIS2_PLACEMENT_3D('',#8091,#8092,#8093);
#8091 = CARTESIAN_POINT('',(34.719,-69.134,0.));
#8092 = DIRECTION('',(0.,-1.,0.));
#8093 = DIRECTION('',(-1.,0.,0.));
#8094 = ADVANCED_FACE('',(#8095),#8106,.T.);
#8095 = FACE_BOUND('',#8096,.T.);
#8096 = EDGE_LOOP('',(#8097,#8098,#8099,#8105));
#8097 = ORIENTED_EDGE('',*,*,#8066,.T.);
#8098 = ORIENTED_EDGE('',*,*,#4303,.T.);
#8099 = ORIENTED_EDGE('',*,*,#8100,.F.);
#8100 = EDGE_CURVE('',#854,#4296,#8101,.T.);
#8101 = LINE('',#8102,#8103);
#8102 = CARTESIAN_POINT('',(10.094,-69.134,0.));
#8103 = VECTOR('',#8104,1.);
#8104 = DIRECTION('',(0.,0.,1.));
#8105 = ORIENTED_EDGE('',*,*,#861,.F.);
#8106 = PLANE('',#8107);
#8107 = AXIS2_PLACEMENT_3D('',#8108,#8109,#8110);
#8108 = CARTESIAN_POINT('',(10.919,-69.134,0.));
#8109 = DIRECTION('',(0.,-1.,0.));
#8110 = DIRECTION('',(-1.,0.,0.));
#8111 = ADVANCED_FACE('',(#8112),#8123,.T.);
#8112 = FACE_BOUND('',#8113,.T.);
#8113 = EDGE_LOOP('',(#8114,#8120,#8121,#8122));
#8114 = ORIENTED_EDGE('',*,*,#8115,.T.);
#8115 = EDGE_CURVE('',#646,#4088,#8116,.T.);
#8116 = LINE('',#8117,#8118);
#8117 = CARTESIAN_POINT('',(34.719,-65.904,0.));
#8118 = VECTOR('',#8119,1.);
#8119 = DIRECTION('',(0.,0.,1.));
#8120 = ORIENTED_EDGE('',*,*,#4087,.T.);
#8121 = ORIENTED_EDGE('',*,*,#8081,.F.);
#8122 = ORIENTED_EDGE('',*,*,#645,.F.);
#8123 = PLANE('',#8124);
#8124 = AXIS2_PLACEMENT_3D('',#8125,#8126,#8127);
#8125 = CARTESIAN_POINT('',(34.719,-65.904,0.));
#8126 = DIRECTION('',(1.,0.,-0.));
#8127 = DIRECTION('',(0.,-1.,0.));
#8128 = ADVANCED_FACE('',(#8129),#8140,.T.);
#8129 = FACE_BOUND('',#8130,.T.);
#8130 = EDGE_LOOP('',(#8131,#8132,#8133,#8139));
#8131 = ORIENTED_EDGE('',*,*,#8100,.T.);
#8132 = ORIENTED_EDGE('',*,*,#4295,.T.);
#8133 = ORIENTED_EDGE('',*,*,#8134,.F.);
#8134 = EDGE_CURVE('',#846,#4288,#8135,.T.);
#8135 = LINE('',#8136,#8137);
#8136 = CARTESIAN_POINT('',(10.094,-71.934,0.));
#8137 = VECTOR('',#8138,1.);
#8138 = DIRECTION('',(0.,0.,1.));
#8139 = ORIENTED_EDGE('',*,*,#853,.F.);
#8140 = PLANE('',#8141);
#8141 = AXIS2_PLACEMENT_3D('',#8142,#8143,#8144);
#8142 = CARTESIAN_POINT('',(10.094,-69.134,0.));
#8143 = DIRECTION('',(1.,0.,-0.));
#8144 = DIRECTION('',(0.,-1.,0.));
#8145 = ADVANCED_FACE('',(#8146),#8157,.T.);
#8146 = FACE_BOUND('',#8147,.T.);
#8147 = EDGE_LOOP('',(#8148,#8154,#8155,#8156));
#8148 = ORIENTED_EDGE('',*,*,#8149,.T.);
#8149 = EDGE_CURVE('',#654,#4096,#8150,.T.);
#8150 = LINE('',#8151,#8152);
#8151 = CARTESIAN_POINT('',(41.469,-65.904,0.));
#8152 = VECTOR('',#8153,1.);
#8153 = DIRECTION('',(0.,0.,1.));
#8154 = ORIENTED_EDGE('',*,*,#4095,.T.);
#8155 = ORIENTED_EDGE('',*,*,#8115,.F.);
#8156 = ORIENTED_EDGE('',*,*,#653,.F.);
#8157 = PLANE('',#8158);
#8158 = AXIS2_PLACEMENT_3D('',#8159,#8160,#8161);
#8159 = CARTESIAN_POINT('',(41.469,-65.904,0.));
#8160 = DIRECTION('',(0.,-1.,0.));
#8161 = DIRECTION('',(-1.,0.,0.));
#8162 = ADVANCED_FACE('',(#8163),#8174,.T.);
#8163 = FACE_BOUND('',#8164,.T.);
#8164 = EDGE_LOOP('',(#8165,#8166,#8167,#8173));
#8165 = ORIENTED_EDGE('',*,*,#8134,.T.);
#8166 = ORIENTED_EDGE('',*,*,#4287,.T.);
#8167 = ORIENTED_EDGE('',*,*,#8168,.F.);
#8168 = EDGE_CURVE('',#838,#4280,#8169,.T.);
#8169 = LINE('',#8170,#8171);
#8170 = CARTESIAN_POINT('',(10.919,-71.934,0.));
#8171 = VECTOR('',#8172,1.);
#8172 = DIRECTION('',(0.,0.,1.));
#8173 = ORIENTED_EDGE('',*,*,#845,.F.);
#8174 = PLANE('',#8175);
#8175 = AXIS2_PLACEMENT_3D('',#8176,#8177,#8178);
#8176 = CARTESIAN_POINT('',(10.094,-71.934,0.));
#8177 = DIRECTION('',(0.,1.,0.));
#8178 = DIRECTION('',(1.,0.,0.));
#8179 = ADVANCED_FACE('',(#8180),#8191,.T.);
#8180 = FACE_BOUND('',#8181,.T.);
#8181 = EDGE_LOOP('',(#8182,#8188,#8189,#8190));
#8182 = ORIENTED_EDGE('',*,*,#8183,.T.);
#8183 = EDGE_CURVE('',#662,#4104,#8184,.T.);
#8184 = LINE('',#8185,#8186);
#8185 = CARTESIAN_POINT('',(41.469,-69.134,0.));
#8186 = VECTOR('',#8187,1.);
#8187 = DIRECTION('',(0.,0.,1.));
#8188 = ORIENTED_EDGE('',*,*,#4103,.T.);
#8189 = ORIENTED_EDGE('',*,*,#8149,.F.);
#8190 = ORIENTED_EDGE('',*,*,#661,.F.);
#8191 = PLANE('',#8192);
#8192 = AXIS2_PLACEMENT_3D('',#8193,#8194,#8195);
#8193 = CARTESIAN_POINT('',(41.469,-69.134,0.));
#8194 = DIRECTION('',(-1.,0.,0.));
#8195 = DIRECTION('',(0.,1.,0.));
#8196 = ADVANCED_FACE('',(#8197),#8208,.T.);
#8197 = FACE_BOUND('',#8198,.T.);
#8198 = EDGE_LOOP('',(#8199,#8200,#8201,#8207));
#8199 = ORIENTED_EDGE('',*,*,#8168,.T.);
#8200 = ORIENTED_EDGE('',*,*,#4279,.T.);
#8201 = ORIENTED_EDGE('',*,*,#8202,.F.);
#8202 = EDGE_CURVE('',#830,#4272,#8203,.T.);
#8203 = LINE('',#8204,#8205);
#8204 = CARTESIAN_POINT('',(10.919,-78.204,0.));
#8205 = VECTOR('',#8206,1.);
#8206 = DIRECTION('',(0.,0.,1.));
#8207 = ORIENTED_EDGE('',*,*,#837,.F.);
#8208 = PLANE('',#8209);
#8209 = AXIS2_PLACEMENT_3D('',#8210,#8211,#8212);
#8210 = CARTESIAN_POINT('',(10.919,-71.934,0.));
#8211 = DIRECTION('',(1.,0.,-0.));
#8212 = DIRECTION('',(0.,-1.,0.));
#8213 = ADVANCED_FACE('',(#8214),#8225,.T.);
#8214 = FACE_BOUND('',#8215,.T.);
#8215 = EDGE_LOOP('',(#8216,#8222,#8223,#8224));
#8216 = ORIENTED_EDGE('',*,*,#8217,.T.);
#8217 = EDGE_CURVE('',#670,#4112,#8218,.T.);
#8218 = LINE('',#8219,#8220);
#8219 = CARTESIAN_POINT('',(42.294,-69.134,0.));
#8220 = VECTOR('',#8221,1.);
#8221 = DIRECTION('',(0.,0.,1.));
#8222 = ORIENTED_EDGE('',*,*,#4111,.T.);
#8223 = ORIENTED_EDGE('',*,*,#8183,.F.);
#8224 = ORIENTED_EDGE('',*,*,#669,.F.);
#8225 = PLANE('',#8226);
#8226 = AXIS2_PLACEMENT_3D('',#8227,#8228,#8229);
#8227 = CARTESIAN_POINT('',(42.294,-69.134,0.));
#8228 = DIRECTION('',(0.,-1.,0.));
#8229 = DIRECTION('',(-1.,0.,0.));
#8230 = ADVANCED_FACE('',(#8231),#8242,.T.);
#8231 = FACE_BOUND('',#8232,.T.);
#8232 = EDGE_LOOP('',(#8233,#8234,#8235,#8241));
#8233 = ORIENTED_EDGE('',*,*,#8202,.T.);
#8234 = ORIENTED_EDGE('',*,*,#4271,.T.);
#8235 = ORIENTED_EDGE('',*,*,#8236,.F.);
#8236 = EDGE_CURVE('',#822,#4264,#8237,.T.);
#8237 = LINE('',#8238,#8239);
#8238 = CARTESIAN_POINT('',(12.644,-78.204,0.));
#8239 = VECTOR('',#8240,1.);
#8240 = DIRECTION('',(0.,0.,1.));
#8241 = ORIENTED_EDGE('',*,*,#829,.F.);
#8242 = PLANE('',#8243);
#8243 = AXIS2_PLACEMENT_3D('',#8244,#8245,#8246);
#8244 = CARTESIAN_POINT('',(10.919,-78.204,0.));
#8245 = DIRECTION('',(0.,1.,0.));
#8246 = DIRECTION('',(1.,0.,0.));
#8247 = ADVANCED_FACE('',(#8248),#8259,.T.);
#8248 = FACE_BOUND('',#8249,.T.);
#8249 = EDGE_LOOP('',(#8250,#8256,#8257,#8258));
#8250 = ORIENTED_EDGE('',*,*,#8251,.T.);
#8251 = EDGE_CURVE('',#678,#4120,#8252,.T.);
#8252 = LINE('',#8253,#8254);
#8253 = CARTESIAN_POINT('',(42.294,-71.934,0.));
#8254 = VECTOR('',#8255,1.);
#8255 = DIRECTION('',(0.,0.,1.));
#8256 = ORIENTED_EDGE('',*,*,#4119,.T.);
#8257 = ORIENTED_EDGE('',*,*,#8217,.F.);
#8258 = ORIENTED_EDGE('',*,*,#677,.F.);
#8259 = PLANE('',#8260);
#8260 = AXIS2_PLACEMENT_3D('',#8261,#8262,#8263);
#8261 = CARTESIAN_POINT('',(42.294,-71.934,0.));
#8262 = DIRECTION('',(-1.,0.,0.));
#8263 = DIRECTION('',(0.,1.,0.));
#8264 = ADVANCED_FACE('',(#8265),#8276,.T.);
#8265 = FACE_BOUND('',#8266,.T.);
#8266 = EDGE_LOOP('',(#8267,#8268,#8269,#8275));
#8267 = ORIENTED_EDGE('',*,*,#8236,.T.);
#8268 = ORIENTED_EDGE('',*,*,#4263,.T.);
#8269 = ORIENTED_EDGE('',*,*,#8270,.F.);
#8270 = EDGE_CURVE('',#814,#4256,#8271,.T.);
#8271 = LINE('',#8272,#8273);
#8272 = CARTESIAN_POINT('',(12.644,-79.404,0.));
#8273 = VECTOR('',#8274,1.);
#8274 = DIRECTION('',(0.,0.,1.));
#8275 = ORIENTED_EDGE('',*,*,#821,.F.);
#8276 = PLANE('',#8277);
#8277 = AXIS2_PLACEMENT_3D('',#8278,#8279,#8280);
#8278 = CARTESIAN_POINT('',(12.644,-78.204,0.));
#8279 = DIRECTION('',(1.,0.,-0.));
#8280 = DIRECTION('',(0.,-1.,0.));
#8281 = ADVANCED_FACE('',(#8282),#8293,.T.);
#8282 = FACE_BOUND('',#8283,.T.);
#8283 = EDGE_LOOP('',(#8284,#8290,#8291,#8292));
#8284 = ORIENTED_EDGE('',*,*,#8285,.T.);
#8285 = EDGE_CURVE('',#686,#4128,#8286,.T.);
#8286 = LINE('',#8287,#8288);
#8287 = CARTESIAN_POINT('',(41.469,-71.934,0.));
#8288 = VECTOR('',#8289,1.);
#8289 = DIRECTION('',(0.,0.,1.));
#8290 = ORIENTED_EDGE('',*,*,#4127,.T.);
#8291 = ORIENTED_EDGE('',*,*,#8251,.F.);
#8292 = ORIENTED_EDGE('',*,*,#685,.F.);
#8293 = PLANE('',#8294);
#8294 = AXIS2_PLACEMENT_3D('',#8295,#8296,#8297);
#8295 = CARTESIAN_POINT('',(41.469,-71.934,0.));
#8296 = DIRECTION('',(0.,1.,0.));
#8297 = DIRECTION('',(1.,0.,0.));
#8298 = ADVANCED_FACE('',(#8299),#8310,.T.);
#8299 = FACE_BOUND('',#8300,.T.);
#8300 = EDGE_LOOP('',(#8301,#8302,#8303,#8309));
#8301 = ORIENTED_EDGE('',*,*,#8270,.T.);
#8302 = ORIENTED_EDGE('',*,*,#4255,.T.);
#8303 = ORIENTED_EDGE('',*,*,#8304,.F.);
#8304 = EDGE_CURVE('',#806,#4248,#8305,.T.);
#8305 = LINE('',#8306,#8307);
#8306 = CARTESIAN_POINT('',(15.944,-79.404,0.));
#8307 = VECTOR('',#8308,1.);
#8308 = DIRECTION('',(0.,0.,1.));
#8309 = ORIENTED_EDGE('',*,*,#813,.F.);
#8310 = PLANE('',#8311);
#8311 = AXIS2_PLACEMENT_3D('',#8312,#8313,#8314);
#8312 = CARTESIAN_POINT('',(12.644,-79.404,0.));
#8313 = DIRECTION('',(0.,1.,0.));
#8314 = DIRECTION('',(1.,0.,0.));
#8315 = ADVANCED_FACE('',(#8316),#8327,.T.);
#8316 = FACE_BOUND('',#8317,.T.);
#8317 = EDGE_LOOP('',(#8318,#8324,#8325,#8326));
#8318 = ORIENTED_EDGE('',*,*,#8319,.T.);
#8319 = EDGE_CURVE('',#694,#4136,#8320,.T.);
#8320 = LINE('',#8321,#8322);
#8321 = CARTESIAN_POINT('',(41.469,-78.204,0.));
#8322 = VECTOR('',#8323,1.);
#8323 = DIRECTION('',(0.,0.,1.));
#8324 = ORIENTED_EDGE('',*,*,#4135,.T.);
#8325 = ORIENTED_EDGE('',*,*,#8285,.F.);
#8326 = ORIENTED_EDGE('',*,*,#693,.F.);
#8327 = PLANE('',#8328);
#8328 = AXIS2_PLACEMENT_3D('',#8329,#8330,#8331);
#8329 = CARTESIAN_POINT('',(41.469,-78.204,0.));
#8330 = DIRECTION('',(-1.,0.,0.));
#8331 = DIRECTION('',(0.,1.,0.));
#8332 = ADVANCED_FACE('',(#8333),#8344,.T.);
#8333 = FACE_BOUND('',#8334,.T.);
#8334 = EDGE_LOOP('',(#8335,#8336,#8337,#8343));
#8335 = ORIENTED_EDGE('',*,*,#8304,.T.);
#8336 = ORIENTED_EDGE('',*,*,#4247,.T.);
#8337 = ORIENTED_EDGE('',*,*,#8338,.F.);
#8338 = EDGE_CURVE('',#798,#4240,#8339,.T.);
#8339 = LINE('',#8340,#8341);
#8340 = CARTESIAN_POINT('',(15.944,-78.204,0.));
#8341 = VECTOR('',#8342,1.);
#8342 = DIRECTION('',(0.,0.,1.));
#8343 = ORIENTED_EDGE('',*,*,#805,.F.);
#8344 = PLANE('',#8345);
#8345 = AXIS2_PLACEMENT_3D('',#8346,#8347,#8348);
#8346 = CARTESIAN_POINT('',(15.944,-79.404,0.));
#8347 = DIRECTION('',(-1.,0.,0.));
#8348 = DIRECTION('',(0.,1.,0.));
#8349 = ADVANCED_FACE('',(#8350),#8361,.T.);
#8350 = FACE_BOUND('',#8351,.T.);
#8351 = EDGE_LOOP('',(#8352,#8358,#8359,#8360));
#8352 = ORIENTED_EDGE('',*,*,#8353,.T.);
#8353 = EDGE_CURVE('',#702,#4144,#8354,.T.);
#8354 = LINE('',#8355,#8356);
#8355 = CARTESIAN_POINT('',(39.744,-78.204,0.));
#8356 = VECTOR('',#8357,1.);
#8357 = DIRECTION('',(0.,0.,1.));
#8358 = ORIENTED_EDGE('',*,*,#4143,.T.);
#8359 = ORIENTED_EDGE('',*,*,#8319,.F.);
#8360 = ORIENTED_EDGE('',*,*,#701,.F.);
#8361 = PLANE('',#8362);
#8362 = AXIS2_PLACEMENT_3D('',#8363,#8364,#8365);
#8363 = CARTESIAN_POINT('',(39.744,-78.204,0.));
#8364 = DIRECTION('',(0.,1.,0.));
#8365 = DIRECTION('',(1.,0.,0.));
#8366 = ADVANCED_FACE('',(#8367),#8378,.T.);
#8367 = FACE_BOUND('',#8368,.T.);
#8368 = EDGE_LOOP('',(#8369,#8370,#8371,#8377));
#8369 = ORIENTED_EDGE('',*,*,#8338,.T.);
#8370 = ORIENTED_EDGE('',*,*,#4239,.T.);
#8371 = ORIENTED_EDGE('',*,*,#8372,.F.);
#8372 = EDGE_CURVE('',#790,#4232,#8373,.T.);
#8373 = LINE('',#8374,#8375);
#8374 = CARTESIAN_POINT('',(17.669,-78.204,0.));
#8375 = VECTOR('',#8376,1.);
#8376 = DIRECTION('',(0.,0.,1.));
#8377 = ORIENTED_EDGE('',*,*,#797,.F.);
#8378 = PLANE('',#8379);
#8379 = AXIS2_PLACEMENT_3D('',#8380,#8381,#8382);
#8380 = CARTESIAN_POINT('',(15.944,-78.204,0.));
#8381 = DIRECTION('',(0.,1.,0.));
#8382 = DIRECTION('',(1.,0.,0.));
#8383 = ADVANCED_FACE('',(#8384),#8395,.T.);
#8384 = FACE_BOUND('',#8385,.T.);
#8385 = EDGE_LOOP('',(#8386,#8392,#8393,#8394));
#8386 = ORIENTED_EDGE('',*,*,#8387,.T.);
#8387 = EDGE_CURVE('',#710,#4152,#8388,.T.);
#8388 = LINE('',#8389,#8390);
#8389 = CARTESIAN_POINT('',(39.744,-79.404,0.));
#8390 = VECTOR('',#8391,1.);
#8391 = DIRECTION('',(0.,0.,1.));
#8392 = ORIENTED_EDGE('',*,*,#4151,.T.);
#8393 = ORIENTED_EDGE('',*,*,#8353,.F.);
#8394 = ORIENTED_EDGE('',*,*,#709,.F.);
#8395 = PLANE('',#8396);
#8396 = AXIS2_PLACEMENT_3D('',#8397,#8398,#8399);
#8397 = CARTESIAN_POINT('',(39.744,-79.404,0.));
#8398 = DIRECTION('',(-1.,0.,0.));
#8399 = DIRECTION('',(0.,1.,0.));
#8400 = ADVANCED_FACE('',(#8401),#8412,.T.);
#8401 = FACE_BOUND('',#8402,.T.);
#8402 = EDGE_LOOP('',(#8403,#8404,#8405,#8411));
#8403 = ORIENTED_EDGE('',*,*,#8372,.T.);
#8404 = ORIENTED_EDGE('',*,*,#4231,.T.);
#8405 = ORIENTED_EDGE('',*,*,#8406,.F.);
#8406 = EDGE_CURVE('',#782,#4224,#8407,.T.);
#8407 = LINE('',#8408,#8409);
#8408 = CARTESIAN_POINT('',(17.669,-73.734,0.));
#8409 = VECTOR('',#8410,1.);
#8410 = DIRECTION('',(0.,0.,1.));
#8411 = ORIENTED_EDGE('',*,*,#789,.F.);
#8412 = PLANE('',#8413);
#8413 = AXIS2_PLACEMENT_3D('',#8414,#8415,#8416);
#8414 = CARTESIAN_POINT('',(17.669,-78.204,0.));
#8415 = DIRECTION('',(-1.,0.,0.));
#8416 = DIRECTION('',(0.,1.,0.));
#8417 = ADVANCED_FACE('',(#8418),#8429,.T.);
#8418 = FACE_BOUND('',#8419,.T.);
#8419 = EDGE_LOOP('',(#8420,#8426,#8427,#8428));
#8420 = ORIENTED_EDGE('',*,*,#8421,.T.);
#8421 = EDGE_CURVE('',#718,#4160,#8422,.T.);
#8422 = LINE('',#8423,#8424);
#8423 = CARTESIAN_POINT('',(36.444,-79.404,0.));
#8424 = VECTOR('',#8425,1.);
#8425 = DIRECTION('',(0.,0.,1.));
#8426 = ORIENTED_EDGE('',*,*,#4159,.T.);
#8427 = ORIENTED_EDGE('',*,*,#8387,.F.);
#8428 = ORIENTED_EDGE('',*,*,#717,.F.);
#8429 = PLANE('',#8430);
#8430 = AXIS2_PLACEMENT_3D('',#8431,#8432,#8433);
#8431 = CARTESIAN_POINT('',(36.444,-79.404,0.));
#8432 = DIRECTION('',(0.,1.,0.));
#8433 = DIRECTION('',(1.,0.,0.));
#8434 = ADVANCED_FACE('',(#8435),#8446,.T.);
#8435 = FACE_BOUND('',#8436,.T.);
#8436 = EDGE_LOOP('',(#8437,#8438,#8439,#8445));
#8437 = ORIENTED_EDGE('',*,*,#8406,.T.);
#8438 = ORIENTED_EDGE('',*,*,#4223,.T.);
#8439 = ORIENTED_EDGE('',*,*,#8440,.F.);
#8440 = EDGE_CURVE('',#774,#4216,#8441,.T.);
#8441 = LINE('',#8442,#8443);
#8442 = CARTESIAN_POINT('',(19.194,-73.734,0.));
#8443 = VECTOR('',#8444,1.);
#8444 = DIRECTION('',(0.,0.,1.));
#8445 = ORIENTED_EDGE('',*,*,#781,.F.);
#8446 = PLANE('',#8447);
#8447 = AXIS2_PLACEMENT_3D('',#8448,#8449,#8450);
#8448 = CARTESIAN_POINT('',(17.669,-73.734,0.));
#8449 = DIRECTION('',(0.,1.,0.));
#8450 = DIRECTION('',(1.,0.,0.));
#8451 = ADVANCED_FACE('',(#8452),#8463,.T.);
#8452 = FACE_BOUND('',#8453,.T.);
#8453 = EDGE_LOOP('',(#8454,#8460,#8461,#8462));
#8454 = ORIENTED_EDGE('',*,*,#8455,.T.);
#8455 = EDGE_CURVE('',#726,#4168,#8456,.T.);
#8456 = LINE('',#8457,#8458);
#8457 = CARTESIAN_POINT('',(36.444,-78.204,0.));
#8458 = VECTOR('',#8459,1.);
#8459 = DIRECTION('',(0.,0.,1.));
#8460 = ORIENTED_EDGE('',*,*,#4167,.T.);
#8461 = ORIENTED_EDGE('',*,*,#8421,.F.);
#8462 = ORIENTED_EDGE('',*,*,#725,.F.);
#8463 = PLANE('',#8464);
#8464 = AXIS2_PLACEMENT_3D('',#8465,#8466,#8467);
#8465 = CARTESIAN_POINT('',(36.444,-78.204,0.));
#8466 = DIRECTION('',(1.,0.,-0.));
#8467 = DIRECTION('',(0.,-1.,0.));
#8468 = ADVANCED_FACE('',(#8469),#8480,.T.);
#8469 = FACE_BOUND('',#8470,.T.);
#8470 = EDGE_LOOP('',(#8471,#8472,#8473,#8479));
#8471 = ORIENTED_EDGE('',*,*,#8440,.T.);
#8472 = ORIENTED_EDGE('',*,*,#4215,.T.);
#8473 = ORIENTED_EDGE('',*,*,#8474,.F.);
#8474 = EDGE_CURVE('',#766,#4208,#8475,.T.);
#8475 = LINE('',#8476,#8477);
#8476 = CARTESIAN_POINT('',(19.194,-78.434,0.));
#8477 = VECTOR('',#8478,1.);
#8478 = DIRECTION('',(0.,0.,1.));
#8479 = ORIENTED_EDGE('',*,*,#773,.F.);
#8480 = PLANE('',#8481);
#8481 = AXIS2_PLACEMENT_3D('',#8482,#8483,#8484);
#8482 = CARTESIAN_POINT('',(19.194,-73.734,0.));
#8483 = DIRECTION('',(1.,0.,-0.));
#8484 = DIRECTION('',(0.,-1.,0.));
#8485 = ADVANCED_FACE('',(#8486),#8497,.T.);
#8486 = FACE_BOUND('',#8487,.T.);
#8487 = EDGE_LOOP('',(#8488,#8494,#8495,#8496));
#8488 = ORIENTED_EDGE('',*,*,#8489,.T.);
#8489 = EDGE_CURVE('',#734,#4176,#8490,.T.);
#8490 = LINE('',#8491,#8492);
#8491 = CARTESIAN_POINT('',(34.719,-78.204,0.));
#8492 = VECTOR('',#8493,1.);
#8493 = DIRECTION('',(0.,0.,1.));
#8494 = ORIENTED_EDGE('',*,*,#4175,.T.);
#8495 = ORIENTED_EDGE('',*,*,#8455,.F.);
#8496 = ORIENTED_EDGE('',*,*,#733,.F.);
#8497 = PLANE('',#8498);
#8498 = AXIS2_PLACEMENT_3D('',#8499,#8500,#8501);
#8499 = CARTESIAN_POINT('',(34.719,-78.204,0.));
#8500 = DIRECTION('',(0.,1.,0.));
#8501 = DIRECTION('',(1.,0.,0.));
#8502 = ADVANCED_FACE('',(#8503),#8514,.T.);
#8503 = FACE_BOUND('',#8504,.T.);
#8504 = EDGE_LOOP('',(#8505,#8506,#8507,#8513));
#8505 = ORIENTED_EDGE('',*,*,#8474,.T.);
#8506 = ORIENTED_EDGE('',*,*,#4207,.T.);
#8507 = ORIENTED_EDGE('',*,*,#8508,.F.);
#8508 = EDGE_CURVE('',#758,#4200,#8509,.T.);
#8509 = LINE('',#8510,#8511);
#8510 = CARTESIAN_POINT('',(33.194,-78.434,0.));
#8511 = VECTOR('',#8512,1.);
#8512 = DIRECTION('',(0.,0.,1.));
#8513 = ORIENTED_EDGE('',*,*,#765,.F.);
#8514 = PLANE('',#8515);
#8515 = AXIS2_PLACEMENT_3D('',#8516,#8517,#8518);
#8516 = CARTESIAN_POINT('',(19.194,-78.434,0.));
#8517 = DIRECTION('',(0.,1.,0.));
#8518 = DIRECTION('',(1.,0.,0.));
#8519 = ADVANCED_FACE('',(#8520),#8531,.T.);
#8520 = FACE_BOUND('',#8521,.T.);
#8521 = EDGE_LOOP('',(#8522,#8528,#8529,#8530));
#8522 = ORIENTED_EDGE('',*,*,#8523,.T.);
#8523 = EDGE_CURVE('',#742,#4184,#8524,.T.);
#8524 = LINE('',#8525,#8526);
#8525 = CARTESIAN_POINT('',(34.719,-73.734,0.));
#8526 = VECTOR('',#8527,1.);
#8527 = DIRECTION('',(0.,0.,1.));
#8528 = ORIENTED_EDGE('',*,*,#4183,.T.);
#8529 = ORIENTED_EDGE('',*,*,#8489,.F.);
#8530 = ORIENTED_EDGE('',*,*,#741,.F.);
#8531 = PLANE('',#8532);
#8532 = AXIS2_PLACEMENT_3D('',#8533,#8534,#8535);
#8533 = CARTESIAN_POINT('',(34.719,-73.734,0.));
#8534 = DIRECTION('',(1.,0.,-0.));
#8535 = DIRECTION('',(0.,-1.,0.));
#8536 = ADVANCED_FACE('',(#8537),#8548,.T.);
#8537 = FACE_BOUND('',#8538,.T.);
#8538 = EDGE_LOOP('',(#8539,#8540,#8541,#8547));
#8539 = ORIENTED_EDGE('',*,*,#8508,.T.);
#8540 = ORIENTED_EDGE('',*,*,#4199,.T.);
#8541 = ORIENTED_EDGE('',*,*,#8542,.F.);
#8542 = EDGE_CURVE('',#750,#4192,#8543,.T.);
#8543 = LINE('',#8544,#8545);
#8544 = CARTESIAN_POINT('',(33.194,-73.734,0.));
#8545 = VECTOR('',#8546,1.);
#8546 = DIRECTION('',(0.,0.,1.));
#8547 = ORIENTED_EDGE('',*,*,#757,.F.);
#8548 = PLANE('',#8549);
#8549 = AXIS2_PLACEMENT_3D('',#8550,#8551,#8552);
#8550 = CARTESIAN_POINT('',(33.194,-78.434,0.));
#8551 = DIRECTION('',(-1.,0.,0.));
#8552 = DIRECTION('',(0.,1.,0.));
#8553 = ADVANCED_FACE('',(#8554),#8560,.T.);
#8554 = FACE_BOUND('',#8555,.T.);
#8555 = EDGE_LOOP('',(#8556,#8557,#8558,#8559));
#8556 = ORIENTED_EDGE('',*,*,#8542,.T.);
#8557 = ORIENTED_EDGE('',*,*,#4191,.T.);
#8558 = ORIENTED_EDGE('',*,*,#8523,.F.);
#8559 = ORIENTED_EDGE('',*,*,#749,.F.);
#8560 = PLANE('',#8561);
#8561 = AXIS2_PLACEMENT_3D('',#8562,#8563,#8564);
#8562 = CARTESIAN_POINT('',(33.194,-73.734,0.));
#8563 = DIRECTION('',(0.,1.,0.));
#8564 = DIRECTION('',(1.,0.,0.));
#8565 = ADVANCED_FACE('',(#8566),#8582,.T.);
#8566 = FACE_BOUND('',#8567,.T.);
#8567 = EDGE_LOOP('',(#8568,#8574,#8575,#8581));
#8568 = ORIENTED_EDGE('',*,*,#8569,.T.);
#8569 = EDGE_CURVE('',#894,#4336,#8570,.T.);
#8570 = LINE('',#8571,#8572);
#8571 = CARTESIAN_POINT('',(50.151,-78.434,0.));
#8572 = VECTOR('',#8573,1.);
#8573 = DIRECTION('',(0.,0.,1.));
#8574 = ORIENTED_EDGE('',*,*,#4335,.T.);
#8575 = ORIENTED_EDGE('',*,*,#8576,.F.);
#8576 = EDGE_CURVE('',#896,#4338,#8577,.T.);
#8577 = LINE('',#8578,#8579);
#8578 = CARTESIAN_POINT('',(64.151,-78.434,0.));
#8579 = VECTOR('',#8580,1.);
#8580 = DIRECTION('',(0.,0.,1.));
#8581 = ORIENTED_EDGE('',*,*,#893,.F.);
#8582 = PLANE('',#8583);
#8583 = AXIS2_PLACEMENT_3D('',#8584,#8585,#8586);
#8584 = CARTESIAN_POINT('',(50.151,-78.434,0.));
#8585 = DIRECTION('',(0.,1.,0.));
#8586 = DIRECTION('',(1.,0.,0.));
#8587 = ADVANCED_FACE('',(#8588),#8599,.T.);
#8588 = FACE_BOUND('',#8589,.T.);
#8589 = EDGE_LOOP('',(#8590,#8596,#8597,#8598));
#8590 = ORIENTED_EDGE('',*,*,#8591,.T.);
#8591 = EDGE_CURVE('',#904,#4346,#8592,.T.);
#8592 = LINE('',#8593,#8594);
#8593 = CARTESIAN_POINT('',(50.151,-64.434,0.));
#8594 = VECTOR('',#8595,1.);
#8595 = DIRECTION('',(0.,0.,1.));
#8596 = ORIENTED_EDGE('',*,*,#4345,.T.);
#8597 = ORIENTED_EDGE('',*,*,#8569,.F.);
#8598 = ORIENTED_EDGE('',*,*,#903,.F.);
#8599 = PLANE('',#8600);
#8600 = AXIS2_PLACEMENT_3D('',#8601,#8602,#8603);
#8601 = CARTESIAN_POINT('',(50.151,-64.434,0.));
#8602 = DIRECTION('',(1.,0.,-0.));
#8603 = DIRECTION('',(0.,-1.,0.));
#8604 = ADVANCED_FACE('',(#8605),#8616,.T.);
#8605 = FACE_BOUND('',#8606,.T.);
#8606 = EDGE_LOOP('',(#8607,#8608,#8609,#8615));
#8607 = ORIENTED_EDGE('',*,*,#8576,.T.);
#8608 = ORIENTED_EDGE('',*,*,#4361,.T.);
#8609 = ORIENTED_EDGE('',*,*,#8610,.F.);
#8610 = EDGE_CURVE('',#912,#4354,#8611,.T.);
#8611 = LINE('',#8612,#8613);
#8612 = CARTESIAN_POINT('',(64.151,-64.434,0.));
#8613 = VECTOR('',#8614,1.);
#8614 = DIRECTION('',(0.,0.,1.));
#8615 = ORIENTED_EDGE('',*,*,#919,.F.);
#8616 = PLANE('',#8617);
#8617 = AXIS2_PLACEMENT_3D('',#8618,#8619,#8620);
#8618 = CARTESIAN_POINT('',(64.151,-78.434,0.));
#8619 = DIRECTION('',(-1.,0.,0.));
#8620 = DIRECTION('',(0.,1.,0.));
#8621 = ADVANCED_FACE('',(#8622),#8628,.T.);
#8622 = FACE_BOUND('',#8623,.T.);
#8623 = EDGE_LOOP('',(#8624,#8625,#8626,#8627));
#8624 = ORIENTED_EDGE('',*,*,#8610,.T.);
#8625 = ORIENTED_EDGE('',*,*,#4353,.T.);
#8626 = ORIENTED_EDGE('',*,*,#8591,.F.);
#8627 = ORIENTED_EDGE('',*,*,#911,.F.);
#8628 = PLANE('',#8629);
#8629 = AXIS2_PLACEMENT_3D('',#8630,#8631,#8632);
#8630 = CARTESIAN_POINT('',(64.151,-64.434,0.));
#8631 = DIRECTION('',(0.,-1.,0.));
#8632 = DIRECTION('',(-1.,0.,0.));
#8633 = ADVANCED_FACE('',(#8634),#8650,.T.);
#8634 = FACE_BOUND('',#8635,.T.);
#8635 = EDGE_LOOP('',(#8636,#8642,#8643,#8649));
#8636 = ORIENTED_EDGE('',*,*,#8637,.T.);
#8637 = EDGE_CURVE('',#928,#4370,#8638,.T.);
#8638 = LINE('',#8639,#8640);
#8639 = CARTESIAN_POINT('',(69.201,-78.434,0.));
#8640 = VECTOR('',#8641,1.);
#8641 = DIRECTION('',(0.,0.,1.));
#8642 = ORIENTED_EDGE('',*,*,#4369,.T.);
#8643 = ORIENTED_EDGE('',*,*,#8644,.F.);
#8644 = EDGE_CURVE('',#930,#4372,#8645,.T.);
#8645 = LINE('',#8646,#8647);
#8646 = CARTESIAN_POINT('',(83.201,-78.434,0.));
#8647 = VECTOR('',#8648,1.);
#8648 = DIRECTION('',(0.,0.,1.));
#8649 = ORIENTED_EDGE('',*,*,#927,.F.);
#8650 = PLANE('',#8651);
#8651 = AXIS2_PLACEMENT_3D('',#8652,#8653,#8654);
#8652 = CARTESIAN_POINT('',(69.201,-78.434,0.));
#8653 = DIRECTION('',(0.,1.,0.));
#8654 = DIRECTION('',(1.,0.,0.));
#8655 = ADVANCED_FACE('',(#8656),#8667,.T.);
#8656 = FACE_BOUND('',#8657,.T.);
#8657 = EDGE_LOOP('',(#8658,#8664,#8665,#8666));
#8658 = ORIENTED_EDGE('',*,*,#8659,.T.);
#8659 = EDGE_CURVE('',#938,#4380,#8660,.T.);
#8660 = LINE('',#8661,#8662);
#8661 = CARTESIAN_POINT('',(69.201,-64.434,0.));
#8662 = VECTOR('',#8663,1.);
#8663 = DIRECTION('',(0.,0.,1.));
#8664 = ORIENTED_EDGE('',*,*,#4379,.T.);
#8665 = ORIENTED_EDGE('',*,*,#8637,.F.);
#8666 = ORIENTED_EDGE('',*,*,#937,.F.);
#8667 = PLANE('',#8668);
#8668 = AXIS2_PLACEMENT_3D('',#8669,#8670,#8671);
#8669 = CARTESIAN_POINT('',(69.201,-64.434,0.));
#8670 = DIRECTION('',(1.,0.,-0.));
#8671 = DIRECTION('',(0.,-1.,0.));
#8672 = ADVANCED_FACE('',(#8673),#8684,.T.);
#8673 = FACE_BOUND('',#8674,.T.);
#8674 = EDGE_LOOP('',(#8675,#8676,#8677,#8683));
#8675 = ORIENTED_EDGE('',*,*,#8644,.T.);
#8676 = ORIENTED_EDGE('',*,*,#4395,.T.);
#8677 = ORIENTED_EDGE('',*,*,#8678,.F.);
#8678 = EDGE_CURVE('',#946,#4388,#8679,.T.);
#8679 = LINE('',#8680,#8681);
#8680 = CARTESIAN_POINT('',(83.201,-64.434,0.));
#8681 = VECTOR('',#8682,1.);
#8682 = DIRECTION('',(0.,0.,1.));
#8683 = ORIENTED_EDGE('',*,*,#953,.F.);
#8684 = PLANE('',#8685);
#8685 = AXIS2_PLACEMENT_3D('',#8686,#8687,#8688);
#8686 = CARTESIAN_POINT('',(83.201,-78.434,0.));
#8687 = DIRECTION('',(-1.,0.,0.));
#8688 = DIRECTION('',(0.,1.,0.));
#8689 = ADVANCED_FACE('',(#8690),#8696,.T.);
#8690 = FACE_BOUND('',#8691,.T.);
#8691 = EDGE_LOOP('',(#8692,#8693,#8694,#8695));
#8692 = ORIENTED_EDGE('',*,*,#8678,.T.);
#8693 = ORIENTED_EDGE('',*,*,#4387,.T.);
#8694 = ORIENTED_EDGE('',*,*,#8659,.F.);
#8695 = ORIENTED_EDGE('',*,*,#945,.F.);
#8696 = PLANE('',#8697);
#8697 = AXIS2_PLACEMENT_3D('',#8698,#8699,#8700);
#8698 = CARTESIAN_POINT('',(83.201,-64.434,0.));
#8699 = DIRECTION('',(0.,-1.,0.));
#8700 = DIRECTION('',(-1.,0.,0.));
#8701 = ADVANCED_FACE('',(#8702),#8718,.T.);
#8702 = FACE_BOUND('',#8703,.T.);
#8703 = EDGE_LOOP('',(#8704,#8710,#8711,#8717));
#8704 = ORIENTED_EDGE('',*,*,#8705,.T.);
#8705 = EDGE_CURVE('',#962,#4404,#8706,.T.);
#8706 = LINE('',#8707,#8708);
#8707 = CARTESIAN_POINT('',(88.251,-78.434,0.));
#8708 = VECTOR('',#8709,1.);
#8709 = DIRECTION('',(0.,0.,1.));
#8710 = ORIENTED_EDGE('',*,*,#4403,.T.);
#8711 = ORIENTED_EDGE('',*,*,#8712,.F.);
#8712 = EDGE_CURVE('',#964,#4406,#8713,.T.);
#8713 = LINE('',#8714,#8715);
#8714 = CARTESIAN_POINT('',(102.251,-78.434,0.));
#8715 = VECTOR('',#8716,1.);
#8716 = DIRECTION('',(0.,0.,1.));
#8717 = ORIENTED_EDGE('',*,*,#961,.F.);
#8718 = PLANE('',#8719);
#8719 = AXIS2_PLACEMENT_3D('',#8720,#8721,#8722);
#8720 = CARTESIAN_POINT('',(88.251,-78.434,0.));
#8721 = DIRECTION('',(0.,1.,0.));
#8722 = DIRECTION('',(1.,0.,0.));
#8723 = ADVANCED_FACE('',(#8724),#8735,.T.);
#8724 = FACE_BOUND('',#8725,.T.);
#8725 = EDGE_LOOP('',(#8726,#8732,#8733,#8734));
#8726 = ORIENTED_EDGE('',*,*,#8727,.T.);
#8727 = EDGE_CURVE('',#972,#4414,#8728,.T.);
#8728 = LINE('',#8729,#8730);
#8729 = CARTESIAN_POINT('',(88.251,-64.434,0.));
#8730 = VECTOR('',#8731,1.);
#8731 = DIRECTION('',(0.,0.,1.));
#8732 = ORIENTED_EDGE('',*,*,#4413,.T.);
#8733 = ORIENTED_EDGE('',*,*,#8705,.F.);
#8734 = ORIENTED_EDGE('',*,*,#971,.F.);
#8735 = PLANE('',#8736);
#8736 = AXIS2_PLACEMENT_3D('',#8737,#8738,#8739);
#8737 = CARTESIAN_POINT('',(88.251,-64.434,0.));
#8738 = DIRECTION('',(1.,0.,-0.));
#8739 = DIRECTION('',(0.,-1.,0.));
#8740 = ADVANCED_FACE('',(#8741),#8752,.T.);
#8741 = FACE_BOUND('',#8742,.T.);
#8742 = EDGE_LOOP('',(#8743,#8744,#8745,#8751));
#8743 = ORIENTED_EDGE('',*,*,#8712,.T.);
#8744 = ORIENTED_EDGE('',*,*,#4429,.T.);
#8745 = ORIENTED_EDGE('',*,*,#8746,.F.);
#8746 = EDGE_CURVE('',#980,#4422,#8747,.T.);
#8747 = LINE('',#8748,#8749);
#8748 = CARTESIAN_POINT('',(102.251,-64.434,0.));
#8749 = VECTOR('',#8750,1.);
#8750 = DIRECTION('',(0.,0.,1.));
#8751 = ORIENTED_EDGE('',*,*,#987,.F.);
#8752 = PLANE('',#8753);
#8753 = AXIS2_PLACEMENT_3D('',#8754,#8755,#8756);
#8754 = CARTESIAN_POINT('',(102.251,-78.434,0.));
#8755 = DIRECTION('',(-1.,0.,0.));
#8756 = DIRECTION('',(0.,1.,0.));
#8757 = ADVANCED_FACE('',(#8758),#8764,.T.);
#8758 = FACE_BOUND('',#8759,.T.);
#8759 = EDGE_LOOP('',(#8760,#8761,#8762,#8763));
#8760 = ORIENTED_EDGE('',*,*,#8746,.T.);
#8761 = ORIENTED_EDGE('',*,*,#4421,.T.);
#8762 = ORIENTED_EDGE('',*,*,#8727,.F.);
#8763 = ORIENTED_EDGE('',*,*,#979,.F.);
#8764 = PLANE('',#8765);
#8765 = AXIS2_PLACEMENT_3D('',#8766,#8767,#8768);
#8766 = CARTESIAN_POINT('',(102.251,-64.434,0.));
#8767 = DIRECTION('',(0.,-1.,0.));
#8768 = DIRECTION('',(-1.,0.,0.));
#8769 = ADVANCED_FACE('',(#8770),#8786,.T.);
#8770 = FACE_BOUND('',#8771,.T.);
#8771 = EDGE_LOOP('',(#8772,#8778,#8779,#8785));
#8772 = ORIENTED_EDGE('',*,*,#8773,.T.);
#8773 = EDGE_CURVE('',#996,#4438,#8774,.T.);
#8774 = LINE('',#8775,#8776);
#8775 = CARTESIAN_POINT('',(107.301,-78.434,0.));
#8776 = VECTOR('',#8777,1.);
#8777 = DIRECTION('',(0.,0.,1.));
#8778 = ORIENTED_EDGE('',*,*,#4437,.T.);
#8779 = ORIENTED_EDGE('',*,*,#8780,.F.);
#8780 = EDGE_CURVE('',#998,#4440,#8781,.T.);
#8781 = LINE('',#8782,#8783);
#8782 = CARTESIAN_POINT('',(121.301,-78.434,0.));
#8783 = VECTOR('',#8784,1.);
#8784 = DIRECTION('',(0.,0.,1.));
#8785 = ORIENTED_EDGE('',*,*,#995,.F.);
#8786 = PLANE('',#8787);
#8787 = AXIS2_PLACEMENT_3D('',#8788,#8789,#8790);
#8788 = CARTESIAN_POINT('',(107.301,-78.434,0.));
#8789 = DIRECTION('',(0.,1.,0.));
#8790 = DIRECTION('',(1.,0.,0.));
#8791 = ADVANCED_FACE('',(#8792),#8803,.T.);
#8792 = FACE_BOUND('',#8793,.T.);
#8793 = EDGE_LOOP('',(#8794,#8800,#8801,#8802));
#8794 = ORIENTED_EDGE('',*,*,#8795,.T.);
#8795 = EDGE_CURVE('',#1006,#4448,#8796,.T.);
#8796 = LINE('',#8797,#8798);
#8797 = CARTESIAN_POINT('',(107.301,-64.434,0.));
#8798 = VECTOR('',#8799,1.);
#8799 = DIRECTION('',(0.,0.,1.));
#8800 = ORIENTED_EDGE('',*,*,#4447,.T.);
#8801 = ORIENTED_EDGE('',*,*,#8773,.F.);
#8802 = ORIENTED_EDGE('',*,*,#1005,.F.);
#8803 = PLANE('',#8804);
#8804 = AXIS2_PLACEMENT_3D('',#8805,#8806,#8807);
#8805 = CARTESIAN_POINT('',(107.301,-64.434,0.));
#8806 = DIRECTION('',(1.,0.,-0.));
#8807 = DIRECTION('',(0.,-1.,0.));
#8808 = ADVANCED_FACE('',(#8809),#8820,.T.);
#8809 = FACE_BOUND('',#8810,.T.);
#8810 = EDGE_LOOP('',(#8811,#8812,#8813,#8819));
#8811 = ORIENTED_EDGE('',*,*,#8780,.T.);
#8812 = ORIENTED_EDGE('',*,*,#4463,.T.);
#8813 = ORIENTED_EDGE('',*,*,#8814,.F.);
#8814 = EDGE_CURVE('',#1014,#4456,#8815,.T.);
#8815 = LINE('',#8816,#8817);
#8816 = CARTESIAN_POINT('',(121.301,-64.434,0.));
#8817 = VECTOR('',#8818,1.);
#8818 = DIRECTION('',(0.,0.,1.));
#8819 = ORIENTED_EDGE('',*,*,#1021,.F.);
#8820 = PLANE('',#8821);
#8821 = AXIS2_PLACEMENT_3D('',#8822,#8823,#8824);
#8822 = CARTESIAN_POINT('',(121.301,-78.434,0.));
#8823 = DIRECTION('',(-1.,0.,0.));
#8824 = DIRECTION('',(0.,1.,0.));
#8825 = ADVANCED_FACE('',(#8826),#8832,.T.);
#8826 = FACE_BOUND('',#8827,.T.);
#8827 = EDGE_LOOP('',(#8828,#8829,#8830,#8831));
#8828 = ORIENTED_EDGE('',*,*,#8814,.T.);
#8829 = ORIENTED_EDGE('',*,*,#4455,.T.);
#8830 = ORIENTED_EDGE('',*,*,#8795,.F.);
#8831 = ORIENTED_EDGE('',*,*,#1013,.F.);
#8832 = PLANE('',#8833);
#8833 = AXIS2_PLACEMENT_3D('',#8834,#8835,#8836);
#8834 = CARTESIAN_POINT('',(121.301,-64.434,0.));
#8835 = DIRECTION('',(0.,-1.,0.));
#8836 = DIRECTION('',(-1.,0.,0.));
#8837 = ADVANCED_FACE('',(#8838),#8854,.T.);
#8838 = FACE_BOUND('',#8839,.T.);
#8839 = EDGE_LOOP('',(#8840,#8846,#8847,#8853));
#8840 = ORIENTED_EDGE('',*,*,#8841,.T.);
#8841 = EDGE_CURVE('',#1030,#4472,#8842,.T.);
#8842 = LINE('',#8843,#8844);
#8843 = CARTESIAN_POINT('',(126.351,-78.434,0.));
#8844 = VECTOR('',#8845,1.);
#8845 = DIRECTION('',(0.,0.,1.));
#8846 = ORIENTED_EDGE('',*,*,#4471,.T.);
#8847 = ORIENTED_EDGE('',*,*,#8848,.F.);
#8848 = EDGE_CURVE('',#1032,#4474,#8849,.T.);
#8849 = LINE('',#8850,#8851);
#8850 = CARTESIAN_POINT('',(140.351,-78.434,0.));
#8851 = VECTOR('',#8852,1.);
#8852 = DIRECTION('',(0.,0.,1.));
#8853 = ORIENTED_EDGE('',*,*,#1029,.F.);
#8854 = PLANE('',#8855);
#8855 = AXIS2_PLACEMENT_3D('',#8856,#8857,#8858);
#8856 = CARTESIAN_POINT('',(126.351,-78.434,0.));
#8857 = DIRECTION('',(0.,1.,0.));
#8858 = DIRECTION('',(1.,0.,0.));
#8859 = ADVANCED_FACE('',(#8860),#8871,.T.);
#8860 = FACE_BOUND('',#8861,.T.);
#8861 = EDGE_LOOP('',(#8862,#8868,#8869,#8870));
#8862 = ORIENTED_EDGE('',*,*,#8863,.T.);
#8863 = EDGE_CURVE('',#1040,#4482,#8864,.T.);
#8864 = LINE('',#8865,#8866);
#8865 = CARTESIAN_POINT('',(126.351,-64.434,0.));
#8866 = VECTOR('',#8867,1.);
#8867 = DIRECTION('',(0.,0.,1.));
#8868 = ORIENTED_EDGE('',*,*,#4481,.T.);
#8869 = ORIENTED_EDGE('',*,*,#8841,.F.);
#8870 = ORIENTED_EDGE('',*,*,#1039,.F.);
#8871 = PLANE('',#8872);
#8872 = AXIS2_PLACEMENT_3D('',#8873,#8874,#8875);
#8873 = CARTESIAN_POINT('',(126.351,-64.434,0.));
#8874 = DIRECTION('',(1.,0.,-0.));
#8875 = DIRECTION('',(0.,-1.,0.));
#8876 = ADVANCED_FACE('',(#8877),#8888,.T.);
#8877 = FACE_BOUND('',#8878,.T.);
#8878 = EDGE_LOOP('',(#8879,#8880,#8881,#8887));
#8879 = ORIENTED_EDGE('',*,*,#8848,.T.);
#8880 = ORIENTED_EDGE('',*,*,#4497,.T.);
#8881 = ORIENTED_EDGE('',*,*,#8882,.F.);
#8882 = EDGE_CURVE('',#1048,#4490,#8883,.T.);
#8883 = LINE('',#8884,#8885);
#8884 = CARTESIAN_POINT('',(140.351,-64.434,0.));
#8885 = VECTOR('',#8886,1.);
#8886 = DIRECTION('',(0.,0.,1.));
#8887 = ORIENTED_EDGE('',*,*,#1055,.F.);
#8888 = PLANE('',#8889);
#8889 = AXIS2_PLACEMENT_3D('',#8890,#8891,#8892);
#8890 = CARTESIAN_POINT('',(140.351,-78.434,0.));
#8891 = DIRECTION('',(-1.,0.,0.));
#8892 = DIRECTION('',(0.,1.,0.));
#8893 = ADVANCED_FACE('',(#8894),#8900,.T.);
#8894 = FACE_BOUND('',#8895,.T.);
#8895 = EDGE_LOOP('',(#8896,#8897,#8898,#8899));
#8896 = ORIENTED_EDGE('',*,*,#8882,.T.);
#8897 = ORIENTED_EDGE('',*,*,#4489,.T.);
#8898 = ORIENTED_EDGE('',*,*,#8863,.F.);
#8899 = ORIENTED_EDGE('',*,*,#1047,.F.);
#8900 = PLANE('',#8901);
#8901 = AXIS2_PLACEMENT_3D('',#8902,#8903,#8904);
#8902 = CARTESIAN_POINT('',(140.351,-64.434,0.));
#8903 = DIRECTION('',(0.,-1.,0.));
#8904 = DIRECTION('',(-1.,0.,0.));
#8905 = ADVANCED_FACE('',(#8906),#8922,.T.);
#8906 = FACE_BOUND('',#8907,.T.);
#8907 = EDGE_LOOP('',(#8908,#8914,#8915,#8921));
#8908 = ORIENTED_EDGE('',*,*,#8909,.T.);
#8909 = EDGE_CURVE('',#1064,#4506,#8910,.T.);
#8910 = LINE('',#8911,#8912);
#8911 = CARTESIAN_POINT('',(145.401,-78.434,0.));
#8912 = VECTOR('',#8913,1.);
#8913 = DIRECTION('',(0.,0.,1.));
#8914 = ORIENTED_EDGE('',*,*,#4505,.T.);
#8915 = ORIENTED_EDGE('',*,*,#8916,.F.);
#8916 = EDGE_CURVE('',#1066,#4508,#8917,.T.);
#8917 = LINE('',#8918,#8919);
#8918 = CARTESIAN_POINT('',(159.401,-78.434,0.));
#8919 = VECTOR('',#8920,1.);
#8920 = DIRECTION('',(0.,0.,1.));
#8921 = ORIENTED_EDGE('',*,*,#1063,.F.);
#8922 = PLANE('',#8923);
#8923 = AXIS2_PLACEMENT_3D('',#8924,#8925,#8926);
#8924 = CARTESIAN_POINT('',(145.401,-78.434,0.));
#8925 = DIRECTION('',(0.,1.,0.));
#8926 = DIRECTION('',(1.,0.,0.));
#8927 = ADVANCED_FACE('',(#8928),#8939,.T.);
#8928 = FACE_BOUND('',#8929,.T.);
#8929 = EDGE_LOOP('',(#8930,#8936,#8937,#8938));
#8930 = ORIENTED_EDGE('',*,*,#8931,.T.);
#8931 = EDGE_CURVE('',#1074,#4516,#8932,.T.);
#8932 = LINE('',#8933,#8934);
#8933 = CARTESIAN_POINT('',(145.401,-64.434,0.));
#8934 = VECTOR('',#8935,1.);
#8935 = DIRECTION('',(0.,0.,1.));
#8936 = ORIENTED_EDGE('',*,*,#4515,.T.);
#8937 = ORIENTED_EDGE('',*,*,#8909,.F.);
#8938 = ORIENTED_EDGE('',*,*,#1073,.F.);
#8939 = PLANE('',#8940);
#8940 = AXIS2_PLACEMENT_3D('',#8941,#8942,#8943);
#8941 = CARTESIAN_POINT('',(145.401,-64.434,0.));
#8942 = DIRECTION('',(1.,0.,-0.));
#8943 = DIRECTION('',(0.,-1.,0.));
#8944 = ADVANCED_FACE('',(#8945),#8956,.T.);
#8945 = FACE_BOUND('',#8946,.T.);
#8946 = EDGE_LOOP('',(#8947,#8948,#8949,#8955));
#8947 = ORIENTED_EDGE('',*,*,#8916,.T.);
#8948 = ORIENTED_EDGE('',*,*,#4531,.T.);
#8949 = ORIENTED_EDGE('',*,*,#8950,.F.);
#8950 = EDGE_CURVE('',#1082,#4524,#8951,.T.);
#8951 = LINE('',#8952,#8953);
#8952 = CARTESIAN_POINT('',(159.401,-64.434,0.));
#8953 = VECTOR('',#8954,1.);
#8954 = DIRECTION('',(0.,0.,1.));
#8955 = ORIENTED_EDGE('',*,*,#1089,.F.);
#8956 = PLANE('',#8957);
#8957 = AXIS2_PLACEMENT_3D('',#8958,#8959,#8960);
#8958 = CARTESIAN_POINT('',(159.401,-78.434,0.));
#8959 = DIRECTION('',(-1.,0.,0.));
#8960 = DIRECTION('',(0.,1.,0.));
#8961 = ADVANCED_FACE('',(#8962),#8968,.T.);
#8962 = FACE_BOUND('',#8963,.T.);
#8963 = EDGE_LOOP('',(#8964,#8965,#8966,#8967));
#8964 = ORIENTED_EDGE('',*,*,#8950,.T.);
#8965 = ORIENTED_EDGE('',*,*,#4523,.T.);
#8966 = ORIENTED_EDGE('',*,*,#8931,.F.);
#8967 = ORIENTED_EDGE('',*,*,#1081,.F.);
#8968 = PLANE('',#8969);
#8969 = AXIS2_PLACEMENT_3D('',#8970,#8971,#8972);
#8970 = CARTESIAN_POINT('',(159.401,-64.434,0.));
#8971 = DIRECTION('',(0.,-1.,0.));
#8972 = DIRECTION('',(-1.,0.,0.));
#8973 = ADVANCED_FACE('',(#8974),#8985,.F.);
#8974 = FACE_BOUND('',#8975,.T.);
#8975 = EDGE_LOOP('',(#8976,#8977,#8983,#8984));
#8976 = ORIENTED_EDGE('',*,*,#1097,.T.);
#8977 = ORIENTED_EDGE('',*,*,#8978,.T.);
#8978 = EDGE_CURVE('',#1098,#4540,#8979,.T.);
#8979 = LINE('',#8980,#8981);
#8980 = CARTESIAN_POINT('',(215.106916,-108.25625,-4.6E-02));
#8981 = VECTOR('',#8982,1.);
#8982 = DIRECTION('',(0.,0.,1.));
#8983 = ORIENTED_EDGE('',*,*,#4539,.F.);
#8984 = ORIENTED_EDGE('',*,*,#8978,.F.);
#8985 = CYLINDRICAL_SURFACE('',#8986,1.1);
#8986 = AXIS2_PLACEMENT_3D('',#8987,#8988,#8989);
#8987 = CARTESIAN_POINT('',(215.106916,-107.15625,-4.6E-02));
#8988 = DIRECTION('',(-0.,-0.,-1.));
#8989 = DIRECTION('',(-0.,-1.,0.));
#8990 = ADVANCED_FACE('',(#8991),#9007,.T.);
#8991 = FACE_BOUND('',#8992,.T.);
#8992 = EDGE_LOOP('',(#8993,#8999,#9000,#9006));
#8993 = ORIENTED_EDGE('',*,*,#8994,.T.);
#8994 = EDGE_CURVE('',#1109,#4551,#8995,.T.);
#8995 = LINE('',#8996,#8997);
#8996 = CARTESIAN_POINT('',(197.788,-97.484,0.));
#8997 = VECTOR('',#8998,1.);
#8998 = DIRECTION('',(0.,0.,1.));
#8999 = ORIENTED_EDGE('',*,*,#4550,.T.);
#9000 = ORIENTED_EDGE('',*,*,#9001,.F.);
#9001 = EDGE_CURVE('',#1111,#4553,#9002,.T.);
#9002 = LINE('',#9003,#9004);
#9003 = CARTESIAN_POINT('',(211.788,-97.484,0.));
#9004 = VECTOR('',#9005,1.);
#9005 = DIRECTION('',(0.,0.,1.));
#9006 = ORIENTED_EDGE('',*,*,#1108,.F.);
#9007 = PLANE('',#9008);
#9008 = AXIS2_PLACEMENT_3D('',#9009,#9010,#9011);
#9009 = CARTESIAN_POINT('',(197.788,-97.484,0.));
#9010 = DIRECTION('',(0.,1.,0.));
#9011 = DIRECTION('',(1.,0.,0.));
#9012 = ADVANCED_FACE('',(#9013),#9024,.T.);
#9013 = FACE_BOUND('',#9014,.T.);
#9014 = EDGE_LOOP('',(#9015,#9021,#9022,#9023));
#9015 = ORIENTED_EDGE('',*,*,#9016,.T.);
#9016 = EDGE_CURVE('',#1119,#4561,#9017,.T.);
#9017 = LINE('',#9018,#9019);
#9018 = CARTESIAN_POINT('',(197.788,-83.484,0.));
#9019 = VECTOR('',#9020,1.);
#9020 = DIRECTION('',(0.,0.,1.));
#9021 = ORIENTED_EDGE('',*,*,#4560,.T.);
#9022 = ORIENTED_EDGE('',*,*,#8994,.F.);
#9023 = ORIENTED_EDGE('',*,*,#1118,.F.);
#9024 = PLANE('',#9025);
#9025 = AXIS2_PLACEMENT_3D('',#9026,#9027,#9028);
#9026 = CARTESIAN_POINT('',(197.788,-83.484,0.));
#9027 = DIRECTION('',(1.,0.,-0.));
#9028 = DIRECTION('',(0.,-1.,0.));
#9029 = ADVANCED_FACE('',(#9030),#9041,.T.);
#9030 = FACE_BOUND('',#9031,.T.);
#9031 = EDGE_LOOP('',(#9032,#9033,#9034,#9040));
#9032 = ORIENTED_EDGE('',*,*,#9001,.T.);
#9033 = ORIENTED_EDGE('',*,*,#4576,.T.);
#9034 = ORIENTED_EDGE('',*,*,#9035,.F.);
#9035 = EDGE_CURVE('',#1127,#4569,#9036,.T.);
#9036 = LINE('',#9037,#9038);
#9037 = CARTESIAN_POINT('',(211.788,-83.484,0.));
#9038 = VECTOR('',#9039,1.);
#9039 = DIRECTION('',(0.,0.,1.));
#9040 = ORIENTED_EDGE('',*,*,#1134,.F.);
#9041 = PLANE('',#9042);
#9042 = AXIS2_PLACEMENT_3D('',#9043,#9044,#9045);
#9043 = CARTESIAN_POINT('',(211.788,-97.484,0.));
#9044 = DIRECTION('',(-1.,0.,0.));
#9045 = DIRECTION('',(0.,1.,0.));
#9046 = ADVANCED_FACE('',(#9047),#9053,.T.);
#9047 = FACE_BOUND('',#9048,.T.);
#9048 = EDGE_LOOP('',(#9049,#9050,#9051,#9052));
#9049 = ORIENTED_EDGE('',*,*,#9035,.T.);
#9050 = ORIENTED_EDGE('',*,*,#4568,.T.);
#9051 = ORIENTED_EDGE('',*,*,#9016,.F.);
#9052 = ORIENTED_EDGE('',*,*,#1126,.F.);
#9053 = PLANE('',#9054);
#9054 = AXIS2_PLACEMENT_3D('',#9055,#9056,#9057);
#9055 = CARTESIAN_POINT('',(211.788,-83.484,0.));
#9056 = DIRECTION('',(0.,-1.,0.));
#9057 = DIRECTION('',(-1.,0.,0.));
#9058 = ADVANCED_FACE('',(#9059),#9075,.T.);
#9059 = FACE_BOUND('',#9060,.T.);
#9060 = EDGE_LOOP('',(#9061,#9067,#9068,#9074));
#9061 = ORIENTED_EDGE('',*,*,#9062,.T.);
#9062 = EDGE_CURVE('',#1143,#4585,#9063,.T.);
#9063 = LINE('',#9064,#9065);
#9064 = CARTESIAN_POINT('',(216.838,-97.484,0.));
#9065 = VECTOR('',#9066,1.);
#9066 = DIRECTION('',(0.,0.,1.));
#9067 = ORIENTED_EDGE('',*,*,#4584,.T.);
#9068 = ORIENTED_EDGE('',*,*,#9069,.F.);
#9069 = EDGE_CURVE('',#1145,#4587,#9070,.T.);
#9070 = LINE('',#9071,#9072);
#9071 = CARTESIAN_POINT('',(230.838,-97.484,0.));
#9072 = VECTOR('',#9073,1.);
#9073 = DIRECTION('',(0.,0.,1.));
#9074 = ORIENTED_EDGE('',*,*,#1142,.F.);
#9075 = PLANE('',#9076);
#9076 = AXIS2_PLACEMENT_3D('',#9077,#9078,#9079);
#9077 = CARTESIAN_POINT('',(216.838,-97.484,0.));
#9078 = DIRECTION('',(0.,1.,0.));
#9079 = DIRECTION('',(1.,0.,0.));
#9080 = ADVANCED_FACE('',(#9081),#9092,.T.);
#9081 = FACE_BOUND('',#9082,.T.);
#9082 = EDGE_LOOP('',(#9083,#9089,#9090,#9091));
#9083 = ORIENTED_EDGE('',*,*,#9084,.T.);
#9084 = EDGE_CURVE('',#1153,#4595,#9085,.T.);
#9085 = LINE('',#9086,#9087);
#9086 = CARTESIAN_POINT('',(216.838,-83.484,0.));
#9087 = VECTOR('',#9088,1.);
#9088 = DIRECTION('',(0.,0.,1.));
#9089 = ORIENTED_EDGE('',*,*,#4594,.T.);
#9090 = ORIENTED_EDGE('',*,*,#9062,.F.);
#9091 = ORIENTED_EDGE('',*,*,#1152,.F.);
#9092 = PLANE('',#9093);
#9093 = AXIS2_PLACEMENT_3D('',#9094,#9095,#9096);
#9094 = CARTESIAN_POINT('',(216.838,-83.484,0.));
#9095 = DIRECTION('',(1.,0.,-0.));
#9096 = DIRECTION('',(0.,-1.,0.));
#9097 = ADVANCED_FACE('',(#9098),#9109,.T.);
#9098 = FACE_BOUND('',#9099,.T.);
#9099 = EDGE_LOOP('',(#9100,#9101,#9102,#9108));
#9100 = ORIENTED_EDGE('',*,*,#9069,.T.);
#9101 = ORIENTED_EDGE('',*,*,#4610,.T.);
#9102 = ORIENTED_EDGE('',*,*,#9103,.F.);
#9103 = EDGE_CURVE('',#1161,#4603,#9104,.T.);
#9104 = LINE('',#9105,#9106);
#9105 = CARTESIAN_POINT('',(230.838,-83.484,0.));
#9106 = VECTOR('',#9107,1.);
#9107 = DIRECTION('',(0.,0.,1.));
#9108 = ORIENTED_EDGE('',*,*,#1168,.F.);
#9109 = PLANE('',#9110);
#9110 = AXIS2_PLACEMENT_3D('',#9111,#9112,#9113);
#9111 = CARTESIAN_POINT('',(230.838,-97.484,0.));
#9112 = DIRECTION('',(-1.,0.,0.));
#9113 = DIRECTION('',(0.,1.,0.));
#9114 = ADVANCED_FACE('',(#9115),#9121,.T.);
#9115 = FACE_BOUND('',#9116,.T.);
#9116 = EDGE_LOOP('',(#9117,#9118,#9119,#9120));
#9117 = ORIENTED_EDGE('',*,*,#9103,.T.);
#9118 = ORIENTED_EDGE('',*,*,#4602,.T.);
#9119 = ORIENTED_EDGE('',*,*,#9084,.F.);
#9120 = ORIENTED_EDGE('',*,*,#1160,.F.);
#9121 = PLANE('',#9122);
#9122 = AXIS2_PLACEMENT_3D('',#9123,#9124,#9125);
#9123 = CARTESIAN_POINT('',(230.838,-83.484,0.));
#9124 = DIRECTION('',(0.,-1.,0.));
#9125 = DIRECTION('',(-1.,0.,0.));
#9126 = ADVANCED_FACE('',(#9127),#9143,.T.);
#9127 = FACE_BOUND('',#9128,.T.);
#9128 = EDGE_LOOP('',(#9129,#9135,#9136,#9142));
#9129 = ORIENTED_EDGE('',*,*,#9130,.T.);
#9130 = EDGE_CURVE('',#1177,#4619,#9131,.T.);
#9131 = LINE('',#9132,#9133);
#9132 = CARTESIAN_POINT('',(259.701,-102.247,0.));
#9133 = VECTOR('',#9134,1.);
#9134 = DIRECTION('',(0.,0.,1.));
#9135 = ORIENTED_EDGE('',*,*,#4618,.T.);
#9136 = ORIENTED_EDGE('',*,*,#9137,.F.);
#9137 = EDGE_CURVE('',#1179,#4621,#9138,.T.);
#9138 = LINE('',#9139,#9140);
#9139 = CARTESIAN_POINT('',(273.701,-102.247,0.));
#9140 = VECTOR('',#9141,1.);
#9141 = DIRECTION('',(0.,0.,1.));
#9142 = ORIENTED_EDGE('',*,*,#1176,.F.);
#9143 = PLANE('',#9144);
#9144 = AXIS2_PLACEMENT_3D('',#9145,#9146,#9147);
#9145 = CARTESIAN_POINT('',(259.701,-102.247,0.));
#9146 = DIRECTION('',(0.,1.,0.));
#9147 = DIRECTION('',(1.,0.,0.));
#9148 = ADVANCED_FACE('',(#9149),#9160,.T.);
#9149 = FACE_BOUND('',#9150,.T.);
#9150 = EDGE_LOOP('',(#9151,#9157,#9158,#9159));
#9151 = ORIENTED_EDGE('',*,*,#9152,.T.);
#9152 = EDGE_CURVE('',#1187,#4629,#9153,.T.);
#9153 = LINE('',#9154,#9155);
#9154 = CARTESIAN_POINT('',(259.701,-88.247,0.));
#9155 = VECTOR('',#9156,1.);
#9156 = DIRECTION('',(0.,0.,1.));
#9157 = ORIENTED_EDGE('',*,*,#4628,.T.);
#9158 = ORIENTED_EDGE('',*,*,#9130,.F.);
#9159 = ORIENTED_EDGE('',*,*,#1186,.F.);
#9160 = PLANE('',#9161);
#9161 = AXIS2_PLACEMENT_3D('',#9162,#9163,#9164);
#9162 = CARTESIAN_POINT('',(259.701,-88.247,0.));
#9163 = DIRECTION('',(1.,0.,-0.));
#9164 = DIRECTION('',(0.,-1.,0.));
#9165 = ADVANCED_FACE('',(#9166),#9177,.T.);
#9166 = FACE_BOUND('',#9167,.T.);
#9167 = EDGE_LOOP('',(#9168,#9169,#9170,#9176));
#9168 = ORIENTED_EDGE('',*,*,#9137,.T.);
#9169 = ORIENTED_EDGE('',*,*,#4644,.T.);
#9170 = ORIENTED_EDGE('',*,*,#9171,.F.);
#9171 = EDGE_CURVE('',#1195,#4637,#9172,.T.);
#9172 = LINE('',#9173,#9174);
#9173 = CARTESIAN_POINT('',(273.701,-88.247,0.));
#9174 = VECTOR('',#9175,1.);
#9175 = DIRECTION('',(0.,0.,1.));
#9176 = ORIENTED_EDGE('',*,*,#1202,.F.);
#9177 = PLANE('',#9178);
#9178 = AXIS2_PLACEMENT_3D('',#9179,#9180,#9181);
#9179 = CARTESIAN_POINT('',(273.701,-102.247,0.));
#9180 = DIRECTION('',(-1.,0.,0.));
#9181 = DIRECTION('',(0.,1.,0.));
#9182 = ADVANCED_FACE('',(#9183),#9189,.T.);
#9183 = FACE_BOUND('',#9184,.T.);
#9184 = EDGE_LOOP('',(#9185,#9186,#9187,#9188));
#9185 = ORIENTED_EDGE('',*,*,#9171,.T.);
#9186 = ORIENTED_EDGE('',*,*,#4636,.T.);
#9187 = ORIENTED_EDGE('',*,*,#9152,.F.);
#9188 = ORIENTED_EDGE('',*,*,#1194,.F.);
#9189 = PLANE('',#9190);
#9190 = AXIS2_PLACEMENT_3D('',#9191,#9192,#9193);
#9191 = CARTESIAN_POINT('',(273.701,-88.247,0.));
#9192 = DIRECTION('',(0.,-1.,0.));
#9193 = DIRECTION('',(-1.,0.,0.));
#9194 = ADVANCED_FACE('',(#9195),#9206,.F.);
#9195 = FACE_BOUND('',#9196,.T.);
#9196 = EDGE_LOOP('',(#9197,#9198,#9204,#9205));
#9197 = ORIENTED_EDGE('',*,*,#1210,.T.);
#9198 = ORIENTED_EDGE('',*,*,#9199,.T.);
#9199 = EDGE_CURVE('',#1211,#4653,#9200,.T.);
#9200 = LINE('',#9201,#9202);
#9201 = CARTESIAN_POINT('',(321.46875,-108.25625,-4.6E-02));
#9202 = VECTOR('',#9203,1.);
#9203 = DIRECTION('',(0.,0.,1.));
#9204 = ORIENTED_EDGE('',*,*,#4652,.F.);
#9205 = ORIENTED_EDGE('',*,*,#9199,.F.);
#9206 = CYLINDRICAL_SURFACE('',#9207,1.1);
#9207 = AXIS2_PLACEMENT_3D('',#9208,#9209,#9210);
#9208 = CARTESIAN_POINT('',(321.46875,-107.15625,-4.6E-02));
#9209 = DIRECTION('',(-0.,-0.,-1.));
#9210 = DIRECTION('',(-0.,-1.,0.));
#9211 = ADVANCED_FACE('',(#9212),#9228,.T.);
#9212 = FACE_BOUND('',#9213,.T.);
#9213 = EDGE_LOOP('',(#9214,#9220,#9221,#9227));
#9214 = ORIENTED_EDGE('',*,*,#9215,.T.);
#9215 = EDGE_CURVE('',#1222,#4664,#9216,.T.);
#9216 = LINE('',#9217,#9218);
#9217 = CARTESIAN_POINT('',(278.751,-102.247,0.));
#9218 = VECTOR('',#9219,1.);
#9219 = DIRECTION('',(0.,0.,1.));
#9220 = ORIENTED_EDGE('',*,*,#4663,.T.);
#9221 = ORIENTED_EDGE('',*,*,#9222,.F.);
#9222 = EDGE_CURVE('',#1224,#4666,#9223,.T.);
#9223 = LINE('',#9224,#9225);
#9224 = CARTESIAN_POINT('',(292.751,-102.247,0.));
#9225 = VECTOR('',#9226,1.);
#9226 = DIRECTION('',(0.,0.,1.));
#9227 = ORIENTED_EDGE('',*,*,#1221,.F.);
#9228 = PLANE('',#9229);
#9229 = AXIS2_PLACEMENT_3D('',#9230,#9231,#9232);
#9230 = CARTESIAN_POINT('',(278.751,-102.247,0.));
#9231 = DIRECTION('',(0.,1.,0.));
#9232 = DIRECTION('',(1.,0.,0.));
#9233 = ADVANCED_FACE('',(#9234),#9245,.T.);
#9234 = FACE_BOUND('',#9235,.T.);
#9235 = EDGE_LOOP('',(#9236,#9242,#9243,#9244));
#9236 = ORIENTED_EDGE('',*,*,#9237,.T.);
#9237 = EDGE_CURVE('',#1232,#4674,#9238,.T.);
#9238 = LINE('',#9239,#9240);
#9239 = CARTESIAN_POINT('',(278.751,-88.247,0.));
#9240 = VECTOR('',#9241,1.);
#9241 = DIRECTION('',(0.,0.,1.));
#9242 = ORIENTED_EDGE('',*,*,#4673,.T.);
#9243 = ORIENTED_EDGE('',*,*,#9215,.F.);
#9244 = ORIENTED_EDGE('',*,*,#1231,.F.);
#9245 = PLANE('',#9246);
#9246 = AXIS2_PLACEMENT_3D('',#9247,#9248,#9249);
#9247 = CARTESIAN_POINT('',(278.751,-88.247,0.));
#9248 = DIRECTION('',(1.,0.,-0.));
#9249 = DIRECTION('',(0.,-1.,0.));
#9250 = ADVANCED_FACE('',(#9251),#9262,.T.);
#9251 = FACE_BOUND('',#9252,.T.);
#9252 = EDGE_LOOP('',(#9253,#9254,#9255,#9261));
#9253 = ORIENTED_EDGE('',*,*,#9222,.T.);
#9254 = ORIENTED_EDGE('',*,*,#4689,.T.);
#9255 = ORIENTED_EDGE('',*,*,#9256,.F.);
#9256 = EDGE_CURVE('',#1240,#4682,#9257,.T.);
#9257 = LINE('',#9258,#9259);
#9258 = CARTESIAN_POINT('',(292.751,-88.247,0.));
#9259 = VECTOR('',#9260,1.);
#9260 = DIRECTION('',(0.,0.,1.));
#9261 = ORIENTED_EDGE('',*,*,#1247,.F.);
#9262 = PLANE('',#9263);
#9263 = AXIS2_PLACEMENT_3D('',#9264,#9265,#9266);
#9264 = CARTESIAN_POINT('',(292.751,-102.247,0.));
#9265 = DIRECTION('',(-1.,0.,0.));
#9266 = DIRECTION('',(0.,1.,0.));
#9267 = ADVANCED_FACE('',(#9268),#9274,.T.);
#9268 = FACE_BOUND('',#9269,.T.);
#9269 = EDGE_LOOP('',(#9270,#9271,#9272,#9273));
#9270 = ORIENTED_EDGE('',*,*,#9256,.T.);
#9271 = ORIENTED_EDGE('',*,*,#4681,.T.);
#9272 = ORIENTED_EDGE('',*,*,#9237,.F.);
#9273 = ORIENTED_EDGE('',*,*,#1239,.F.);
#9274 = PLANE('',#9275);
#9275 = AXIS2_PLACEMENT_3D('',#9276,#9277,#9278);
#9276 = CARTESIAN_POINT('',(292.751,-88.247,0.));
#9277 = DIRECTION('',(0.,-1.,0.));
#9278 = DIRECTION('',(-1.,0.,0.));
#9279 = ADVANCED_FACE('',(#9280),#9296,.T.);
#9280 = FACE_BOUND('',#9281,.T.);
#9281 = EDGE_LOOP('',(#9282,#9288,#9289,#9295));
#9282 = ORIENTED_EDGE('',*,*,#9283,.T.);
#9283 = EDGE_CURVE('',#1256,#4698,#9284,.T.);
#9284 = LINE('',#9285,#9286);
#9285 = CARTESIAN_POINT('',(297.801,-102.247,0.));
#9286 = VECTOR('',#9287,1.);
#9287 = DIRECTION('',(0.,0.,1.));
#9288 = ORIENTED_EDGE('',*,*,#4697,.T.);
#9289 = ORIENTED_EDGE('',*,*,#9290,.F.);
#9290 = EDGE_CURVE('',#1258,#4700,#9291,.T.);
#9291 = LINE('',#9292,#9293);
#9292 = CARTESIAN_POINT('',(311.801,-102.247,0.));
#9293 = VECTOR('',#9294,1.);
#9294 = DIRECTION('',(0.,0.,1.));
#9295 = ORIENTED_EDGE('',*,*,#1255,.F.);
#9296 = PLANE('',#9297);
#9297 = AXIS2_PLACEMENT_3D('',#9298,#9299,#9300);
#9298 = CARTESIAN_POINT('',(297.801,-102.247,0.));
#9299 = DIRECTION('',(0.,1.,0.));
#9300 = DIRECTION('',(1.,0.,0.));
#9301 = ADVANCED_FACE('',(#9302),#9313,.T.);
#9302 = FACE_BOUND('',#9303,.T.);
#9303 = EDGE_LOOP('',(#9304,#9310,#9311,#9312));
#9304 = ORIENTED_EDGE('',*,*,#9305,.T.);
#9305 = EDGE_CURVE('',#1266,#4708,#9306,.T.);
#9306 = LINE('',#9307,#9308);
#9307 = CARTESIAN_POINT('',(297.801,-88.247,0.));
#9308 = VECTOR('',#9309,1.);
#9309 = DIRECTION('',(0.,0.,1.));
#9310 = ORIENTED_EDGE('',*,*,#4707,.T.);
#9311 = ORIENTED_EDGE('',*,*,#9283,.F.);
#9312 = ORIENTED_EDGE('',*,*,#1265,.F.);
#9313 = PLANE('',#9314);
#9314 = AXIS2_PLACEMENT_3D('',#9315,#9316,#9317);
#9315 = CARTESIAN_POINT('',(297.801,-88.247,0.));
#9316 = DIRECTION('',(1.,0.,-0.));
#9317 = DIRECTION('',(0.,-1.,0.));
#9318 = ADVANCED_FACE('',(#9319),#9330,.T.);
#9319 = FACE_BOUND('',#9320,.T.);
#9320 = EDGE_LOOP('',(#9321,#9322,#9323,#9329));
#9321 = ORIENTED_EDGE('',*,*,#9290,.T.);
#9322 = ORIENTED_EDGE('',*,*,#4723,.T.);
#9323 = ORIENTED_EDGE('',*,*,#9324,.F.);
#9324 = EDGE_CURVE('',#1274,#4716,#9325,.T.);
#9325 = LINE('',#9326,#9327);
#9326 = CARTESIAN_POINT('',(311.801,-88.247,0.));
#9327 = VECTOR('',#9328,1.);
#9328 = DIRECTION('',(0.,0.,1.));
#9329 = ORIENTED_EDGE('',*,*,#1281,.F.);
#9330 = PLANE('',#9331);
#9331 = AXIS2_PLACEMENT_3D('',#9332,#9333,#9334);
#9332 = CARTESIAN_POINT('',(311.801,-102.247,0.));
#9333 = DIRECTION('',(-1.,0.,0.));
#9334 = DIRECTION('',(0.,1.,0.));
#9335 = ADVANCED_FACE('',(#9336),#9342,.T.);
#9336 = FACE_BOUND('',#9337,.T.);
#9337 = EDGE_LOOP('',(#9338,#9339,#9340,#9341));
#9338 = ORIENTED_EDGE('',*,*,#9324,.T.);
#9339 = ORIENTED_EDGE('',*,*,#4715,.T.);
#9340 = ORIENTED_EDGE('',*,*,#9305,.F.);
#9341 = ORIENTED_EDGE('',*,*,#1273,.F.);
#9342 = PLANE('',#9343);
#9343 = AXIS2_PLACEMENT_3D('',#9344,#9345,#9346);
#9344 = CARTESIAN_POINT('',(311.801,-88.247,0.));
#9345 = DIRECTION('',(0.,-1.,0.));
#9346 = DIRECTION('',(-1.,0.,0.));
#9347 = ADVANCED_FACE('',(#9348),#9364,.T.);
#9348 = FACE_BOUND('',#9349,.T.);
#9349 = EDGE_LOOP('',(#9350,#9356,#9357,#9363));
#9350 = ORIENTED_EDGE('',*,*,#9351,.T.);
#9351 = EDGE_CURVE('',#1290,#4732,#9352,.T.);
#9352 = LINE('',#9353,#9354);
#9353 = CARTESIAN_POINT('',(235.888,-97.484,0.));
#9354 = VECTOR('',#9355,1.);
#9355 = DIRECTION('',(0.,0.,1.));
#9356 = ORIENTED_EDGE('',*,*,#4731,.T.);
#9357 = ORIENTED_EDGE('',*,*,#9358,.F.);
#9358 = EDGE_CURVE('',#1292,#4734,#9359,.T.);
#9359 = LINE('',#9360,#9361);
#9360 = CARTESIAN_POINT('',(249.888,-97.484,0.));
#9361 = VECTOR('',#9362,1.);
#9362 = DIRECTION('',(0.,0.,1.));
#9363 = ORIENTED_EDGE('',*,*,#1289,.F.);
#9364 = PLANE('',#9365);
#9365 = AXIS2_PLACEMENT_3D('',#9366,#9367,#9368);
#9366 = CARTESIAN_POINT('',(235.888,-97.484,0.));
#9367 = DIRECTION('',(0.,1.,0.));
#9368 = DIRECTION('',(1.,0.,0.));
#9369 = ADVANCED_FACE('',(#9370),#9381,.T.);
#9370 = FACE_BOUND('',#9371,.T.);
#9371 = EDGE_LOOP('',(#9372,#9378,#9379,#9380));
#9372 = ORIENTED_EDGE('',*,*,#9373,.T.);
#9373 = EDGE_CURVE('',#1300,#4742,#9374,.T.);
#9374 = LINE('',#9375,#9376);
#9375 = CARTESIAN_POINT('',(235.888,-83.484,0.));
#9376 = VECTOR('',#9377,1.);
#9377 = DIRECTION('',(0.,0.,1.));
#9378 = ORIENTED_EDGE('',*,*,#4741,.T.);
#9379 = ORIENTED_EDGE('',*,*,#9351,.F.);
#9380 = ORIENTED_EDGE('',*,*,#1299,.F.);
#9381 = PLANE('',#9382);
#9382 = AXIS2_PLACEMENT_3D('',#9383,#9384,#9385);
#9383 = CARTESIAN_POINT('',(235.888,-83.484,0.));
#9384 = DIRECTION('',(1.,0.,-0.));
#9385 = DIRECTION('',(0.,-1.,0.));
#9386 = ADVANCED_FACE('',(#9387),#9398,.T.);
#9387 = FACE_BOUND('',#9388,.T.);
#9388 = EDGE_LOOP('',(#9389,#9390,#9391,#9397));
#9389 = ORIENTED_EDGE('',*,*,#9358,.T.);
#9390 = ORIENTED_EDGE('',*,*,#4757,.T.);
#9391 = ORIENTED_EDGE('',*,*,#9392,.F.);
#9392 = EDGE_CURVE('',#1308,#4750,#9393,.T.);
#9393 = LINE('',#9394,#9395);
#9394 = CARTESIAN_POINT('',(249.888,-83.484,0.));
#9395 = VECTOR('',#9396,1.);
#9396 = DIRECTION('',(0.,0.,1.));
#9397 = ORIENTED_EDGE('',*,*,#1315,.F.);
#9398 = PLANE('',#9399);
#9399 = AXIS2_PLACEMENT_3D('',#9400,#9401,#9402);
#9400 = CARTESIAN_POINT('',(249.888,-97.484,0.));
#9401 = DIRECTION('',(-1.,0.,0.));
#9402 = DIRECTION('',(0.,1.,0.));
#9403 = ADVANCED_FACE('',(#9404),#9410,.T.);
#9404 = FACE_BOUND('',#9405,.T.);
#9405 = EDGE_LOOP('',(#9406,#9407,#9408,#9409));
#9406 = ORIENTED_EDGE('',*,*,#9392,.T.);
#9407 = ORIENTED_EDGE('',*,*,#4749,.T.);
#9408 = ORIENTED_EDGE('',*,*,#9373,.F.);
#9409 = ORIENTED_EDGE('',*,*,#1307,.F.);
#9410 = PLANE('',#9411);
#9411 = AXIS2_PLACEMENT_3D('',#9412,#9413,#9414);
#9412 = CARTESIAN_POINT('',(249.888,-83.484,0.));
#9413 = DIRECTION('',(0.,-1.,0.));
#9414 = DIRECTION('',(-1.,0.,0.));
#9415 = ADVANCED_FACE('',(#9416),#9432,.T.);
#9416 = FACE_BOUND('',#9417,.T.);
#9417 = EDGE_LOOP('',(#9418,#9424,#9425,#9431));
#9418 = ORIENTED_EDGE('',*,*,#9419,.T.);
#9419 = EDGE_CURVE('',#1324,#4766,#9420,.T.);
#9420 = LINE('',#9421,#9422);
#9421 = CARTESIAN_POINT('',(164.451,-78.434,0.));
#9422 = VECTOR('',#9423,1.);
#9423 = DIRECTION('',(0.,0.,1.));
#9424 = ORIENTED_EDGE('',*,*,#4765,.T.);
#9425 = ORIENTED_EDGE('',*,*,#9426,.F.);
#9426 = EDGE_CURVE('',#1326,#4768,#9427,.T.);
#9427 = LINE('',#9428,#9429);
#9428 = CARTESIAN_POINT('',(178.451,-78.434,0.));
#9429 = VECTOR('',#9430,1.);
#9430 = DIRECTION('',(0.,0.,1.));
#9431 = ORIENTED_EDGE('',*,*,#1323,.F.);
#9432 = PLANE('',#9433);
#9433 = AXIS2_PLACEMENT_3D('',#9434,#9435,#9436);
#9434 = CARTESIAN_POINT('',(164.451,-78.434,0.));
#9435 = DIRECTION('',(0.,1.,0.));
#9436 = DIRECTION('',(1.,0.,0.));
#9437 = ADVANCED_FACE('',(#9438),#9449,.T.);
#9438 = FACE_BOUND('',#9439,.T.);
#9439 = EDGE_LOOP('',(#9440,#9446,#9447,#9448));
#9440 = ORIENTED_EDGE('',*,*,#9441,.T.);
#9441 = EDGE_CURVE('',#1334,#4776,#9442,.T.);
#9442 = LINE('',#9443,#9444);
#9443 = CARTESIAN_POINT('',(164.451,-64.434,0.));
#9444 = VECTOR('',#9445,1.);
#9445 = DIRECTION('',(0.,0.,1.));
#9446 = ORIENTED_EDGE('',*,*,#4775,.T.);
#9447 = ORIENTED_EDGE('',*,*,#9419,.F.);
#9448 = ORIENTED_EDGE('',*,*,#1333,.F.);
#9449 = PLANE('',#9450);
#9450 = AXIS2_PLACEMENT_3D('',#9451,#9452,#9453);
#9451 = CARTESIAN_POINT('',(164.451,-64.434,0.));
#9452 = DIRECTION('',(1.,0.,-0.));
#9453 = DIRECTION('',(0.,-1.,0.));
#9454 = ADVANCED_FACE('',(#9455),#9466,.T.);
#9455 = FACE_BOUND('',#9456,.T.);
#9456 = EDGE_LOOP('',(#9457,#9458,#9459,#9465));
#9457 = ORIENTED_EDGE('',*,*,#9426,.T.);
#9458 = ORIENTED_EDGE('',*,*,#4791,.T.);
#9459 = ORIENTED_EDGE('',*,*,#9460,.F.);
#9460 = EDGE_CURVE('',#1342,#4784,#9461,.T.);
#9461 = LINE('',#9462,#9463);
#9462 = CARTESIAN_POINT('',(178.451,-64.434,0.));
#9463 = VECTOR('',#9464,1.);
#9464 = DIRECTION('',(0.,0.,1.));
#9465 = ORIENTED_EDGE('',*,*,#1349,.F.);
#9466 = PLANE('',#9467);
#9467 = AXIS2_PLACEMENT_3D('',#9468,#9469,#9470);
#9468 = CARTESIAN_POINT('',(178.451,-78.434,0.));
#9469 = DIRECTION('',(-1.,0.,0.));
#9470 = DIRECTION('',(0.,1.,0.));
#9471 = ADVANCED_FACE('',(#9472),#9478,.T.);
#9472 = FACE_BOUND('',#9473,.T.);
#9473 = EDGE_LOOP('',(#9474,#9475,#9476,#9477));
#9474 = ORIENTED_EDGE('',*,*,#9460,.T.);
#9475 = ORIENTED_EDGE('',*,*,#4783,.T.);
#9476 = ORIENTED_EDGE('',*,*,#9441,.F.);
#9477 = ORIENTED_EDGE('',*,*,#1341,.F.);
#9478 = PLANE('',#9479);
#9479 = AXIS2_PLACEMENT_3D('',#9480,#9481,#9482);
#9480 = CARTESIAN_POINT('',(178.451,-64.434,0.));
#9481 = DIRECTION('',(0.,-1.,0.));
#9482 = DIRECTION('',(-1.,0.,0.));
#9483 = ADVANCED_FACE('',(#9484),#9500,.T.);
#9484 = FACE_BOUND('',#9485,.T.);
#9485 = EDGE_LOOP('',(#9486,#9492,#9493,#9499));
#9486 = ORIENTED_EDGE('',*,*,#9487,.T.);
#9487 = EDGE_CURVE('',#1358,#4800,#9488,.T.);
#9488 = LINE('',#9489,#9490);
#9489 = CARTESIAN_POINT('',(183.501,-78.434,0.));
#9490 = VECTOR('',#9491,1.);
#9491 = DIRECTION('',(0.,0.,1.));
#9492 = ORIENTED_EDGE('',*,*,#4799,.T.);
#9493 = ORIENTED_EDGE('',*,*,#9494,.F.);
#9494 = EDGE_CURVE('',#1360,#4802,#9495,.T.);
#9495 = LINE('',#9496,#9497);
#9496 = CARTESIAN_POINT('',(197.501,-78.434,0.));
#9497 = VECTOR('',#9498,1.);
#9498 = DIRECTION('',(0.,0.,1.));
#9499 = ORIENTED_EDGE('',*,*,#1357,.F.);
#9500 = PLANE('',#9501);
#9501 = AXIS2_PLACEMENT_3D('',#9502,#9503,#9504);
#9502 = CARTESIAN_POINT('',(183.501,-78.434,0.));
#9503 = DIRECTION('',(0.,1.,0.));
#9504 = DIRECTION('',(1.,0.,0.));
#9505 = ADVANCED_FACE('',(#9506),#9517,.T.);
#9506 = FACE_BOUND('',#9507,.T.);
#9507 = EDGE_LOOP('',(#9508,#9514,#9515,#9516));
#9508 = ORIENTED_EDGE('',*,*,#9509,.T.);
#9509 = EDGE_CURVE('',#1368,#4810,#9510,.T.);
#9510 = LINE('',#9511,#9512);
#9511 = CARTESIAN_POINT('',(183.501,-64.434,0.));
#9512 = VECTOR('',#9513,1.);
#9513 = DIRECTION('',(0.,0.,1.));
#9514 = ORIENTED_EDGE('',*,*,#4809,.T.);
#9515 = ORIENTED_EDGE('',*,*,#9487,.F.);
#9516 = ORIENTED_EDGE('',*,*,#1367,.F.);
#9517 = PLANE('',#9518);
#9518 = AXIS2_PLACEMENT_3D('',#9519,#9520,#9521);
#9519 = CARTESIAN_POINT('',(183.501,-64.434,0.));
#9520 = DIRECTION('',(1.,0.,-0.));
#9521 = DIRECTION('',(0.,-1.,0.));
#9522 = ADVANCED_FACE('',(#9523),#9534,.T.);
#9523 = FACE_BOUND('',#9524,.T.);
#9524 = EDGE_LOOP('',(#9525,#9526,#9527,#9533));
#9525 = ORIENTED_EDGE('',*,*,#9494,.T.);
#9526 = ORIENTED_EDGE('',*,*,#4825,.T.);
#9527 = ORIENTED_EDGE('',*,*,#9528,.F.);
#9528 = EDGE_CURVE('',#1376,#4818,#9529,.T.);
#9529 = LINE('',#9530,#9531);
#9530 = CARTESIAN_POINT('',(197.501,-64.434,0.));
#9531 = VECTOR('',#9532,1.);
#9532 = DIRECTION('',(0.,0.,1.));
#9533 = ORIENTED_EDGE('',*,*,#1383,.F.);
#9534 = PLANE('',#9535);
#9535 = AXIS2_PLACEMENT_3D('',#9536,#9537,#9538);
#9536 = CARTESIAN_POINT('',(197.501,-78.434,0.));
#9537 = DIRECTION('',(-1.,0.,0.));
#9538 = DIRECTION('',(0.,1.,0.));
#9539 = ADVANCED_FACE('',(#9540),#9546,.T.);
#9540 = FACE_BOUND('',#9541,.T.);
#9541 = EDGE_LOOP('',(#9542,#9543,#9544,#9545));
#9542 = ORIENTED_EDGE('',*,*,#9528,.T.);
#9543 = ORIENTED_EDGE('',*,*,#4817,.T.);
#9544 = ORIENTED_EDGE('',*,*,#9509,.F.);
#9545 = ORIENTED_EDGE('',*,*,#1375,.F.);
#9546 = PLANE('',#9547);
#9547 = AXIS2_PLACEMENT_3D('',#9548,#9549,#9550);
#9548 = CARTESIAN_POINT('',(197.501,-64.434,0.));
#9549 = DIRECTION('',(0.,-1.,0.));
#9550 = DIRECTION('',(-1.,0.,0.));
#9551 = ADVANCED_FACE('',(#9552),#9568,.T.);
#9552 = FACE_BOUND('',#9553,.T.);
#9553 = EDGE_LOOP('',(#9554,#9560,#9561,#9567));
#9554 = ORIENTED_EDGE('',*,*,#9555,.T.);
#9555 = EDGE_CURVE('',#1392,#4834,#9556,.T.);
#9556 = LINE('',#9557,#9558);
#9557 = CARTESIAN_POINT('',(202.551,-78.434,0.));
#9558 = VECTOR('',#9559,1.);
#9559 = DIRECTION('',(0.,0.,1.));
#9560 = ORIENTED_EDGE('',*,*,#4833,.T.);
#9561 = ORIENTED_EDGE('',*,*,#9562,.F.);
#9562 = EDGE_CURVE('',#1394,#4836,#9563,.T.);
#9563 = LINE('',#9564,#9565);
#9564 = CARTESIAN_POINT('',(216.551,-78.434,0.));
#9565 = VECTOR('',#9566,1.);
#9566 = DIRECTION('',(0.,0.,1.));
#9567 = ORIENTED_EDGE('',*,*,#1391,.F.);
#9568 = PLANE('',#9569);
#9569 = AXIS2_PLACEMENT_3D('',#9570,#9571,#9572);
#9570 = CARTESIAN_POINT('',(202.551,-78.434,0.));
#9571 = DIRECTION('',(0.,1.,0.));
#9572 = DIRECTION('',(1.,0.,0.));
#9573 = ADVANCED_FACE('',(#9574),#9585,.T.);
#9574 = FACE_BOUND('',#9575,.T.);
#9575 = EDGE_LOOP('',(#9576,#9582,#9583,#9584));
#9576 = ORIENTED_EDGE('',*,*,#9577,.T.);
#9577 = EDGE_CURVE('',#1402,#4844,#9578,.T.);
#9578 = LINE('',#9579,#9580);
#9579 = CARTESIAN_POINT('',(202.551,-64.434,0.));
#9580 = VECTOR('',#9581,1.);
#9581 = DIRECTION('',(0.,0.,1.));
#9582 = ORIENTED_EDGE('',*,*,#4843,.T.);
#9583 = ORIENTED_EDGE('',*,*,#9555,.F.);
#9584 = ORIENTED_EDGE('',*,*,#1401,.F.);
#9585 = PLANE('',#9586);
#9586 = AXIS2_PLACEMENT_3D('',#9587,#9588,#9589);
#9587 = CARTESIAN_POINT('',(202.551,-64.434,0.));
#9588 = DIRECTION('',(1.,0.,-0.));
#9589 = DIRECTION('',(0.,-1.,0.));
#9590 = ADVANCED_FACE('',(#9591),#9602,.T.);
#9591 = FACE_BOUND('',#9592,.T.);
#9592 = EDGE_LOOP('',(#9593,#9594,#9595,#9601));
#9593 = ORIENTED_EDGE('',*,*,#9562,.T.);
#9594 = ORIENTED_EDGE('',*,*,#4859,.T.);
#9595 = ORIENTED_EDGE('',*,*,#9596,.F.);
#9596 = EDGE_CURVE('',#1410,#4852,#9597,.T.);
#9597 = LINE('',#9598,#9599);
#9598 = CARTESIAN_POINT('',(216.551,-64.434,0.));
#9599 = VECTOR('',#9600,1.);
#9600 = DIRECTION('',(0.,0.,1.));
#9601 = ORIENTED_EDGE('',*,*,#1417,.F.);
#9602 = PLANE('',#9603);
#9603 = AXIS2_PLACEMENT_3D('',#9604,#9605,#9606);
#9604 = CARTESIAN_POINT('',(216.551,-78.434,0.));
#9605 = DIRECTION('',(-1.,0.,0.));
#9606 = DIRECTION('',(0.,1.,0.));
#9607 = ADVANCED_FACE('',(#9608),#9614,.T.);
#9608 = FACE_BOUND('',#9609,.T.);
#9609 = EDGE_LOOP('',(#9610,#9611,#9612,#9613));
#9610 = ORIENTED_EDGE('',*,*,#9596,.T.);
#9611 = ORIENTED_EDGE('',*,*,#4851,.T.);
#9612 = ORIENTED_EDGE('',*,*,#9577,.F.);
#9613 = ORIENTED_EDGE('',*,*,#1409,.F.);
#9614 = PLANE('',#9615);
#9615 = AXIS2_PLACEMENT_3D('',#9616,#9617,#9618);
#9616 = CARTESIAN_POINT('',(216.551,-64.434,0.));
#9617 = DIRECTION('',(0.,-1.,0.));
#9618 = DIRECTION('',(-1.,0.,0.));
#9619 = ADVANCED_FACE('',(#9620),#9636,.T.);
#9620 = FACE_BOUND('',#9621,.T.);
#9621 = EDGE_LOOP('',(#9622,#9628,#9629,#9635));
#9622 = ORIENTED_EDGE('',*,*,#9623,.T.);
#9623 = EDGE_CURVE('',#1426,#4868,#9624,.T.);
#9624 = LINE('',#9625,#9626);
#9625 = CARTESIAN_POINT('',(221.601,-78.434,0.));
#9626 = VECTOR('',#9627,1.);
#9627 = DIRECTION('',(0.,0.,1.));
#9628 = ORIENTED_EDGE('',*,*,#4867,.T.);
#9629 = ORIENTED_EDGE('',*,*,#9630,.F.);
#9630 = EDGE_CURVE('',#1428,#4870,#9631,.T.);
#9631 = LINE('',#9632,#9633);
#9632 = CARTESIAN_POINT('',(235.601,-78.434,0.));
#9633 = VECTOR('',#9634,1.);
#9634 = DIRECTION('',(0.,0.,1.));
#9635 = ORIENTED_EDGE('',*,*,#1425,.F.);
#9636 = PLANE('',#9637);
#9637 = AXIS2_PLACEMENT_3D('',#9638,#9639,#9640);
#9638 = CARTESIAN_POINT('',(221.601,-78.434,0.));
#9639 = DIRECTION('',(0.,1.,0.));
#9640 = DIRECTION('',(1.,0.,0.));
#9641 = ADVANCED_FACE('',(#9642),#9653,.T.);
#9642 = FACE_BOUND('',#9643,.T.);
#9643 = EDGE_LOOP('',(#9644,#9650,#9651,#9652));
#9644 = ORIENTED_EDGE('',*,*,#9645,.T.);
#9645 = EDGE_CURVE('',#1436,#4878,#9646,.T.);
#9646 = LINE('',#9647,#9648);
#9647 = CARTESIAN_POINT('',(221.601,-64.434,0.));
#9648 = VECTOR('',#9649,1.);
#9649 = DIRECTION('',(0.,0.,1.));
#9650 = ORIENTED_EDGE('',*,*,#4877,.T.);
#9651 = ORIENTED_EDGE('',*,*,#9623,.F.);
#9652 = ORIENTED_EDGE('',*,*,#1435,.F.);
#9653 = PLANE('',#9654);
#9654 = AXIS2_PLACEMENT_3D('',#9655,#9656,#9657);
#9655 = CARTESIAN_POINT('',(221.601,-64.434,0.));
#9656 = DIRECTION('',(1.,0.,-0.));
#9657 = DIRECTION('',(0.,-1.,0.));
#9658 = ADVANCED_FACE('',(#9659),#9670,.T.);
#9659 = FACE_BOUND('',#9660,.T.);
#9660 = EDGE_LOOP('',(#9661,#9662,#9663,#9669));
#9661 = ORIENTED_EDGE('',*,*,#9630,.T.);
#9662 = ORIENTED_EDGE('',*,*,#4893,.T.);
#9663 = ORIENTED_EDGE('',*,*,#9664,.F.);
#9664 = EDGE_CURVE('',#1444,#4886,#9665,.T.);
#9665 = LINE('',#9666,#9667);
#9666 = CARTESIAN_POINT('',(235.601,-64.434,0.));
#9667 = VECTOR('',#9668,1.);
#9668 = DIRECTION('',(0.,0.,1.));
#9669 = ORIENTED_EDGE('',*,*,#1451,.F.);
#9670 = PLANE('',#9671);
#9671 = AXIS2_PLACEMENT_3D('',#9672,#9673,#9674);
#9672 = CARTESIAN_POINT('',(235.601,-78.434,0.));
#9673 = DIRECTION('',(-1.,0.,0.));
#9674 = DIRECTION('',(0.,1.,0.));
#9675 = ADVANCED_FACE('',(#9676),#9682,.T.);
#9676 = FACE_BOUND('',#9677,.T.);
#9677 = EDGE_LOOP('',(#9678,#9679,#9680,#9681));
#9678 = ORIENTED_EDGE('',*,*,#9664,.T.);
#9679 = ORIENTED_EDGE('',*,*,#4885,.T.);
#9680 = ORIENTED_EDGE('',*,*,#9645,.F.);
#9681 = ORIENTED_EDGE('',*,*,#1443,.F.);
#9682 = PLANE('',#9683);
#9683 = AXIS2_PLACEMENT_3D('',#9684,#9685,#9686);
#9684 = CARTESIAN_POINT('',(235.601,-64.434,0.));
#9685 = DIRECTION('',(0.,-1.,0.));
#9686 = DIRECTION('',(-1.,0.,0.));
#9687 = ADVANCED_FACE('',(#9688),#9704,.T.);
#9688 = FACE_BOUND('',#9689,.T.);
#9689 = EDGE_LOOP('',(#9690,#9696,#9697,#9703));
#9690 = ORIENTED_EDGE('',*,*,#9691,.T.);
#9691 = EDGE_CURVE('',#1460,#4902,#9692,.T.);
#9692 = LINE('',#9693,#9694);
#9693 = CARTESIAN_POINT('',(247.794,-78.434,0.));
#9694 = VECTOR('',#9695,1.);
#9695 = DIRECTION('',(0.,0.,1.));
#9696 = ORIENTED_EDGE('',*,*,#4901,.T.);
#9697 = ORIENTED_EDGE('',*,*,#9698,.F.);
#9698 = EDGE_CURVE('',#1462,#4904,#9699,.T.);
#9699 = LINE('',#9700,#9701);
#9700 = CARTESIAN_POINT('',(261.794,-78.434,0.));
#9701 = VECTOR('',#9702,1.);
#9702 = DIRECTION('',(0.,0.,1.));
#9703 = ORIENTED_EDGE('',*,*,#1459,.F.);
#9704 = PLANE('',#9705);
#9705 = AXIS2_PLACEMENT_3D('',#9706,#9707,#9708);
#9706 = CARTESIAN_POINT('',(247.794,-78.434,0.));
#9707 = DIRECTION('',(0.,1.,0.));
#9708 = DIRECTION('',(1.,0.,0.));
#9709 = ADVANCED_FACE('',(#9710),#9721,.T.);
#9710 = FACE_BOUND('',#9711,.T.);
#9711 = EDGE_LOOP('',(#9712,#9718,#9719,#9720));
#9712 = ORIENTED_EDGE('',*,*,#9713,.T.);
#9713 = EDGE_CURVE('',#1470,#4912,#9714,.T.);
#9714 = LINE('',#9715,#9716);
#9715 = CARTESIAN_POINT('',(247.794,-64.434,0.));
#9716 = VECTOR('',#9717,1.);
#9717 = DIRECTION('',(0.,0.,1.));
#9718 = ORIENTED_EDGE('',*,*,#4911,.T.);
#9719 = ORIENTED_EDGE('',*,*,#9691,.F.);
#9720 = ORIENTED_EDGE('',*,*,#1469,.F.);
#9721 = PLANE('',#9722);
#9722 = AXIS2_PLACEMENT_3D('',#9723,#9724,#9725);
#9723 = CARTESIAN_POINT('',(247.794,-64.434,0.));
#9724 = DIRECTION('',(1.,0.,-0.));
#9725 = DIRECTION('',(0.,-1.,0.));
#9726 = ADVANCED_FACE('',(#9727),#9738,.T.);
#9727 = FACE_BOUND('',#9728,.T.);
#9728 = EDGE_LOOP('',(#9729,#9730,#9731,#9737));
#9729 = ORIENTED_EDGE('',*,*,#9698,.T.);
#9730 = ORIENTED_EDGE('',*,*,#4927,.T.);
#9731 = ORIENTED_EDGE('',*,*,#9732,.F.);
#9732 = EDGE_CURVE('',#1478,#4920,#9733,.T.);
#9733 = LINE('',#9734,#9735);
#9734 = CARTESIAN_POINT('',(261.794,-64.434,0.));
#9735 = VECTOR('',#9736,1.);
#9736 = DIRECTION('',(0.,0.,1.));
#9737 = ORIENTED_EDGE('',*,*,#1485,.F.);
#9738 = PLANE('',#9739);
#9739 = AXIS2_PLACEMENT_3D('',#9740,#9741,#9742);
#9740 = CARTESIAN_POINT('',(261.794,-78.434,0.));
#9741 = DIRECTION('',(-1.,0.,0.));
#9742 = DIRECTION('',(0.,1.,0.));
#9743 = ADVANCED_FACE('',(#9744),#9750,.T.);
#9744 = FACE_BOUND('',#9745,.T.);
#9745 = EDGE_LOOP('',(#9746,#9747,#9748,#9749));
#9746 = ORIENTED_EDGE('',*,*,#9732,.T.);
#9747 = ORIENTED_EDGE('',*,*,#4919,.T.);
#9748 = ORIENTED_EDGE('',*,*,#9713,.F.);
#9749 = ORIENTED_EDGE('',*,*,#1477,.F.);
#9750 = PLANE('',#9751);
#9751 = AXIS2_PLACEMENT_3D('',#9752,#9753,#9754);
#9752 = CARTESIAN_POINT('',(261.794,-64.434,0.));
#9753 = DIRECTION('',(0.,-1.,0.));
#9754 = DIRECTION('',(-1.,0.,0.));
#9755 = ADVANCED_FACE('',(#9756),#9772,.T.);
#9756 = FACE_BOUND('',#9757,.T.);
#9757 = EDGE_LOOP('',(#9758,#9764,#9765,#9771));
#9758 = ORIENTED_EDGE('',*,*,#9759,.T.);
#9759 = EDGE_CURVE('',#1494,#4936,#9760,.T.);
#9760 = LINE('',#9761,#9762);
#9761 = CARTESIAN_POINT('',(278.751,-83.197,0.));
#9762 = VECTOR('',#9763,1.);
#9763 = DIRECTION('',(0.,0.,1.));
#9764 = ORIENTED_EDGE('',*,*,#4935,.T.);
#9765 = ORIENTED_EDGE('',*,*,#9766,.F.);
#9766 = EDGE_CURVE('',#1496,#4938,#9767,.T.);
#9767 = LINE('',#9768,#9769);
#9768 = CARTESIAN_POINT('',(292.751,-83.197,0.));
#9769 = VECTOR('',#9770,1.);
#9770 = DIRECTION('',(0.,0.,1.));
#9771 = ORIENTED_EDGE('',*,*,#1493,.F.);
#9772 = PLANE('',#9773);
#9773 = AXIS2_PLACEMENT_3D('',#9774,#9775,#9776);
#9774 = CARTESIAN_POINT('',(278.751,-83.197,0.));
#9775 = DIRECTION('',(0.,1.,0.));
#9776 = DIRECTION('',(1.,0.,0.));
#9777 = ADVANCED_FACE('',(#9778),#9789,.T.);
#9778 = FACE_BOUND('',#9779,.T.);
#9779 = EDGE_LOOP('',(#9780,#9786,#9787,#9788));
#9780 = ORIENTED_EDGE('',*,*,#9781,.T.);
#9781 = EDGE_CURVE('',#1504,#4946,#9782,.T.);
#9782 = LINE('',#9783,#9784);
#9783 = CARTESIAN_POINT('',(278.751,-69.197,0.));
#9784 = VECTOR('',#9785,1.);
#9785 = DIRECTION('',(0.,0.,1.));
#9786 = ORIENTED_EDGE('',*,*,#4945,.T.);
#9787 = ORIENTED_EDGE('',*,*,#9759,.F.);
#9788 = ORIENTED_EDGE('',*,*,#1503,.F.);
#9789 = PLANE('',#9790);
#9790 = AXIS2_PLACEMENT_3D('',#9791,#9792,#9793);
#9791 = CARTESIAN_POINT('',(278.751,-69.197,0.));
#9792 = DIRECTION('',(1.,0.,-0.));
#9793 = DIRECTION('',(0.,-1.,0.));
#9794 = ADVANCED_FACE('',(#9795),#9806,.T.);
#9795 = FACE_BOUND('',#9796,.T.);
#9796 = EDGE_LOOP('',(#9797,#9798,#9799,#9805));
#9797 = ORIENTED_EDGE('',*,*,#9766,.T.);
#9798 = ORIENTED_EDGE('',*,*,#4961,.T.);
#9799 = ORIENTED_EDGE('',*,*,#9800,.F.);
#9800 = EDGE_CURVE('',#1512,#4954,#9801,.T.);
#9801 = LINE('',#9802,#9803);
#9802 = CARTESIAN_POINT('',(292.751,-69.197,0.));
#9803 = VECTOR('',#9804,1.);
#9804 = DIRECTION('',(0.,0.,1.));
#9805 = ORIENTED_EDGE('',*,*,#1519,.F.);
#9806 = PLANE('',#9807);
#9807 = AXIS2_PLACEMENT_3D('',#9808,#9809,#9810);
#9808 = CARTESIAN_POINT('',(292.751,-83.197,0.));
#9809 = DIRECTION('',(-1.,0.,0.));
#9810 = DIRECTION('',(0.,1.,0.));
#9811 = ADVANCED_FACE('',(#9812),#9818,.T.);
#9812 = FACE_BOUND('',#9813,.T.);
#9813 = EDGE_LOOP('',(#9814,#9815,#9816,#9817));
#9814 = ORIENTED_EDGE('',*,*,#9800,.T.);
#9815 = ORIENTED_EDGE('',*,*,#4953,.T.);
#9816 = ORIENTED_EDGE('',*,*,#9781,.F.);
#9817 = ORIENTED_EDGE('',*,*,#1511,.F.);
#9818 = PLANE('',#9819);
#9819 = AXIS2_PLACEMENT_3D('',#9820,#9821,#9822);
#9820 = CARTESIAN_POINT('',(292.751,-69.197,0.));
#9821 = DIRECTION('',(0.,-1.,0.));
#9822 = DIRECTION('',(-1.,0.,0.));
#9823 = ADVANCED_FACE('',(#9824),#9840,.T.);
#9824 = FACE_BOUND('',#9825,.T.);
#9825 = EDGE_LOOP('',(#9826,#9832,#9833,#9839));
#9826 = ORIENTED_EDGE('',*,*,#9827,.T.);
#9827 = EDGE_CURVE('',#1528,#4970,#9828,.T.);
#9828 = LINE('',#9829,#9830);
#9829 = CARTESIAN_POINT('',(302.563,-78.434,0.));
#9830 = VECTOR('',#9831,1.);
#9831 = DIRECTION('',(0.,0.,1.));
#9832 = ORIENTED_EDGE('',*,*,#4969,.T.);
#9833 = ORIENTED_EDGE('',*,*,#9834,.F.);
#9834 = EDGE_CURVE('',#1530,#4972,#9835,.T.);
#9835 = LINE('',#9836,#9837);
#9836 = CARTESIAN_POINT('',(316.563,-78.434,0.));
#9837 = VECTOR('',#9838,1.);
#9838 = DIRECTION('',(0.,0.,1.));
#9839 = ORIENTED_EDGE('',*,*,#1527,.F.);
#9840 = PLANE('',#9841);
#9841 = AXIS2_PLACEMENT_3D('',#9842,#9843,#9844);
#9842 = CARTESIAN_POINT('',(302.563,-78.434,0.));
#9843 = DIRECTION('',(0.,1.,0.));
#9844 = DIRECTION('',(1.,0.,0.));
#9845 = ADVANCED_FACE('',(#9846),#9857,.T.);
#9846 = FACE_BOUND('',#9847,.T.);
#9847 = EDGE_LOOP('',(#9848,#9854,#9855,#9856));
#9848 = ORIENTED_EDGE('',*,*,#9849,.T.);
#9849 = EDGE_CURVE('',#1538,#4980,#9850,.T.);
#9850 = LINE('',#9851,#9852);
#9851 = CARTESIAN_POINT('',(302.563,-64.434,0.));
#9852 = VECTOR('',#9853,1.);
#9853 = DIRECTION('',(0.,0.,1.));
#9854 = ORIENTED_EDGE('',*,*,#4979,.T.);
#9855 = ORIENTED_EDGE('',*,*,#9827,.F.);
#9856 = ORIENTED_EDGE('',*,*,#1537,.F.);
#9857 = PLANE('',#9858);
#9858 = AXIS2_PLACEMENT_3D('',#9859,#9860,#9861);
#9859 = CARTESIAN_POINT('',(302.563,-64.434,0.));
#9860 = DIRECTION('',(1.,0.,-0.));
#9861 = DIRECTION('',(0.,-1.,0.));
#9862 = ADVANCED_FACE('',(#9863),#9874,.T.);
#9863 = FACE_BOUND('',#9864,.T.);
#9864 = EDGE_LOOP('',(#9865,#9866,#9867,#9873));
#9865 = ORIENTED_EDGE('',*,*,#9834,.T.);
#9866 = ORIENTED_EDGE('',*,*,#4995,.T.);
#9867 = ORIENTED_EDGE('',*,*,#9868,.F.);
#9868 = EDGE_CURVE('',#1546,#4988,#9869,.T.);
#9869 = LINE('',#9870,#9871);
#9870 = CARTESIAN_POINT('',(316.563,-64.434,0.));
#9871 = VECTOR('',#9872,1.);
#9872 = DIRECTION('',(0.,0.,1.));
#9873 = ORIENTED_EDGE('',*,*,#1553,.F.);
#9874 = PLANE('',#9875);
#9875 = AXIS2_PLACEMENT_3D('',#9876,#9877,#9878);
#9876 = CARTESIAN_POINT('',(316.563,-78.434,0.));
#9877 = DIRECTION('',(-1.,0.,0.));
#9878 = DIRECTION('',(0.,1.,0.));
#9879 = ADVANCED_FACE('',(#9880),#9886,.T.);
#9880 = FACE_BOUND('',#9881,.T.);
#9881 = EDGE_LOOP('',(#9882,#9883,#9884,#9885));
#9882 = ORIENTED_EDGE('',*,*,#9868,.T.);
#9883 = ORIENTED_EDGE('',*,*,#4987,.T.);
#9884 = ORIENTED_EDGE('',*,*,#9849,.F.);
#9885 = ORIENTED_EDGE('',*,*,#1545,.F.);
#9886 = PLANE('',#9887);
#9887 = AXIS2_PLACEMENT_3D('',#9888,#9889,#9890);
#9888 = CARTESIAN_POINT('',(316.563,-64.434,0.));
#9889 = DIRECTION('',(0.,-1.,0.));
#9890 = DIRECTION('',(-1.,0.,0.));
#9891 = ADVANCED_FACE('',(#9892),#9908,.T.);
#9892 = FACE_BOUND('',#9893,.T.);
#9893 = EDGE_LOOP('',(#9894,#9900,#9901,#9907));
#9894 = ORIENTED_EDGE('',*,*,#9895,.T.);
#9895 = EDGE_CURVE('',#1562,#5004,#9896,.T.);
#9896 = LINE('',#9897,#9898);
#9897 = CARTESIAN_POINT('',(14.432,-59.384,0.));
#9898 = VECTOR('',#9899,1.);
#9899 = DIRECTION('',(0.,0.,1.));
#9900 = ORIENTED_EDGE('',*,*,#5003,.T.);
#9901 = ORIENTED_EDGE('',*,*,#9902,.F.);
#9902 = EDGE_CURVE('',#1564,#5006,#9903,.T.);
#9903 = LINE('',#9904,#9905);
#9904 = CARTESIAN_POINT('',(28.432,-59.384,0.));
#9905 = VECTOR('',#9906,1.);
#9906 = DIRECTION('',(0.,0.,1.));
#9907 = ORIENTED_EDGE('',*,*,#1561,.F.);
#9908 = PLANE('',#9909);
#9909 = AXIS2_PLACEMENT_3D('',#9910,#9911,#9912);
#9910 = CARTESIAN_POINT('',(14.432,-59.384,0.));
#9911 = DIRECTION('',(0.,1.,0.));
#9912 = DIRECTION('',(1.,0.,0.));
#9913 = ADVANCED_FACE('',(#9914),#9925,.T.);
#9914 = FACE_BOUND('',#9915,.T.);
#9915 = EDGE_LOOP('',(#9916,#9922,#9923,#9924));
#9916 = ORIENTED_EDGE('',*,*,#9917,.T.);
#9917 = EDGE_CURVE('',#1572,#5014,#9918,.T.);
#9918 = LINE('',#9919,#9920);
#9919 = CARTESIAN_POINT('',(14.432,-45.384,0.));
#9920 = VECTOR('',#9921,1.);
#9921 = DIRECTION('',(0.,0.,1.));
#9922 = ORIENTED_EDGE('',*,*,#5013,.T.);
#9923 = ORIENTED_EDGE('',*,*,#9895,.F.);
#9924 = ORIENTED_EDGE('',*,*,#1571,.F.);
#9925 = PLANE('',#9926);
#9926 = AXIS2_PLACEMENT_3D('',#9927,#9928,#9929);
#9927 = CARTESIAN_POINT('',(14.432,-45.384,0.));
#9928 = DIRECTION('',(1.,0.,-0.));
#9929 = DIRECTION('',(0.,-1.,0.));
#9930 = ADVANCED_FACE('',(#9931),#9942,.T.);
#9931 = FACE_BOUND('',#9932,.T.);
#9932 = EDGE_LOOP('',(#9933,#9934,#9935,#9941));
#9933 = ORIENTED_EDGE('',*,*,#9902,.T.);
#9934 = ORIENTED_EDGE('',*,*,#5029,.T.);
#9935 = ORIENTED_EDGE('',*,*,#9936,.F.);
#9936 = EDGE_CURVE('',#1580,#5022,#9937,.T.);
#9937 = LINE('',#9938,#9939);
#9938 = CARTESIAN_POINT('',(28.432,-45.384,0.));
#9939 = VECTOR('',#9940,1.);
#9940 = DIRECTION('',(0.,0.,1.));
#9941 = ORIENTED_EDGE('',*,*,#1587,.F.);
#9942 = PLANE('',#9943);
#9943 = AXIS2_PLACEMENT_3D('',#9944,#9945,#9946);
#9944 = CARTESIAN_POINT('',(28.432,-59.384,0.));
#9945 = DIRECTION('',(-1.,0.,0.));
#9946 = DIRECTION('',(0.,1.,0.));
#9947 = ADVANCED_FACE('',(#9948),#9954,.T.);
#9948 = FACE_BOUND('',#9949,.T.);
#9949 = EDGE_LOOP('',(#9950,#9951,#9952,#9953));
#9950 = ORIENTED_EDGE('',*,*,#9936,.T.);
#9951 = ORIENTED_EDGE('',*,*,#5021,.T.);
#9952 = ORIENTED_EDGE('',*,*,#9917,.F.);
#9953 = ORIENTED_EDGE('',*,*,#1579,.F.);
#9954 = PLANE('',#9955);
#9955 = AXIS2_PLACEMENT_3D('',#9956,#9957,#9958);
#9956 = CARTESIAN_POINT('',(28.432,-45.384,0.));
#9957 = DIRECTION('',(0.,-1.,0.));
#9958 = DIRECTION('',(-1.,0.,0.));
#9959 = ADVANCED_FACE('',(#9960),#9976,.T.);
#9960 = FACE_BOUND('',#9961,.T.);
#9961 = EDGE_LOOP('',(#9962,#9968,#9969,#9975));
#9962 = ORIENTED_EDGE('',*,*,#9963,.T.);
#9963 = EDGE_CURVE('',#1596,#5038,#9964,.T.);
#9964 = LINE('',#9965,#9966);
#9965 = CARTESIAN_POINT('',(40.626,-59.384,0.));
#9966 = VECTOR('',#9967,1.);
#9967 = DIRECTION('',(0.,0.,1.));
#9968 = ORIENTED_EDGE('',*,*,#5037,.T.);
#9969 = ORIENTED_EDGE('',*,*,#9970,.F.);
#9970 = EDGE_CURVE('',#1598,#5040,#9971,.T.);
#9971 = LINE('',#9972,#9973);
#9972 = CARTESIAN_POINT('',(54.626,-59.384,0.));
#9973 = VECTOR('',#9974,1.);
#9974 = DIRECTION('',(0.,0.,1.));
#9975 = ORIENTED_EDGE('',*,*,#1595,.F.);
#9976 = PLANE('',#9977);
#9977 = AXIS2_PLACEMENT_3D('',#9978,#9979,#9980);
#9978 = CARTESIAN_POINT('',(40.626,-59.384,0.));
#9979 = DIRECTION('',(0.,1.,0.));
#9980 = DIRECTION('',(1.,0.,0.));
#9981 = ADVANCED_FACE('',(#9982),#9993,.T.);
#9982 = FACE_BOUND('',#9983,.T.);
#9983 = EDGE_LOOP('',(#9984,#9990,#9991,#9992));
#9984 = ORIENTED_EDGE('',*,*,#9985,.T.);
#9985 = EDGE_CURVE('',#1606,#5048,#9986,.T.);
#9986 = LINE('',#9987,#9988);
#9987 = CARTESIAN_POINT('',(40.626,-45.384,0.));
#9988 = VECTOR('',#9989,1.);
#9989 = DIRECTION('',(0.,0.,1.));
#9990 = ORIENTED_EDGE('',*,*,#5047,.T.);
#9991 = ORIENTED_EDGE('',*,*,#9963,.F.);
#9992 = ORIENTED_EDGE('',*,*,#1605,.F.);
#9993 = PLANE('',#9994);
#9994 = AXIS2_PLACEMENT_3D('',#9995,#9996,#9997);
#9995 = CARTESIAN_POINT('',(40.626,-45.384,0.));
#9996 = DIRECTION('',(1.,0.,-0.));
#9997 = DIRECTION('',(0.,-1.,0.));
#9998 = ADVANCED_FACE('',(#9999),#10010,.T.);
#9999 = FACE_BOUND('',#10000,.T.);
#10000 = EDGE_LOOP('',(#10001,#10002,#10003,#10009));
#10001 = ORIENTED_EDGE('',*,*,#9970,.T.);
#10002 = ORIENTED_EDGE('',*,*,#5063,.T.);
#10003 = ORIENTED_EDGE('',*,*,#10004,.F.);
#10004 = EDGE_CURVE('',#1614,#5056,#10005,.T.);
#10005 = LINE('',#10006,#10007);
#10006 = CARTESIAN_POINT('',(54.626,-45.384,0.));
#10007 = VECTOR('',#10008,1.);
#10008 = DIRECTION('',(0.,0.,1.));
#10009 = ORIENTED_EDGE('',*,*,#1621,.F.);
#10010 = PLANE('',#10011);
#10011 = AXIS2_PLACEMENT_3D('',#10012,#10013,#10014);
#10012 = CARTESIAN_POINT('',(54.626,-59.384,0.));
#10013 = DIRECTION('',(-1.,0.,0.));
#10014 = DIRECTION('',(0.,1.,0.));
#10015 = ADVANCED_FACE('',(#10016),#10022,.T.);
#10016 = FACE_BOUND('',#10017,.T.);
#10017 = EDGE_LOOP('',(#10018,#10019,#10020,#10021));
#10018 = ORIENTED_EDGE('',*,*,#10004,.T.);
#10019 = ORIENTED_EDGE('',*,*,#5055,.T.);
#10020 = ORIENTED_EDGE('',*,*,#9985,.F.);
#10021 = ORIENTED_EDGE('',*,*,#1613,.F.);
#10022 = PLANE('',#10023);
#10023 = AXIS2_PLACEMENT_3D('',#10024,#10025,#10026);
#10024 = CARTESIAN_POINT('',(54.626,-45.384,0.));
#10025 = DIRECTION('',(0.,-1.,0.));
#10026 = DIRECTION('',(-1.,0.,0.));
#10027 = ADVANCED_FACE('',(#10028),#10044,.T.);
#10028 = FACE_BOUND('',#10029,.T.);
#10029 = EDGE_LOOP('',(#10030,#10036,#10037,#10043));
#10030 = ORIENTED_EDGE('',*,*,#10031,.T.);
#10031 = EDGE_CURVE('',#1630,#5072,#10032,.T.);
#10032 = LINE('',#10033,#10034);
#10033 = CARTESIAN_POINT('',(59.676,-59.384,0.));
#10034 = VECTOR('',#10035,1.);
#10035 = DIRECTION('',(0.,0.,1.));
#10036 = ORIENTED_EDGE('',*,*,#5071,.T.);
#10037 = ORIENTED_EDGE('',*,*,#10038,.F.);
#10038 = EDGE_CURVE('',#1632,#5074,#10039,.T.);
#10039 = LINE('',#10040,#10041);
#10040 = CARTESIAN_POINT('',(73.676,-59.384,0.));
#10041 = VECTOR('',#10042,1.);
#10042 = DIRECTION('',(0.,0.,1.));
#10043 = ORIENTED_EDGE('',*,*,#1629,.F.);
#10044 = PLANE('',#10045);
#10045 = AXIS2_PLACEMENT_3D('',#10046,#10047,#10048);
#10046 = CARTESIAN_POINT('',(59.676,-59.384,0.));
#10047 = DIRECTION('',(0.,1.,0.));
#10048 = DIRECTION('',(1.,0.,0.));
#10049 = ADVANCED_FACE('',(#10050),#10061,.T.);
#10050 = FACE_BOUND('',#10051,.T.);
#10051 = EDGE_LOOP('',(#10052,#10058,#10059,#10060));
#10052 = ORIENTED_EDGE('',*,*,#10053,.T.);
#10053 = EDGE_CURVE('',#1640,#5082,#10054,.T.);
#10054 = LINE('',#10055,#10056);
#10055 = CARTESIAN_POINT('',(59.676,-45.384,0.));
#10056 = VECTOR('',#10057,1.);
#10057 = DIRECTION('',(0.,0.,1.));
#10058 = ORIENTED_EDGE('',*,*,#5081,.T.);
#10059 = ORIENTED_EDGE('',*,*,#10031,.F.);
#10060 = ORIENTED_EDGE('',*,*,#1639,.F.);
#10061 = PLANE('',#10062);
#10062 = AXIS2_PLACEMENT_3D('',#10063,#10064,#10065);
#10063 = CARTESIAN_POINT('',(59.676,-45.384,0.));
#10064 = DIRECTION('',(1.,0.,-0.));
#10065 = DIRECTION('',(0.,-1.,0.));
#10066 = ADVANCED_FACE('',(#10067),#10078,.T.);
#10067 = FACE_BOUND('',#10068,.T.);
#10068 = EDGE_LOOP('',(#10069,#10070,#10071,#10077));
#10069 = ORIENTED_EDGE('',*,*,#10038,.T.);
#10070 = ORIENTED_EDGE('',*,*,#5097,.T.);
#10071 = ORIENTED_EDGE('',*,*,#10072,.F.);
#10072 = EDGE_CURVE('',#1648,#5090,#10073,.T.);
#10073 = LINE('',#10074,#10075);
#10074 = CARTESIAN_POINT('',(73.676,-45.384,0.));
#10075 = VECTOR('',#10076,1.);
#10076 = DIRECTION('',(0.,0.,1.));
#10077 = ORIENTED_EDGE('',*,*,#1655,.F.);
#10078 = PLANE('',#10079);
#10079 = AXIS2_PLACEMENT_3D('',#10080,#10081,#10082);
#10080 = CARTESIAN_POINT('',(73.676,-59.384,0.));
#10081 = DIRECTION('',(-1.,0.,0.));
#10082 = DIRECTION('',(0.,1.,0.));
#10083 = ADVANCED_FACE('',(#10084),#10090,.T.);
#10084 = FACE_BOUND('',#10085,.T.);
#10085 = EDGE_LOOP('',(#10086,#10087,#10088,#10089));
#10086 = ORIENTED_EDGE('',*,*,#10072,.T.);
#10087 = ORIENTED_EDGE('',*,*,#5089,.T.);
#10088 = ORIENTED_EDGE('',*,*,#10053,.F.);
#10089 = ORIENTED_EDGE('',*,*,#1647,.F.);
#10090 = PLANE('',#10091);
#10091 = AXIS2_PLACEMENT_3D('',#10092,#10093,#10094);
#10092 = CARTESIAN_POINT('',(73.676,-45.384,0.));
#10093 = DIRECTION('',(0.,-1.,0.));
#10094 = DIRECTION('',(-1.,0.,0.));
#10095 = ADVANCED_FACE('',(#10096),#10112,.T.);
#10096 = FACE_BOUND('',#10097,.T.);
#10097 = EDGE_LOOP('',(#10098,#10104,#10105,#10111));
#10098 = ORIENTED_EDGE('',*,*,#10099,.T.);
#10099 = EDGE_CURVE('',#1664,#5106,#10100,.T.);
#10100 = LINE('',#10101,#10102);
#10101 = CARTESIAN_POINT('',(12.051,-40.334,0.));
#10102 = VECTOR('',#10103,1.);
#10103 = DIRECTION('',(0.,0.,1.));
#10104 = ORIENTED_EDGE('',*,*,#5105,.T.);
#10105 = ORIENTED_EDGE('',*,*,#10106,.F.);
#10106 = EDGE_CURVE('',#1666,#5108,#10107,.T.);
#10107 = LINE('',#10108,#10109);
#10108 = CARTESIAN_POINT('',(26.051,-40.334,0.));
#10109 = VECTOR('',#10110,1.);
#10110 = DIRECTION('',(0.,0.,1.));
#10111 = ORIENTED_EDGE('',*,*,#1663,.F.);
#10112 = PLANE('',#10113);
#10113 = AXIS2_PLACEMENT_3D('',#10114,#10115,#10116);
#10114 = CARTESIAN_POINT('',(12.051,-40.334,0.));
#10115 = DIRECTION('',(0.,1.,0.));
#10116 = DIRECTION('',(1.,0.,0.));
#10117 = ADVANCED_FACE('',(#10118),#10129,.T.);
#10118 = FACE_BOUND('',#10119,.T.);
#10119 = EDGE_LOOP('',(#10120,#10126,#10127,#10128));
#10120 = ORIENTED_EDGE('',*,*,#10121,.T.);
#10121 = EDGE_CURVE('',#1674,#5116,#10122,.T.);
#10122 = LINE('',#10123,#10124);
#10123 = CARTESIAN_POINT('',(12.051,-26.334,0.));
#10124 = VECTOR('',#10125,1.);
#10125 = DIRECTION('',(0.,0.,1.));
#10126 = ORIENTED_EDGE('',*,*,#5115,.T.);
#10127 = ORIENTED_EDGE('',*,*,#10099,.F.);
#10128 = ORIENTED_EDGE('',*,*,#1673,.F.);
#10129 = PLANE('',#10130);
#10130 = AXIS2_PLACEMENT_3D('',#10131,#10132,#10133);
#10131 = CARTESIAN_POINT('',(12.051,-26.334,0.));
#10132 = DIRECTION('',(1.,0.,-0.));
#10133 = DIRECTION('',(0.,-1.,0.));
#10134 = ADVANCED_FACE('',(#10135),#10146,.T.);
#10135 = FACE_BOUND('',#10136,.T.);
#10136 = EDGE_LOOP('',(#10137,#10138,#10139,#10145));
#10137 = ORIENTED_EDGE('',*,*,#10106,.T.);
#10138 = ORIENTED_EDGE('',*,*,#5131,.T.);
#10139 = ORIENTED_EDGE('',*,*,#10140,.F.);
#10140 = EDGE_CURVE('',#1682,#5124,#10141,.T.);
#10141 = LINE('',#10142,#10143);
#10142 = CARTESIAN_POINT('',(26.051,-26.334,0.));
#10143 = VECTOR('',#10144,1.);
#10144 = DIRECTION('',(0.,0.,1.));
#10145 = ORIENTED_EDGE('',*,*,#1689,.F.);
#10146 = PLANE('',#10147);
#10147 = AXIS2_PLACEMENT_3D('',#10148,#10149,#10150);
#10148 = CARTESIAN_POINT('',(26.051,-40.334,0.));
#10149 = DIRECTION('',(-1.,0.,0.));
#10150 = DIRECTION('',(0.,1.,0.));
#10151 = ADVANCED_FACE('',(#10152),#10158,.T.);
#10152 = FACE_BOUND('',#10153,.T.);
#10153 = EDGE_LOOP('',(#10154,#10155,#10156,#10157));
#10154 = ORIENTED_EDGE('',*,*,#10140,.T.);
#10155 = ORIENTED_EDGE('',*,*,#5123,.T.);
#10156 = ORIENTED_EDGE('',*,*,#10121,.F.);
#10157 = ORIENTED_EDGE('',*,*,#1681,.F.);
#10158 = PLANE('',#10159);
#10159 = AXIS2_PLACEMENT_3D('',#10160,#10161,#10162);
#10160 = CARTESIAN_POINT('',(26.051,-26.334,0.));
#10161 = DIRECTION('',(0.,-1.,0.));
#10162 = DIRECTION('',(-1.,0.,0.));
#10163 = ADVANCED_FACE('',(#10164),#10180,.T.);
#10164 = FACE_BOUND('',#10165,.T.);
#10165 = EDGE_LOOP('',(#10166,#10172,#10173,#10179));
#10166 = ORIENTED_EDGE('',*,*,#10167,.T.);
#10167 = EDGE_CURVE('',#1698,#5140,#10168,.T.);
#10168 = LINE('',#10169,#10170);
#10169 = CARTESIAN_POINT('',(35.863,-40.334,0.));
#10170 = VECTOR('',#10171,1.);
#10171 = DIRECTION('',(0.,0.,1.));
#10172 = ORIENTED_EDGE('',*,*,#5139,.T.);
#10173 = ORIENTED_EDGE('',*,*,#10174,.F.);
#10174 = EDGE_CURVE('',#1700,#5142,#10175,.T.);
#10175 = LINE('',#10176,#10177);
#10176 = CARTESIAN_POINT('',(49.863,-40.334,0.));
#10177 = VECTOR('',#10178,1.);
#10178 = DIRECTION('',(0.,0.,1.));
#10179 = ORIENTED_EDGE('',*,*,#1697,.F.);
#10180 = PLANE('',#10181);
#10181 = AXIS2_PLACEMENT_3D('',#10182,#10183,#10184);
#10182 = CARTESIAN_POINT('',(35.863,-40.334,0.));
#10183 = DIRECTION('',(0.,1.,0.));
#10184 = DIRECTION('',(1.,0.,0.));
#10185 = ADVANCED_FACE('',(#10186),#10197,.T.);
#10186 = FACE_BOUND('',#10187,.T.);
#10187 = EDGE_LOOP('',(#10188,#10194,#10195,#10196));
#10188 = ORIENTED_EDGE('',*,*,#10189,.T.);
#10189 = EDGE_CURVE('',#1708,#5150,#10190,.T.);
#10190 = LINE('',#10191,#10192);
#10191 = CARTESIAN_POINT('',(35.863,-26.334,0.));
#10192 = VECTOR('',#10193,1.);
#10193 = DIRECTION('',(0.,0.,1.));
#10194 = ORIENTED_EDGE('',*,*,#5149,.T.);
#10195 = ORIENTED_EDGE('',*,*,#10167,.F.);
#10196 = ORIENTED_EDGE('',*,*,#1707,.F.);
#10197 = PLANE('',#10198);
#10198 = AXIS2_PLACEMENT_3D('',#10199,#10200,#10201);
#10199 = CARTESIAN_POINT('',(35.863,-26.334,0.));
#10200 = DIRECTION('',(1.,0.,-0.));
#10201 = DIRECTION('',(0.,-1.,0.));
#10202 = ADVANCED_FACE('',(#10203),#10214,.T.);
#10203 = FACE_BOUND('',#10204,.T.);
#10204 = EDGE_LOOP('',(#10205,#10206,#10207,#10213));
#10205 = ORIENTED_EDGE('',*,*,#10174,.T.);
#10206 = ORIENTED_EDGE('',*,*,#5165,.T.);
#10207 = ORIENTED_EDGE('',*,*,#10208,.F.);
#10208 = EDGE_CURVE('',#1716,#5158,#10209,.T.);
#10209 = LINE('',#10210,#10211);
#10210 = CARTESIAN_POINT('',(49.863,-26.334,0.));
#10211 = VECTOR('',#10212,1.);
#10212 = DIRECTION('',(0.,0.,1.));
#10213 = ORIENTED_EDGE('',*,*,#1723,.F.);
#10214 = PLANE('',#10215);
#10215 = AXIS2_PLACEMENT_3D('',#10216,#10217,#10218);
#10216 = CARTESIAN_POINT('',(49.863,-40.334,0.));
#10217 = DIRECTION('',(-1.,0.,0.));
#10218 = DIRECTION('',(0.,1.,0.));
#10219 = ADVANCED_FACE('',(#10220),#10226,.T.);
#10220 = FACE_BOUND('',#10221,.T.);
#10221 = EDGE_LOOP('',(#10222,#10223,#10224,#10225));
#10222 = ORIENTED_EDGE('',*,*,#10208,.T.);
#10223 = ORIENTED_EDGE('',*,*,#5157,.T.);
#10224 = ORIENTED_EDGE('',*,*,#10189,.F.);
#10225 = ORIENTED_EDGE('',*,*,#1715,.F.);
#10226 = PLANE('',#10227);
#10227 = AXIS2_PLACEMENT_3D('',#10228,#10229,#10230);
#10228 = CARTESIAN_POINT('',(49.863,-26.334,0.));
#10229 = DIRECTION('',(0.,-1.,0.));
#10230 = DIRECTION('',(-1.,0.,0.));
#10231 = ADVANCED_FACE('',(#10232),#10248,.T.);
#10232 = FACE_BOUND('',#10233,.T.);
#10233 = EDGE_LOOP('',(#10234,#10240,#10241,#10247));
#10234 = ORIENTED_EDGE('',*,*,#10235,.T.);
#10235 = EDGE_CURVE('',#1732,#5174,#10236,.T.);
#10236 = LINE('',#10237,#10238);
#10237 = CARTESIAN_POINT('',(54.913,-40.334,0.));
#10238 = VECTOR('',#10239,1.);
#10239 = DIRECTION('',(0.,0.,1.));
#10240 = ORIENTED_EDGE('',*,*,#5173,.T.);
#10241 = ORIENTED_EDGE('',*,*,#10242,.F.);
#10242 = EDGE_CURVE('',#1734,#5176,#10243,.T.);
#10243 = LINE('',#10244,#10245);
#10244 = CARTESIAN_POINT('',(68.913,-40.334,0.));
#10245 = VECTOR('',#10246,1.);
#10246 = DIRECTION('',(0.,0.,1.));
#10247 = ORIENTED_EDGE('',*,*,#1731,.F.);
#10248 = PLANE('',#10249);
#10249 = AXIS2_PLACEMENT_3D('',#10250,#10251,#10252);
#10250 = CARTESIAN_POINT('',(54.913,-40.334,0.));
#10251 = DIRECTION('',(0.,1.,0.));
#10252 = DIRECTION('',(1.,0.,0.));
#10253 = ADVANCED_FACE('',(#10254),#10265,.T.);
#10254 = FACE_BOUND('',#10255,.T.);
#10255 = EDGE_LOOP('',(#10256,#10262,#10263,#10264));
#10256 = ORIENTED_EDGE('',*,*,#10257,.T.);
#10257 = EDGE_CURVE('',#1742,#5184,#10258,.T.);
#10258 = LINE('',#10259,#10260);
#10259 = CARTESIAN_POINT('',(54.913,-26.334,0.));
#10260 = VECTOR('',#10261,1.);
#10261 = DIRECTION('',(0.,0.,1.));
#10262 = ORIENTED_EDGE('',*,*,#5183,.T.);
#10263 = ORIENTED_EDGE('',*,*,#10235,.F.);
#10264 = ORIENTED_EDGE('',*,*,#1741,.F.);
#10265 = PLANE('',#10266);
#10266 = AXIS2_PLACEMENT_3D('',#10267,#10268,#10269);
#10267 = CARTESIAN_POINT('',(54.913,-26.334,0.));
#10268 = DIRECTION('',(1.,0.,-0.));
#10269 = DIRECTION('',(0.,-1.,0.));
#10270 = ADVANCED_FACE('',(#10271),#10282,.T.);
#10271 = FACE_BOUND('',#10272,.T.);
#10272 = EDGE_LOOP('',(#10273,#10274,#10275,#10281));
#10273 = ORIENTED_EDGE('',*,*,#10242,.T.);
#10274 = ORIENTED_EDGE('',*,*,#5199,.T.);
#10275 = ORIENTED_EDGE('',*,*,#10276,.F.);
#10276 = EDGE_CURVE('',#1750,#5192,#10277,.T.);
#10277 = LINE('',#10278,#10279);
#10278 = CARTESIAN_POINT('',(68.913,-26.334,0.));
#10279 = VECTOR('',#10280,1.);
#10280 = DIRECTION('',(0.,0.,1.));
#10281 = ORIENTED_EDGE('',*,*,#1757,.F.);
#10282 = PLANE('',#10283);
#10283 = AXIS2_PLACEMENT_3D('',#10284,#10285,#10286);
#10284 = CARTESIAN_POINT('',(68.913,-40.334,0.));
#10285 = DIRECTION('',(-1.,0.,0.));
#10286 = DIRECTION('',(0.,1.,0.));
#10287 = ADVANCED_FACE('',(#10288),#10294,.T.);
#10288 = FACE_BOUND('',#10289,.T.);
#10289 = EDGE_LOOP('',(#10290,#10291,#10292,#10293));
#10290 = ORIENTED_EDGE('',*,*,#10276,.T.);
#10291 = ORIENTED_EDGE('',*,*,#5191,.T.);
#10292 = ORIENTED_EDGE('',*,*,#10257,.F.);
#10293 = ORIENTED_EDGE('',*,*,#1749,.F.);
#10294 = PLANE('',#10295);
#10295 = AXIS2_PLACEMENT_3D('',#10296,#10297,#10298);
#10296 = CARTESIAN_POINT('',(68.913,-26.334,0.));
#10297 = DIRECTION('',(0.,-1.,0.));
#10298 = DIRECTION('',(-1.,0.,0.));
#10299 = ADVANCED_FACE('',(#10300),#10316,.T.);
#10300 = FACE_BOUND('',#10301,.T.);
#10301 = EDGE_LOOP('',(#10302,#10308,#10309,#10315));
#10302 = ORIENTED_EDGE('',*,*,#10303,.T.);
#10303 = EDGE_CURVE('',#1766,#5208,#10304,.T.);
#10304 = LINE('',#10305,#10306);
#10305 = CARTESIAN_POINT('',(73.963,-40.334,0.));
#10306 = VECTOR('',#10307,1.);
#10307 = DIRECTION('',(0.,0.,1.));
#10308 = ORIENTED_EDGE('',*,*,#5207,.T.);
#10309 = ORIENTED_EDGE('',*,*,#10310,.F.);
#10310 = EDGE_CURVE('',#1768,#5210,#10311,.T.);
#10311 = LINE('',#10312,#10313);
#10312 = CARTESIAN_POINT('',(87.963,-40.334,0.));
#10313 = VECTOR('',#10314,1.);
#10314 = DIRECTION('',(0.,0.,1.));
#10315 = ORIENTED_EDGE('',*,*,#1765,.F.);
#10316 = PLANE('',#10317);
#10317 = AXIS2_PLACEMENT_3D('',#10318,#10319,#10320);
#10318 = CARTESIAN_POINT('',(73.963,-40.334,0.));
#10319 = DIRECTION('',(0.,1.,0.));
#10320 = DIRECTION('',(1.,0.,0.));
#10321 = ADVANCED_FACE('',(#10322),#10333,.T.);
#10322 = FACE_BOUND('',#10323,.T.);
#10323 = EDGE_LOOP('',(#10324,#10330,#10331,#10332));
#10324 = ORIENTED_EDGE('',*,*,#10325,.T.);
#10325 = EDGE_CURVE('',#1776,#5218,#10326,.T.);
#10326 = LINE('',#10327,#10328);
#10327 = CARTESIAN_POINT('',(73.963,-26.334,0.));
#10328 = VECTOR('',#10329,1.);
#10329 = DIRECTION('',(0.,0.,1.));
#10330 = ORIENTED_EDGE('',*,*,#5217,.T.);
#10331 = ORIENTED_EDGE('',*,*,#10303,.F.);
#10332 = ORIENTED_EDGE('',*,*,#1775,.F.);
#10333 = PLANE('',#10334);
#10334 = AXIS2_PLACEMENT_3D('',#10335,#10336,#10337);
#10335 = CARTESIAN_POINT('',(73.963,-26.334,0.));
#10336 = DIRECTION('',(1.,0.,-0.));
#10337 = DIRECTION('',(0.,-1.,0.));
#10338 = ADVANCED_FACE('',(#10339),#10350,.T.);
#10339 = FACE_BOUND('',#10340,.T.);
#10340 = EDGE_LOOP('',(#10341,#10342,#10343,#10349));
#10341 = ORIENTED_EDGE('',*,*,#10310,.T.);
#10342 = ORIENTED_EDGE('',*,*,#5233,.T.);
#10343 = ORIENTED_EDGE('',*,*,#10344,.F.);
#10344 = EDGE_CURVE('',#1784,#5226,#10345,.T.);
#10345 = LINE('',#10346,#10347);
#10346 = CARTESIAN_POINT('',(87.963,-26.334,0.));
#10347 = VECTOR('',#10348,1.);
#10348 = DIRECTION('',(0.,0.,1.));
#10349 = ORIENTED_EDGE('',*,*,#1791,.F.);
#10350 = PLANE('',#10351);
#10351 = AXIS2_PLACEMENT_3D('',#10352,#10353,#10354);
#10352 = CARTESIAN_POINT('',(87.963,-40.334,0.));
#10353 = DIRECTION('',(-1.,0.,0.));
#10354 = DIRECTION('',(0.,1.,0.));
#10355 = ADVANCED_FACE('',(#10356),#10362,.T.);
#10356 = FACE_BOUND('',#10357,.T.);
#10357 = EDGE_LOOP('',(#10358,#10359,#10360,#10361));
#10358 = ORIENTED_EDGE('',*,*,#10344,.T.);
#10359 = ORIENTED_EDGE('',*,*,#5225,.T.);
#10360 = ORIENTED_EDGE('',*,*,#10325,.F.);
#10361 = ORIENTED_EDGE('',*,*,#1783,.F.);
#10362 = PLANE('',#10363);
#10363 = AXIS2_PLACEMENT_3D('',#10364,#10365,#10366);
#10364 = CARTESIAN_POINT('',(87.963,-26.334,0.));
#10365 = DIRECTION('',(0.,-1.,0.));
#10366 = DIRECTION('',(-1.,0.,0.));
#10367 = ADVANCED_FACE('',(#10368),#10384,.T.);
#10368 = FACE_BOUND('',#10369,.T.);
#10369 = EDGE_LOOP('',(#10370,#10376,#10377,#10383));
#10370 = ORIENTED_EDGE('',*,*,#10371,.T.);
#10371 = EDGE_CURVE('',#1800,#5242,#10372,.T.);
#10372 = LINE('',#10373,#10374);
#10373 = CARTESIAN_POINT('',(78.726,-59.384,0.));
#10374 = VECTOR('',#10375,1.);
#10375 = DIRECTION('',(0.,0.,1.));
#10376 = ORIENTED_EDGE('',*,*,#5241,.T.);
#10377 = ORIENTED_EDGE('',*,*,#10378,.F.);
#10378 = EDGE_CURVE('',#1802,#5244,#10379,.T.);
#10379 = LINE('',#10380,#10381);
#10380 = CARTESIAN_POINT('',(92.726,-59.384,0.));
#10381 = VECTOR('',#10382,1.);
#10382 = DIRECTION('',(0.,0.,1.));
#10383 = ORIENTED_EDGE('',*,*,#1799,.F.);
#10384 = PLANE('',#10385);
#10385 = AXIS2_PLACEMENT_3D('',#10386,#10387,#10388);
#10386 = CARTESIAN_POINT('',(78.726,-59.384,0.));
#10387 = DIRECTION('',(0.,1.,0.));
#10388 = DIRECTION('',(1.,0.,0.));
#10389 = ADVANCED_FACE('',(#10390),#10401,.T.);
#10390 = FACE_BOUND('',#10391,.T.);
#10391 = EDGE_LOOP('',(#10392,#10398,#10399,#10400));
#10392 = ORIENTED_EDGE('',*,*,#10393,.T.);
#10393 = EDGE_CURVE('',#1810,#5252,#10394,.T.);
#10394 = LINE('',#10395,#10396);
#10395 = CARTESIAN_POINT('',(78.726,-45.384,0.));
#10396 = VECTOR('',#10397,1.);
#10397 = DIRECTION('',(0.,0.,1.));
#10398 = ORIENTED_EDGE('',*,*,#5251,.T.);
#10399 = ORIENTED_EDGE('',*,*,#10371,.F.);
#10400 = ORIENTED_EDGE('',*,*,#1809,.F.);
#10401 = PLANE('',#10402);
#10402 = AXIS2_PLACEMENT_3D('',#10403,#10404,#10405);
#10403 = CARTESIAN_POINT('',(78.726,-45.384,0.));
#10404 = DIRECTION('',(1.,0.,-0.));
#10405 = DIRECTION('',(0.,-1.,0.));
#10406 = ADVANCED_FACE('',(#10407),#10418,.T.);
#10407 = FACE_BOUND('',#10408,.T.);
#10408 = EDGE_LOOP('',(#10409,#10410,#10411,#10417));
#10409 = ORIENTED_EDGE('',*,*,#10378,.T.);
#10410 = ORIENTED_EDGE('',*,*,#5267,.T.);
#10411 = ORIENTED_EDGE('',*,*,#10412,.F.);
#10412 = EDGE_CURVE('',#1818,#5260,#10413,.T.);
#10413 = LINE('',#10414,#10415);
#10414 = CARTESIAN_POINT('',(92.726,-45.384,0.));
#10415 = VECTOR('',#10416,1.);
#10416 = DIRECTION('',(0.,0.,1.));
#10417 = ORIENTED_EDGE('',*,*,#1825,.F.);
#10418 = PLANE('',#10419);
#10419 = AXIS2_PLACEMENT_3D('',#10420,#10421,#10422);
#10420 = CARTESIAN_POINT('',(92.726,-59.384,0.));
#10421 = DIRECTION('',(-1.,0.,0.));
#10422 = DIRECTION('',(0.,1.,0.));
#10423 = ADVANCED_FACE('',(#10424),#10430,.T.);
#10424 = FACE_BOUND('',#10425,.T.);
#10425 = EDGE_LOOP('',(#10426,#10427,#10428,#10429));
#10426 = ORIENTED_EDGE('',*,*,#10412,.T.);
#10427 = ORIENTED_EDGE('',*,*,#5259,.T.);
#10428 = ORIENTED_EDGE('',*,*,#10393,.F.);
#10429 = ORIENTED_EDGE('',*,*,#1817,.F.);
#10430 = PLANE('',#10431);
#10431 = AXIS2_PLACEMENT_3D('',#10432,#10433,#10434);
#10432 = CARTESIAN_POINT('',(92.726,-45.384,0.));
#10433 = DIRECTION('',(0.,-1.,0.));
#10434 = DIRECTION('',(-1.,0.,0.));
#10435 = ADVANCED_FACE('',(#10436),#10452,.T.);
#10436 = FACE_BOUND('',#10437,.T.);
#10437 = EDGE_LOOP('',(#10438,#10444,#10445,#10451));
#10438 = ORIENTED_EDGE('',*,*,#10439,.T.);
#10439 = EDGE_CURVE('',#1834,#5276,#10440,.T.);
#10440 = LINE('',#10441,#10442);
#10441 = CARTESIAN_POINT('',(97.775,-59.384,0.));
#10442 = VECTOR('',#10443,1.);
#10443 = DIRECTION('',(0.,0.,1.));
#10444 = ORIENTED_EDGE('',*,*,#5275,.T.);
#10445 = ORIENTED_EDGE('',*,*,#10446,.F.);
#10446 = EDGE_CURVE('',#1836,#5278,#10447,.T.);
#10447 = LINE('',#10448,#10449);
#10448 = CARTESIAN_POINT('',(111.775,-59.384,0.));
#10449 = VECTOR('',#10450,1.);
#10450 = DIRECTION('',(0.,0.,1.));
#10451 = ORIENTED_EDGE('',*,*,#1833,.F.);
#10452 = PLANE('',#10453);
#10453 = AXIS2_PLACEMENT_3D('',#10454,#10455,#10456);
#10454 = CARTESIAN_POINT('',(97.775,-59.384,0.));
#10455 = DIRECTION('',(0.,1.,0.));
#10456 = DIRECTION('',(1.,0.,0.));
#10457 = ADVANCED_FACE('',(#10458),#10469,.T.);
#10458 = FACE_BOUND('',#10459,.T.);
#10459 = EDGE_LOOP('',(#10460,#10466,#10467,#10468));
#10460 = ORIENTED_EDGE('',*,*,#10461,.T.);
#10461 = EDGE_CURVE('',#1844,#5286,#10462,.T.);
#10462 = LINE('',#10463,#10464);
#10463 = CARTESIAN_POINT('',(97.775,-45.384,0.));
#10464 = VECTOR('',#10465,1.);
#10465 = DIRECTION('',(0.,0.,1.));
#10466 = ORIENTED_EDGE('',*,*,#5285,.T.);
#10467 = ORIENTED_EDGE('',*,*,#10439,.F.);
#10468 = ORIENTED_EDGE('',*,*,#1843,.F.);
#10469 = PLANE('',#10470);
#10470 = AXIS2_PLACEMENT_3D('',#10471,#10472,#10473);
#10471 = CARTESIAN_POINT('',(97.775,-45.384,0.));
#10472 = DIRECTION('',(1.,0.,-0.));
#10473 = DIRECTION('',(0.,-1.,0.));
#10474 = ADVANCED_FACE('',(#10475),#10486,.T.);
#10475 = FACE_BOUND('',#10476,.T.);
#10476 = EDGE_LOOP('',(#10477,#10478,#10479,#10485));
#10477 = ORIENTED_EDGE('',*,*,#10446,.T.);
#10478 = ORIENTED_EDGE('',*,*,#5301,.T.);
#10479 = ORIENTED_EDGE('',*,*,#10480,.F.);
#10480 = EDGE_CURVE('',#1852,#5294,#10481,.T.);
#10481 = LINE('',#10482,#10483);
#10482 = CARTESIAN_POINT('',(111.775,-45.384,0.));
#10483 = VECTOR('',#10484,1.);
#10484 = DIRECTION('',(0.,0.,1.));
#10485 = ORIENTED_EDGE('',*,*,#1859,.F.);
#10486 = PLANE('',#10487);
#10487 = AXIS2_PLACEMENT_3D('',#10488,#10489,#10490);
#10488 = CARTESIAN_POINT('',(111.775,-59.384,0.));
#10489 = DIRECTION('',(-1.,0.,0.));
#10490 = DIRECTION('',(0.,1.,0.));
#10491 = ADVANCED_FACE('',(#10492),#10498,.T.);
#10492 = FACE_BOUND('',#10493,.T.);
#10493 = EDGE_LOOP('',(#10494,#10495,#10496,#10497));
#10494 = ORIENTED_EDGE('',*,*,#10480,.T.);
#10495 = ORIENTED_EDGE('',*,*,#5293,.T.);
#10496 = ORIENTED_EDGE('',*,*,#10461,.F.);
#10497 = ORIENTED_EDGE('',*,*,#1851,.F.);
#10498 = PLANE('',#10499);
#10499 = AXIS2_PLACEMENT_3D('',#10500,#10501,#10502);
#10500 = CARTESIAN_POINT('',(111.775,-45.384,0.));
#10501 = DIRECTION('',(0.,-1.,0.));
#10502 = DIRECTION('',(-1.,0.,0.));
#10503 = ADVANCED_FACE('',(#10504),#10520,.T.);
#10504 = FACE_BOUND('',#10505,.T.);
#10505 = EDGE_LOOP('',(#10506,#10512,#10513,#10519));
#10506 = ORIENTED_EDGE('',*,*,#10507,.T.);
#10507 = EDGE_CURVE('',#1868,#5310,#10508,.T.);
#10508 = LINE('',#10509,#10510);
#10509 = CARTESIAN_POINT('',(116.825,-59.384,0.));
#10510 = VECTOR('',#10511,1.);
#10511 = DIRECTION('',(0.,0.,1.));
#10512 = ORIENTED_EDGE('',*,*,#5309,.T.);
#10513 = ORIENTED_EDGE('',*,*,#10514,.F.);
#10514 = EDGE_CURVE('',#1870,#5312,#10515,.T.);
#10515 = LINE('',#10516,#10517);
#10516 = CARTESIAN_POINT('',(130.826,-59.384,0.));
#10517 = VECTOR('',#10518,1.);
#10518 = DIRECTION('',(0.,0.,1.));
#10519 = ORIENTED_EDGE('',*,*,#1867,.F.);
#10520 = PLANE('',#10521);
#10521 = AXIS2_PLACEMENT_3D('',#10522,#10523,#10524);
#10522 = CARTESIAN_POINT('',(116.825,-59.384,0.));
#10523 = DIRECTION('',(0.,1.,0.));
#10524 = DIRECTION('',(1.,0.,0.));
#10525 = ADVANCED_FACE('',(#10526),#10537,.T.);
#10526 = FACE_BOUND('',#10527,.T.);
#10527 = EDGE_LOOP('',(#10528,#10534,#10535,#10536));
#10528 = ORIENTED_EDGE('',*,*,#10529,.T.);
#10529 = EDGE_CURVE('',#1878,#5320,#10530,.T.);
#10530 = LINE('',#10531,#10532);
#10531 = CARTESIAN_POINT('',(116.825,-45.384,0.));
#10532 = VECTOR('',#10533,1.);
#10533 = DIRECTION('',(0.,0.,1.));
#10534 = ORIENTED_EDGE('',*,*,#5319,.T.);
#10535 = ORIENTED_EDGE('',*,*,#10507,.F.);
#10536 = ORIENTED_EDGE('',*,*,#1877,.F.);
#10537 = PLANE('',#10538);
#10538 = AXIS2_PLACEMENT_3D('',#10539,#10540,#10541);
#10539 = CARTESIAN_POINT('',(116.825,-45.384,0.));
#10540 = DIRECTION('',(1.,0.,-0.));
#10541 = DIRECTION('',(0.,-1.,0.));
#10542 = ADVANCED_FACE('',(#10543),#10554,.T.);
#10543 = FACE_BOUND('',#10544,.T.);
#10544 = EDGE_LOOP('',(#10545,#10546,#10547,#10553));
#10545 = ORIENTED_EDGE('',*,*,#10514,.T.);
#10546 = ORIENTED_EDGE('',*,*,#5335,.T.);
#10547 = ORIENTED_EDGE('',*,*,#10548,.F.);
#10548 = EDGE_CURVE('',#1886,#5328,#10549,.T.);
#10549 = LINE('',#10550,#10551);
#10550 = CARTESIAN_POINT('',(130.826,-45.384,0.));
#10551 = VECTOR('',#10552,1.);
#10552 = DIRECTION('',(0.,0.,1.));
#10553 = ORIENTED_EDGE('',*,*,#1893,.F.);
#10554 = PLANE('',#10555);
#10555 = AXIS2_PLACEMENT_3D('',#10556,#10557,#10558);
#10556 = CARTESIAN_POINT('',(130.826,-59.384,0.));
#10557 = DIRECTION('',(-1.,0.,0.));
#10558 = DIRECTION('',(0.,1.,0.));
#10559 = ADVANCED_FACE('',(#10560),#10566,.T.);
#10560 = FACE_BOUND('',#10561,.T.);
#10561 = EDGE_LOOP('',(#10562,#10563,#10564,#10565));
#10562 = ORIENTED_EDGE('',*,*,#10548,.T.);
#10563 = ORIENTED_EDGE('',*,*,#5327,.T.);
#10564 = ORIENTED_EDGE('',*,*,#10529,.F.);
#10565 = ORIENTED_EDGE('',*,*,#1885,.F.);
#10566 = PLANE('',#10567);
#10567 = AXIS2_PLACEMENT_3D('',#10568,#10569,#10570);
#10568 = CARTESIAN_POINT('',(130.826,-45.384,0.));
#10569 = DIRECTION('',(0.,-1.,0.));
#10570 = DIRECTION('',(-1.,0.,0.));
#10571 = ADVANCED_FACE('',(#10572),#10588,.T.);
#10572 = FACE_BOUND('',#10573,.T.);
#10573 = EDGE_LOOP('',(#10574,#10580,#10581,#10587));
#10574 = ORIENTED_EDGE('',*,*,#10575,.T.);
#10575 = EDGE_CURVE('',#1902,#5344,#10576,.T.);
#10576 = LINE('',#10577,#10578);
#10577 = CARTESIAN_POINT('',(135.876,-59.384,0.));
#10578 = VECTOR('',#10579,1.);
#10579 = DIRECTION('',(0.,0.,1.));
#10580 = ORIENTED_EDGE('',*,*,#5343,.T.);
#10581 = ORIENTED_EDGE('',*,*,#10582,.F.);
#10582 = EDGE_CURVE('',#1904,#5346,#10583,.T.);
#10583 = LINE('',#10584,#10585);
#10584 = CARTESIAN_POINT('',(149.876,-59.384,0.));
#10585 = VECTOR('',#10586,1.);
#10586 = DIRECTION('',(0.,0.,1.));
#10587 = ORIENTED_EDGE('',*,*,#1901,.F.);
#10588 = PLANE('',#10589);
#10589 = AXIS2_PLACEMENT_3D('',#10590,#10591,#10592);
#10590 = CARTESIAN_POINT('',(135.876,-59.384,0.));
#10591 = DIRECTION('',(0.,1.,0.));
#10592 = DIRECTION('',(1.,0.,0.));
#10593 = ADVANCED_FACE('',(#10594),#10605,.T.);
#10594 = FACE_BOUND('',#10595,.T.);
#10595 = EDGE_LOOP('',(#10596,#10602,#10603,#10604));
#10596 = ORIENTED_EDGE('',*,*,#10597,.T.);
#10597 = EDGE_CURVE('',#1912,#5354,#10598,.T.);
#10598 = LINE('',#10599,#10600);
#10599 = CARTESIAN_POINT('',(135.876,-45.384,0.));
#10600 = VECTOR('',#10601,1.);
#10601 = DIRECTION('',(0.,0.,1.));
#10602 = ORIENTED_EDGE('',*,*,#5353,.T.);
#10603 = ORIENTED_EDGE('',*,*,#10575,.F.);
#10604 = ORIENTED_EDGE('',*,*,#1911,.F.);
#10605 = PLANE('',#10606);
#10606 = AXIS2_PLACEMENT_3D('',#10607,#10608,#10609);
#10607 = CARTESIAN_POINT('',(135.876,-45.384,0.));
#10608 = DIRECTION('',(1.,0.,-0.));
#10609 = DIRECTION('',(0.,-1.,0.));
#10610 = ADVANCED_FACE('',(#10611),#10622,.T.);
#10611 = FACE_BOUND('',#10612,.T.);
#10612 = EDGE_LOOP('',(#10613,#10614,#10615,#10621));
#10613 = ORIENTED_EDGE('',*,*,#10582,.T.);
#10614 = ORIENTED_EDGE('',*,*,#5369,.T.);
#10615 = ORIENTED_EDGE('',*,*,#10616,.F.);
#10616 = EDGE_CURVE('',#1920,#5362,#10617,.T.);
#10617 = LINE('',#10618,#10619);
#10618 = CARTESIAN_POINT('',(149.876,-45.384,0.));
#10619 = VECTOR('',#10620,1.);
#10620 = DIRECTION('',(0.,0.,1.));
#10621 = ORIENTED_EDGE('',*,*,#1927,.F.);
#10622 = PLANE('',#10623);
#10623 = AXIS2_PLACEMENT_3D('',#10624,#10625,#10626);
#10624 = CARTESIAN_POINT('',(149.876,-59.384,0.));
#10625 = DIRECTION('',(-1.,0.,0.));
#10626 = DIRECTION('',(0.,1.,0.));
#10627 = ADVANCED_FACE('',(#10628),#10634,.T.);
#10628 = FACE_BOUND('',#10629,.T.);
#10629 = EDGE_LOOP('',(#10630,#10631,#10632,#10633));
#10630 = ORIENTED_EDGE('',*,*,#10616,.T.);
#10631 = ORIENTED_EDGE('',*,*,#5361,.T.);
#10632 = ORIENTED_EDGE('',*,*,#10597,.F.);
#10633 = ORIENTED_EDGE('',*,*,#1919,.F.);
#10634 = PLANE('',#10635);
#10635 = AXIS2_PLACEMENT_3D('',#10636,#10637,#10638);
#10636 = CARTESIAN_POINT('',(149.876,-45.384,0.));
#10637 = DIRECTION('',(0.,-1.,0.));
#10638 = DIRECTION('',(-1.,0.,0.));
#10639 = ADVANCED_FACE('',(#10640),#10656,.T.);
#10640 = FACE_BOUND('',#10641,.T.);
#10641 = EDGE_LOOP('',(#10642,#10648,#10649,#10655));
#10642 = ORIENTED_EDGE('',*,*,#10643,.T.);
#10643 = EDGE_CURVE('',#1936,#5378,#10644,.T.);
#10644 = LINE('',#10645,#10646);
#10645 = CARTESIAN_POINT('',(93.013,-40.334,0.));
#10646 = VECTOR('',#10647,1.);
#10647 = DIRECTION('',(0.,0.,1.));
#10648 = ORIENTED_EDGE('',*,*,#5377,.T.);
#10649 = ORIENTED_EDGE('',*,*,#10650,.F.);
#10650 = EDGE_CURVE('',#1938,#5380,#10651,.T.);
#10651 = LINE('',#10652,#10653);
#10652 = CARTESIAN_POINT('',(107.013,-40.334,0.));
#10653 = VECTOR('',#10654,1.);
#10654 = DIRECTION('',(0.,0.,1.));
#10655 = ORIENTED_EDGE('',*,*,#1935,.F.);
#10656 = PLANE('',#10657);
#10657 = AXIS2_PLACEMENT_3D('',#10658,#10659,#10660);
#10658 = CARTESIAN_POINT('',(93.013,-40.334,0.));
#10659 = DIRECTION('',(0.,1.,0.));
#10660 = DIRECTION('',(1.,0.,0.));
#10661 = ADVANCED_FACE('',(#10662),#10673,.T.);
#10662 = FACE_BOUND('',#10663,.T.);
#10663 = EDGE_LOOP('',(#10664,#10670,#10671,#10672));
#10664 = ORIENTED_EDGE('',*,*,#10665,.T.);
#10665 = EDGE_CURVE('',#1946,#5388,#10666,.T.);
#10666 = LINE('',#10667,#10668);
#10667 = CARTESIAN_POINT('',(93.013,-26.334,0.));
#10668 = VECTOR('',#10669,1.);
#10669 = DIRECTION('',(0.,0.,1.));
#10670 = ORIENTED_EDGE('',*,*,#5387,.T.);
#10671 = ORIENTED_EDGE('',*,*,#10643,.F.);
#10672 = ORIENTED_EDGE('',*,*,#1945,.F.);
#10673 = PLANE('',#10674);
#10674 = AXIS2_PLACEMENT_3D('',#10675,#10676,#10677);
#10675 = CARTESIAN_POINT('',(93.013,-26.334,0.));
#10676 = DIRECTION('',(1.,0.,-0.));
#10677 = DIRECTION('',(0.,-1.,0.));
#10678 = ADVANCED_FACE('',(#10679),#10690,.T.);
#10679 = FACE_BOUND('',#10680,.T.);
#10680 = EDGE_LOOP('',(#10681,#10682,#10683,#10689));
#10681 = ORIENTED_EDGE('',*,*,#10650,.T.);
#10682 = ORIENTED_EDGE('',*,*,#5403,.T.);
#10683 = ORIENTED_EDGE('',*,*,#10684,.F.);
#10684 = EDGE_CURVE('',#1954,#5396,#10685,.T.);
#10685 = LINE('',#10686,#10687);
#10686 = CARTESIAN_POINT('',(107.013,-26.334,0.));
#10687 = VECTOR('',#10688,1.);
#10688 = DIRECTION('',(0.,0.,1.));
#10689 = ORIENTED_EDGE('',*,*,#1961,.F.);
#10690 = PLANE('',#10691);
#10691 = AXIS2_PLACEMENT_3D('',#10692,#10693,#10694);
#10692 = CARTESIAN_POINT('',(107.013,-40.334,0.));
#10693 = DIRECTION('',(-1.,0.,0.));
#10694 = DIRECTION('',(0.,1.,0.));
#10695 = ADVANCED_FACE('',(#10696),#10702,.T.);
#10696 = FACE_BOUND('',#10697,.T.);
#10697 = EDGE_LOOP('',(#10698,#10699,#10700,#10701));
#10698 = ORIENTED_EDGE('',*,*,#10684,.T.);
#10699 = ORIENTED_EDGE('',*,*,#5395,.T.);
#10700 = ORIENTED_EDGE('',*,*,#10665,.F.);
#10701 = ORIENTED_EDGE('',*,*,#1953,.F.);
#10702 = PLANE('',#10703);
#10703 = AXIS2_PLACEMENT_3D('',#10704,#10705,#10706);
#10704 = CARTESIAN_POINT('',(107.013,-26.334,0.));
#10705 = DIRECTION('',(0.,-1.,0.));
#10706 = DIRECTION('',(-1.,0.,0.));
#10707 = ADVANCED_FACE('',(#10708),#10724,.T.);
#10708 = FACE_BOUND('',#10709,.T.);
#10709 = EDGE_LOOP('',(#10710,#10716,#10717,#10723));
#10710 = ORIENTED_EDGE('',*,*,#10711,.T.);
#10711 = EDGE_CURVE('',#1970,#5412,#10712,.T.);
#10712 = LINE('',#10713,#10714);
#10713 = CARTESIAN_POINT('',(112.063,-40.334,0.));
#10714 = VECTOR('',#10715,1.);
#10715 = DIRECTION('',(0.,0.,1.));
#10716 = ORIENTED_EDGE('',*,*,#5411,.T.);
#10717 = ORIENTED_EDGE('',*,*,#10718,.F.);
#10718 = EDGE_CURVE('',#1972,#5414,#10719,.T.);
#10719 = LINE('',#10720,#10721);
#10720 = CARTESIAN_POINT('',(126.063,-40.334,0.));
#10721 = VECTOR('',#10722,1.);
#10722 = DIRECTION('',(0.,0.,1.));
#10723 = ORIENTED_EDGE('',*,*,#1969,.F.);
#10724 = PLANE('',#10725);
#10725 = AXIS2_PLACEMENT_3D('',#10726,#10727,#10728);
#10726 = CARTESIAN_POINT('',(112.063,-40.334,0.));
#10727 = DIRECTION('',(0.,1.,0.));
#10728 = DIRECTION('',(1.,0.,0.));
#10729 = ADVANCED_FACE('',(#10730),#10741,.T.);
#10730 = FACE_BOUND('',#10731,.T.);
#10731 = EDGE_LOOP('',(#10732,#10738,#10739,#10740));
#10732 = ORIENTED_EDGE('',*,*,#10733,.T.);
#10733 = EDGE_CURVE('',#1980,#5422,#10734,.T.);
#10734 = LINE('',#10735,#10736);
#10735 = CARTESIAN_POINT('',(112.063,-26.334,0.));
#10736 = VECTOR('',#10737,1.);
#10737 = DIRECTION('',(0.,0.,1.));
#10738 = ORIENTED_EDGE('',*,*,#5421,.T.);
#10739 = ORIENTED_EDGE('',*,*,#10711,.F.);
#10740 = ORIENTED_EDGE('',*,*,#1979,.F.);
#10741 = PLANE('',#10742);
#10742 = AXIS2_PLACEMENT_3D('',#10743,#10744,#10745);
#10743 = CARTESIAN_POINT('',(112.063,-26.334,0.));
#10744 = DIRECTION('',(1.,0.,-0.));
#10745 = DIRECTION('',(0.,-1.,0.));
#10746 = ADVANCED_FACE('',(#10747),#10758,.T.);
#10747 = FACE_BOUND('',#10748,.T.);
#10748 = EDGE_LOOP('',(#10749,#10750,#10751,#10757));
#10749 = ORIENTED_EDGE('',*,*,#10718,.T.);
#10750 = ORIENTED_EDGE('',*,*,#5437,.T.);
#10751 = ORIENTED_EDGE('',*,*,#10752,.F.);
#10752 = EDGE_CURVE('',#1988,#5430,#10753,.T.);
#10753 = LINE('',#10754,#10755);
#10754 = CARTESIAN_POINT('',(126.063,-26.334,0.));
#10755 = VECTOR('',#10756,1.);
#10756 = DIRECTION('',(0.,0.,1.));
#10757 = ORIENTED_EDGE('',*,*,#1995,.F.);
#10758 = PLANE('',#10759);
#10759 = AXIS2_PLACEMENT_3D('',#10760,#10761,#10762);
#10760 = CARTESIAN_POINT('',(126.063,-40.334,0.));
#10761 = DIRECTION('',(-1.,0.,0.));
#10762 = DIRECTION('',(0.,1.,0.));
#10763 = ADVANCED_FACE('',(#10764),#10770,.T.);
#10764 = FACE_BOUND('',#10765,.T.);
#10765 = EDGE_LOOP('',(#10766,#10767,#10768,#10769));
#10766 = ORIENTED_EDGE('',*,*,#10752,.T.);
#10767 = ORIENTED_EDGE('',*,*,#5429,.T.);
#10768 = ORIENTED_EDGE('',*,*,#10733,.F.);
#10769 = ORIENTED_EDGE('',*,*,#1987,.F.);
#10770 = PLANE('',#10771);
#10771 = AXIS2_PLACEMENT_3D('',#10772,#10773,#10774);
#10772 = CARTESIAN_POINT('',(126.063,-26.334,0.));
#10773 = DIRECTION('',(0.,-1.,0.));
#10774 = DIRECTION('',(-1.,0.,0.));
#10775 = ADVANCED_FACE('',(#10776),#10792,.T.);
#10776 = FACE_BOUND('',#10777,.T.);
#10777 = EDGE_LOOP('',(#10778,#10784,#10785,#10791));
#10778 = ORIENTED_EDGE('',*,*,#10779,.T.);
#10779 = EDGE_CURVE('',#2004,#5446,#10780,.T.);
#10780 = LINE('',#10781,#10782);
#10781 = CARTESIAN_POINT('',(131.113,-40.334,0.));
#10782 = VECTOR('',#10783,1.);
#10783 = DIRECTION('',(0.,0.,1.));
#10784 = ORIENTED_EDGE('',*,*,#5445,.T.);
#10785 = ORIENTED_EDGE('',*,*,#10786,.F.);
#10786 = EDGE_CURVE('',#2006,#5448,#10787,.T.);
#10787 = LINE('',#10788,#10789);
#10788 = CARTESIAN_POINT('',(145.113,-40.334,0.));
#10789 = VECTOR('',#10790,1.);
#10790 = DIRECTION('',(0.,0.,1.));
#10791 = ORIENTED_EDGE('',*,*,#2003,.F.);
#10792 = PLANE('',#10793);
#10793 = AXIS2_PLACEMENT_3D('',#10794,#10795,#10796);
#10794 = CARTESIAN_POINT('',(131.113,-40.334,0.));
#10795 = DIRECTION('',(0.,1.,0.));
#10796 = DIRECTION('',(1.,0.,0.));
#10797 = ADVANCED_FACE('',(#10798),#10809,.T.);
#10798 = FACE_BOUND('',#10799,.T.);
#10799 = EDGE_LOOP('',(#10800,#10806,#10807,#10808));
#10800 = ORIENTED_EDGE('',*,*,#10801,.T.);
#10801 = EDGE_CURVE('',#2014,#5456,#10802,.T.);
#10802 = LINE('',#10803,#10804);
#10803 = CARTESIAN_POINT('',(131.113,-26.334,0.));
#10804 = VECTOR('',#10805,1.);
#10805 = DIRECTION('',(0.,0.,1.));
#10806 = ORIENTED_EDGE('',*,*,#5455,.T.);
#10807 = ORIENTED_EDGE('',*,*,#10779,.F.);
#10808 = ORIENTED_EDGE('',*,*,#2013,.F.);
#10809 = PLANE('',#10810);
#10810 = AXIS2_PLACEMENT_3D('',#10811,#10812,#10813);
#10811 = CARTESIAN_POINT('',(131.113,-26.334,0.));
#10812 = DIRECTION('',(1.,0.,-0.));
#10813 = DIRECTION('',(0.,-1.,0.));
#10814 = ADVANCED_FACE('',(#10815),#10826,.T.);
#10815 = FACE_BOUND('',#10816,.T.);
#10816 = EDGE_LOOP('',(#10817,#10818,#10819,#10825));
#10817 = ORIENTED_EDGE('',*,*,#10786,.T.);
#10818 = ORIENTED_EDGE('',*,*,#5471,.T.);
#10819 = ORIENTED_EDGE('',*,*,#10820,.F.);
#10820 = EDGE_CURVE('',#2022,#5464,#10821,.T.);
#10821 = LINE('',#10822,#10823);
#10822 = CARTESIAN_POINT('',(145.113,-26.334,0.));
#10823 = VECTOR('',#10824,1.);
#10824 = DIRECTION('',(0.,0.,1.));
#10825 = ORIENTED_EDGE('',*,*,#2029,.F.);
#10826 = PLANE('',#10827);
#10827 = AXIS2_PLACEMENT_3D('',#10828,#10829,#10830);
#10828 = CARTESIAN_POINT('',(145.113,-40.334,0.));
#10829 = DIRECTION('',(-1.,0.,0.));
#10830 = DIRECTION('',(0.,1.,0.));
#10831 = ADVANCED_FACE('',(#10832),#10838,.T.);
#10832 = FACE_BOUND('',#10833,.T.);
#10833 = EDGE_LOOP('',(#10834,#10835,#10836,#10837));
#10834 = ORIENTED_EDGE('',*,*,#10820,.T.);
#10835 = ORIENTED_EDGE('',*,*,#5463,.T.);
#10836 = ORIENTED_EDGE('',*,*,#10801,.F.);
#10837 = ORIENTED_EDGE('',*,*,#2021,.F.);
#10838 = PLANE('',#10839);
#10839 = AXIS2_PLACEMENT_3D('',#10840,#10841,#10842);
#10840 = CARTESIAN_POINT('',(145.113,-26.334,0.));
#10841 = DIRECTION('',(0.,-1.,0.));
#10842 = DIRECTION('',(-1.,0.,0.));
#10843 = ADVANCED_FACE('',(#10844),#10860,.T.);
#10844 = FACE_BOUND('',#10845,.T.);
#10845 = EDGE_LOOP('',(#10846,#10852,#10853,#10859));
#10846 = ORIENTED_EDGE('',*,*,#10847,.T.);
#10847 = EDGE_CURVE('',#2038,#5480,#10848,.T.);
#10848 = LINE('',#10849,#10850);
#10849 = CARTESIAN_POINT('',(150.163,-40.334,0.));
#10850 = VECTOR('',#10851,1.);
#10851 = DIRECTION('',(0.,0.,1.));
#10852 = ORIENTED_EDGE('',*,*,#5479,.T.);
#10853 = ORIENTED_EDGE('',*,*,#10854,.F.);
#10854 = EDGE_CURVE('',#2040,#5482,#10855,.T.);
#10855 = LINE('',#10856,#10857);
#10856 = CARTESIAN_POINT('',(164.163,-40.334,0.));
#10857 = VECTOR('',#10858,1.);
#10858 = DIRECTION('',(0.,0.,1.));
#10859 = ORIENTED_EDGE('',*,*,#2037,.F.);
#10860 = PLANE('',#10861);
#10861 = AXIS2_PLACEMENT_3D('',#10862,#10863,#10864);
#10862 = CARTESIAN_POINT('',(150.163,-40.334,0.));
#10863 = DIRECTION('',(0.,1.,0.));
#10864 = DIRECTION('',(1.,0.,0.));
#10865 = ADVANCED_FACE('',(#10866),#10877,.T.);
#10866 = FACE_BOUND('',#10867,.T.);
#10867 = EDGE_LOOP('',(#10868,#10874,#10875,#10876));
#10868 = ORIENTED_EDGE('',*,*,#10869,.T.);
#10869 = EDGE_CURVE('',#2048,#5490,#10870,.T.);
#10870 = LINE('',#10871,#10872);
#10871 = CARTESIAN_POINT('',(150.163,-26.334,0.));
#10872 = VECTOR('',#10873,1.);
#10873 = DIRECTION('',(0.,0.,1.));
#10874 = ORIENTED_EDGE('',*,*,#5489,.T.);
#10875 = ORIENTED_EDGE('',*,*,#10847,.F.);
#10876 = ORIENTED_EDGE('',*,*,#2047,.F.);
#10877 = PLANE('',#10878);
#10878 = AXIS2_PLACEMENT_3D('',#10879,#10880,#10881);
#10879 = CARTESIAN_POINT('',(150.163,-26.334,0.));
#10880 = DIRECTION('',(1.,0.,-0.));
#10881 = DIRECTION('',(0.,-1.,0.));
#10882 = ADVANCED_FACE('',(#10883),#10894,.T.);
#10883 = FACE_BOUND('',#10884,.T.);
#10884 = EDGE_LOOP('',(#10885,#10886,#10887,#10893));
#10885 = ORIENTED_EDGE('',*,*,#10854,.T.);
#10886 = ORIENTED_EDGE('',*,*,#5505,.T.);
#10887 = ORIENTED_EDGE('',*,*,#10888,.F.);
#10888 = EDGE_CURVE('',#2056,#5498,#10889,.T.);
#10889 = LINE('',#10890,#10891);
#10890 = CARTESIAN_POINT('',(164.163,-26.334,0.));
#10891 = VECTOR('',#10892,1.);
#10892 = DIRECTION('',(0.,0.,1.));
#10893 = ORIENTED_EDGE('',*,*,#2063,.F.);
#10894 = PLANE('',#10895);
#10895 = AXIS2_PLACEMENT_3D('',#10896,#10897,#10898);
#10896 = CARTESIAN_POINT('',(164.163,-40.334,0.));
#10897 = DIRECTION('',(-1.,0.,0.));
#10898 = DIRECTION('',(0.,1.,0.));
#10899 = ADVANCED_FACE('',(#10900),#10906,.T.);
#10900 = FACE_BOUND('',#10901,.T.);
#10901 = EDGE_LOOP('',(#10902,#10903,#10904,#10905));
#10902 = ORIENTED_EDGE('',*,*,#10888,.T.);
#10903 = ORIENTED_EDGE('',*,*,#5497,.T.);
#10904 = ORIENTED_EDGE('',*,*,#10869,.F.);
#10905 = ORIENTED_EDGE('',*,*,#2055,.F.);
#10906 = PLANE('',#10907);
#10907 = AXIS2_PLACEMENT_3D('',#10908,#10909,#10910);
#10908 = CARTESIAN_POINT('',(164.163,-26.334,0.));
#10909 = DIRECTION('',(0.,-1.,0.));
#10910 = DIRECTION('',(-1.,0.,0.));
#10911 = ADVANCED_FACE('',(#10912),#10928,.T.);
#10912 = FACE_BOUND('',#10913,.T.);
#10913 = EDGE_LOOP('',(#10914,#10920,#10921,#10927));
#10914 = ORIENTED_EDGE('',*,*,#10915,.T.);
#10915 = EDGE_CURVE('',#2072,#5514,#10916,.T.);
#10916 = LINE('',#10917,#10918);
#10917 = CARTESIAN_POINT('',(7.288,-21.284,0.));
#10918 = VECTOR('',#10919,1.);
#10919 = DIRECTION('',(0.,0.,1.));
#10920 = ORIENTED_EDGE('',*,*,#5513,.T.);
#10921 = ORIENTED_EDGE('',*,*,#10922,.F.);
#10922 = EDGE_CURVE('',#2074,#5516,#10923,.T.);
#10923 = LINE('',#10924,#10925);
#10924 = CARTESIAN_POINT('',(21.288,-21.284,0.));
#10925 = VECTOR('',#10926,1.);
#10926 = DIRECTION('',(0.,0.,1.));
#10927 = ORIENTED_EDGE('',*,*,#2071,.F.);
#10928 = PLANE('',#10929);
#10929 = AXIS2_PLACEMENT_3D('',#10930,#10931,#10932);
#10930 = CARTESIAN_POINT('',(7.288,-21.284,0.));
#10931 = DIRECTION('',(0.,1.,0.));
#10932 = DIRECTION('',(1.,0.,0.));
#10933 = ADVANCED_FACE('',(#10934),#10945,.T.);
#10934 = FACE_BOUND('',#10935,.T.);
#10935 = EDGE_LOOP('',(#10936,#10942,#10943,#10944));
#10936 = ORIENTED_EDGE('',*,*,#10937,.T.);
#10937 = EDGE_CURVE('',#2082,#5524,#10938,.T.);
#10938 = LINE('',#10939,#10940);
#10939 = CARTESIAN_POINT('',(7.288,-7.284,0.));
#10940 = VECTOR('',#10941,1.);
#10941 = DIRECTION('',(0.,0.,1.));
#10942 = ORIENTED_EDGE('',*,*,#5523,.T.);
#10943 = ORIENTED_EDGE('',*,*,#10915,.F.);
#10944 = ORIENTED_EDGE('',*,*,#2081,.F.);
#10945 = PLANE('',#10946);
#10946 = AXIS2_PLACEMENT_3D('',#10947,#10948,#10949);
#10947 = CARTESIAN_POINT('',(7.288,-7.284,0.));
#10948 = DIRECTION('',(1.,0.,-0.));
#10949 = DIRECTION('',(0.,-1.,0.));
#10950 = ADVANCED_FACE('',(#10951),#10962,.T.);
#10951 = FACE_BOUND('',#10952,.T.);
#10952 = EDGE_LOOP('',(#10953,#10954,#10955,#10961));
#10953 = ORIENTED_EDGE('',*,*,#10922,.T.);
#10954 = ORIENTED_EDGE('',*,*,#5539,.T.);
#10955 = ORIENTED_EDGE('',*,*,#10956,.F.);
#10956 = EDGE_CURVE('',#2090,#5532,#10957,.T.);
#10957 = LINE('',#10958,#10959);
#10958 = CARTESIAN_POINT('',(21.288,-7.284,0.));
#10959 = VECTOR('',#10960,1.);
#10960 = DIRECTION('',(0.,0.,1.));
#10961 = ORIENTED_EDGE('',*,*,#2097,.F.);
#10962 = PLANE('',#10963);
#10963 = AXIS2_PLACEMENT_3D('',#10964,#10965,#10966);
#10964 = CARTESIAN_POINT('',(21.288,-21.284,0.));
#10965 = DIRECTION('',(-1.,0.,0.));
#10966 = DIRECTION('',(0.,1.,0.));
#10967 = ADVANCED_FACE('',(#10968),#10974,.T.);
#10968 = FACE_BOUND('',#10969,.T.);
#10969 = EDGE_LOOP('',(#10970,#10971,#10972,#10973));
#10970 = ORIENTED_EDGE('',*,*,#10956,.T.);
#10971 = ORIENTED_EDGE('',*,*,#5531,.T.);
#10972 = ORIENTED_EDGE('',*,*,#10937,.F.);
#10973 = ORIENTED_EDGE('',*,*,#2089,.F.);
#10974 = PLANE('',#10975);
#10975 = AXIS2_PLACEMENT_3D('',#10976,#10977,#10978);
#10976 = CARTESIAN_POINT('',(21.288,-7.284,0.));
#10977 = DIRECTION('',(0.,-1.,0.));
#10978 = DIRECTION('',(-1.,0.,0.));
#10979 = ADVANCED_FACE('',(#10980),#10996,.T.);
#10980 = FACE_BOUND('',#10981,.T.);
#10981 = EDGE_LOOP('',(#10982,#10988,#10989,#10995));
#10982 = ORIENTED_EDGE('',*,*,#10983,.T.);
#10983 = EDGE_CURVE('',#2106,#5548,#10984,.T.);
#10984 = LINE('',#10985,#10986);
#10985 = CARTESIAN_POINT('',(26.338,-21.284,0.));
#10986 = VECTOR('',#10987,1.);
#10987 = DIRECTION('',(0.,0.,1.));
#10988 = ORIENTED_EDGE('',*,*,#5547,.T.);
#10989 = ORIENTED_EDGE('',*,*,#10990,.F.);
#10990 = EDGE_CURVE('',#2108,#5550,#10991,.T.);
#10991 = LINE('',#10992,#10993);
#10992 = CARTESIAN_POINT('',(40.338,-21.284,0.));
#10993 = VECTOR('',#10994,1.);
#10994 = DIRECTION('',(0.,0.,1.));
#10995 = ORIENTED_EDGE('',*,*,#2105,.F.);
#10996 = PLANE('',#10997);
#10997 = AXIS2_PLACEMENT_3D('',#10998,#10999,#11000);
#10998 = CARTESIAN_POINT('',(26.338,-21.284,0.));
#10999 = DIRECTION('',(0.,1.,0.));
#11000 = DIRECTION('',(1.,0.,0.));
#11001 = ADVANCED_FACE('',(#11002),#11013,.T.);
#11002 = FACE_BOUND('',#11003,.T.);
#11003 = EDGE_LOOP('',(#11004,#11010,#11011,#11012));
#11004 = ORIENTED_EDGE('',*,*,#11005,.T.);
#11005 = EDGE_CURVE('',#2116,#5558,#11006,.T.);
#11006 = LINE('',#11007,#11008);
#11007 = CARTESIAN_POINT('',(26.338,-7.284,0.));
#11008 = VECTOR('',#11009,1.);
#11009 = DIRECTION('',(0.,0.,1.));
#11010 = ORIENTED_EDGE('',*,*,#5557,.T.);
#11011 = ORIENTED_EDGE('',*,*,#10983,.F.);
#11012 = ORIENTED_EDGE('',*,*,#2115,.F.);
#11013 = PLANE('',#11014);
#11014 = AXIS2_PLACEMENT_3D('',#11015,#11016,#11017);
#11015 = CARTESIAN_POINT('',(26.338,-7.284,0.));
#11016 = DIRECTION('',(1.,0.,-0.));
#11017 = DIRECTION('',(0.,-1.,0.));
#11018 = ADVANCED_FACE('',(#11019),#11030,.T.);
#11019 = FACE_BOUND('',#11020,.T.);
#11020 = EDGE_LOOP('',(#11021,#11022,#11023,#11029));
#11021 = ORIENTED_EDGE('',*,*,#10990,.T.);
#11022 = ORIENTED_EDGE('',*,*,#5573,.T.);
#11023 = ORIENTED_EDGE('',*,*,#11024,.F.);
#11024 = EDGE_CURVE('',#2124,#5566,#11025,.T.);
#11025 = LINE('',#11026,#11027);
#11026 = CARTESIAN_POINT('',(40.338,-7.284,0.));
#11027 = VECTOR('',#11028,1.);
#11028 = DIRECTION('',(0.,0.,1.));
#11029 = ORIENTED_EDGE('',*,*,#2131,.F.);
#11030 = PLANE('',#11031);
#11031 = AXIS2_PLACEMENT_3D('',#11032,#11033,#11034);
#11032 = CARTESIAN_POINT('',(40.338,-21.284,0.));
#11033 = DIRECTION('',(-1.,0.,0.));
#11034 = DIRECTION('',(0.,1.,0.));
#11035 = ADVANCED_FACE('',(#11036),#11042,.T.);
#11036 = FACE_BOUND('',#11037,.T.);
#11037 = EDGE_LOOP('',(#11038,#11039,#11040,#11041));
#11038 = ORIENTED_EDGE('',*,*,#11024,.T.);
#11039 = ORIENTED_EDGE('',*,*,#5565,.T.);
#11040 = ORIENTED_EDGE('',*,*,#11005,.F.);
#11041 = ORIENTED_EDGE('',*,*,#2123,.F.);
#11042 = PLANE('',#11043);
#11043 = AXIS2_PLACEMENT_3D('',#11044,#11045,#11046);
#11044 = CARTESIAN_POINT('',(40.338,-7.284,0.));
#11045 = DIRECTION('',(0.,-1.,0.));
#11046 = DIRECTION('',(-1.,0.,0.));
#11047 = ADVANCED_FACE('',(#11048),#11059,.F.);
#11048 = FACE_BOUND('',#11049,.T.);
#11049 = EDGE_LOOP('',(#11050,#11051,#11057,#11058));
#11050 = ORIENTED_EDGE('',*,*,#2139,.T.);
#11051 = ORIENTED_EDGE('',*,*,#11052,.T.);
#11052 = EDGE_CURVE('',#2140,#5582,#11053,.T.);
#11053 = LINE('',#11054,#11055);
#11054 = CARTESIAN_POINT('',(2.38125,-3.48125,-4.6E-02));
#11055 = VECTOR('',#11056,1.);
#11056 = DIRECTION('',(0.,0.,1.));
#11057 = ORIENTED_EDGE('',*,*,#5581,.F.);
#11058 = ORIENTED_EDGE('',*,*,#11052,.F.);
#11059 = CYLINDRICAL_SURFACE('',#11060,1.1);
#11060 = AXIS2_PLACEMENT_3D('',#11061,#11062,#11063);
#11061 = CARTESIAN_POINT('',(2.38125,-2.38125,-4.6E-02));
#11062 = DIRECTION('',(-0.,0.,-1.));
#11063 = DIRECTION('',(4.037174635001E-16,-1.,-0.));
#11064 = ADVANCED_FACE('',(#11065),#11081,.T.);
#11065 = FACE_BOUND('',#11066,.T.);
#11066 = EDGE_LOOP('',(#11067,#11073,#11074,#11080));
#11067 = ORIENTED_EDGE('',*,*,#11068,.T.);
#11068 = EDGE_CURVE('',#2151,#5593,#11069,.T.);
#11069 = LINE('',#11070,#11071);
#11070 = CARTESIAN_POINT('',(45.388,-21.284,0.));
#11071 = VECTOR('',#11072,1.);
#11072 = DIRECTION('',(0.,0.,1.));
#11073 = ORIENTED_EDGE('',*,*,#5592,.T.);
#11074 = ORIENTED_EDGE('',*,*,#11075,.F.);
#11075 = EDGE_CURVE('',#2153,#5595,#11076,.T.);
#11076 = LINE('',#11077,#11078);
#11077 = CARTESIAN_POINT('',(59.388,-21.284,0.));
#11078 = VECTOR('',#11079,1.);
#11079 = DIRECTION('',(0.,0.,1.));
#11080 = ORIENTED_EDGE('',*,*,#2150,.F.);
#11081 = PLANE('',#11082);
#11082 = AXIS2_PLACEMENT_3D('',#11083,#11084,#11085);
#11083 = CARTESIAN_POINT('',(45.388,-21.284,0.));
#11084 = DIRECTION('',(0.,1.,0.));
#11085 = DIRECTION('',(1.,0.,0.));
#11086 = ADVANCED_FACE('',(#11087),#11098,.T.);
#11087 = FACE_BOUND('',#11088,.T.);
#11088 = EDGE_LOOP('',(#11089,#11095,#11096,#11097));
#11089 = ORIENTED_EDGE('',*,*,#11090,.T.);
#11090 = EDGE_CURVE('',#2161,#5603,#11091,.T.);
#11091 = LINE('',#11092,#11093);
#11092 = CARTESIAN_POINT('',(45.388,-7.284,0.));
#11093 = VECTOR('',#11094,1.);
#11094 = DIRECTION('',(0.,0.,1.));
#11095 = ORIENTED_EDGE('',*,*,#5602,.T.);
#11096 = ORIENTED_EDGE('',*,*,#11068,.F.);
#11097 = ORIENTED_EDGE('',*,*,#2160,.F.);
#11098 = PLANE('',#11099);
#11099 = AXIS2_PLACEMENT_3D('',#11100,#11101,#11102);
#11100 = CARTESIAN_POINT('',(45.388,-7.284,0.));
#11101 = DIRECTION('',(1.,0.,-0.));
#11102 = DIRECTION('',(0.,-1.,0.));
#11103 = ADVANCED_FACE('',(#11104),#11115,.T.);
#11104 = FACE_BOUND('',#11105,.T.);
#11105 = EDGE_LOOP('',(#11106,#11107,#11108,#11114));
#11106 = ORIENTED_EDGE('',*,*,#11075,.T.);
#11107 = ORIENTED_EDGE('',*,*,#5618,.T.);
#11108 = ORIENTED_EDGE('',*,*,#11109,.F.);
#11109 = EDGE_CURVE('',#2169,#5611,#11110,.T.);
#11110 = LINE('',#11111,#11112);
#11111 = CARTESIAN_POINT('',(59.388,-7.284,0.));
#11112 = VECTOR('',#11113,1.);
#11113 = DIRECTION('',(0.,0.,1.));
#11114 = ORIENTED_EDGE('',*,*,#2176,.F.);
#11115 = PLANE('',#11116);
#11116 = AXIS2_PLACEMENT_3D('',#11117,#11118,#11119);
#11117 = CARTESIAN_POINT('',(59.388,-21.284,0.));
#11118 = DIRECTION('',(-1.,0.,0.));
#11119 = DIRECTION('',(0.,1.,0.));
#11120 = ADVANCED_FACE('',(#11121),#11127,.T.);
#11121 = FACE_BOUND('',#11122,.T.);
#11122 = EDGE_LOOP('',(#11123,#11124,#11125,#11126));
#11123 = ORIENTED_EDGE('',*,*,#11109,.T.);
#11124 = ORIENTED_EDGE('',*,*,#5610,.T.);
#11125 = ORIENTED_EDGE('',*,*,#11090,.F.);
#11126 = ORIENTED_EDGE('',*,*,#2168,.F.);
#11127 = PLANE('',#11128);
#11128 = AXIS2_PLACEMENT_3D('',#11129,#11130,#11131);
#11129 = CARTESIAN_POINT('',(59.388,-7.284,0.));
#11130 = DIRECTION('',(0.,-1.,0.));
#11131 = DIRECTION('',(-1.,0.,0.));
#11132 = ADVANCED_FACE('',(#11133),#11149,.T.);
#11133 = FACE_BOUND('',#11134,.T.);
#11134 = EDGE_LOOP('',(#11135,#11141,#11142,#11148));
#11135 = ORIENTED_EDGE('',*,*,#11136,.T.);
#11136 = EDGE_CURVE('',#2185,#5627,#11137,.T.);
#11137 = LINE('',#11138,#11139);
#11138 = CARTESIAN_POINT('',(64.438,-21.284,0.));
#11139 = VECTOR('',#11140,1.);
#11140 = DIRECTION('',(0.,0.,1.));
#11141 = ORIENTED_EDGE('',*,*,#5626,.T.);
#11142 = ORIENTED_EDGE('',*,*,#11143,.F.);
#11143 = EDGE_CURVE('',#2187,#5629,#11144,.T.);
#11144 = LINE('',#11145,#11146);
#11145 = CARTESIAN_POINT('',(78.438,-21.284,0.));
#11146 = VECTOR('',#11147,1.);
#11147 = DIRECTION('',(0.,0.,1.));
#11148 = ORIENTED_EDGE('',*,*,#2184,.F.);
#11149 = PLANE('',#11150);
#11150 = AXIS2_PLACEMENT_3D('',#11151,#11152,#11153);
#11151 = CARTESIAN_POINT('',(64.438,-21.284,0.));
#11152 = DIRECTION('',(0.,1.,0.));
#11153 = DIRECTION('',(1.,0.,0.));
#11154 = ADVANCED_FACE('',(#11155),#11166,.T.);
#11155 = FACE_BOUND('',#11156,.T.);
#11156 = EDGE_LOOP('',(#11157,#11163,#11164,#11165));
#11157 = ORIENTED_EDGE('',*,*,#11158,.T.);
#11158 = EDGE_CURVE('',#2195,#5637,#11159,.T.);
#11159 = LINE('',#11160,#11161);
#11160 = CARTESIAN_POINT('',(64.438,-7.284,0.));
#11161 = VECTOR('',#11162,1.);
#11162 = DIRECTION('',(0.,0.,1.));
#11163 = ORIENTED_EDGE('',*,*,#5636,.T.);
#11164 = ORIENTED_EDGE('',*,*,#11136,.F.);
#11165 = ORIENTED_EDGE('',*,*,#2194,.F.);
#11166 = PLANE('',#11167);
#11167 = AXIS2_PLACEMENT_3D('',#11168,#11169,#11170);
#11168 = CARTESIAN_POINT('',(64.438,-7.284,0.));
#11169 = DIRECTION('',(1.,0.,-0.));
#11170 = DIRECTION('',(0.,-1.,0.));
#11171 = ADVANCED_FACE('',(#11172),#11183,.T.);
#11172 = FACE_BOUND('',#11173,.T.);
#11173 = EDGE_LOOP('',(#11174,#11175,#11176,#11182));
#11174 = ORIENTED_EDGE('',*,*,#11143,.T.);
#11175 = ORIENTED_EDGE('',*,*,#5652,.T.);
#11176 = ORIENTED_EDGE('',*,*,#11177,.F.);
#11177 = EDGE_CURVE('',#2203,#5645,#11178,.T.);
#11178 = LINE('',#11179,#11180);
#11179 = CARTESIAN_POINT('',(78.438,-7.284,0.));
#11180 = VECTOR('',#11181,1.);
#11181 = DIRECTION('',(0.,0.,1.));
#11182 = ORIENTED_EDGE('',*,*,#2210,.F.);
#11183 = PLANE('',#11184);
#11184 = AXIS2_PLACEMENT_3D('',#11185,#11186,#11187);
#11185 = CARTESIAN_POINT('',(78.438,-21.284,0.));
#11186 = DIRECTION('',(-1.,0.,0.));
#11187 = DIRECTION('',(0.,1.,0.));
#11188 = ADVANCED_FACE('',(#11189),#11195,.T.);
#11189 = FACE_BOUND('',#11190,.T.);
#11190 = EDGE_LOOP('',(#11191,#11192,#11193,#11194));
#11191 = ORIENTED_EDGE('',*,*,#11177,.T.);
#11192 = ORIENTED_EDGE('',*,*,#5644,.T.);
#11193 = ORIENTED_EDGE('',*,*,#11158,.F.);
#11194 = ORIENTED_EDGE('',*,*,#2202,.F.);
#11195 = PLANE('',#11196);
#11196 = AXIS2_PLACEMENT_3D('',#11197,#11198,#11199);
#11197 = CARTESIAN_POINT('',(78.438,-7.284,0.));
#11198 = DIRECTION('',(0.,-1.,0.));
#11199 = DIRECTION('',(-1.,0.,0.));
#11200 = ADVANCED_FACE('',(#11201),#11217,.T.);
#11201 = FACE_BOUND('',#11202,.T.);
#11202 = EDGE_LOOP('',(#11203,#11209,#11210,#11216));
#11203 = ORIENTED_EDGE('',*,*,#11204,.T.);
#11204 = EDGE_CURVE('',#2219,#5661,#11205,.T.);
#11205 = LINE('',#11206,#11207);
#11206 = CARTESIAN_POINT('',(83.488,-21.284,0.));
#11207 = VECTOR('',#11208,1.);
#11208 = DIRECTION('',(0.,0.,1.));
#11209 = ORIENTED_EDGE('',*,*,#5660,.T.);
#11210 = ORIENTED_EDGE('',*,*,#11211,.F.);
#11211 = EDGE_CURVE('',#2221,#5663,#11212,.T.);
#11212 = LINE('',#11213,#11214);
#11213 = CARTESIAN_POINT('',(97.488,-21.284,0.));
#11214 = VECTOR('',#11215,1.);
#11215 = DIRECTION('',(0.,0.,1.));
#11216 = ORIENTED_EDGE('',*,*,#2218,.F.);
#11217 = PLANE('',#11218);
#11218 = AXIS2_PLACEMENT_3D('',#11219,#11220,#11221);
#11219 = CARTESIAN_POINT('',(83.488,-21.284,0.));
#11220 = DIRECTION('',(0.,1.,0.));
#11221 = DIRECTION('',(1.,0.,0.));
#11222 = ADVANCED_FACE('',(#11223),#11234,.T.);
#11223 = FACE_BOUND('',#11224,.T.);
#11224 = EDGE_LOOP('',(#11225,#11231,#11232,#11233));
#11225 = ORIENTED_EDGE('',*,*,#11226,.T.);
#11226 = EDGE_CURVE('',#2229,#5671,#11227,.T.);
#11227 = LINE('',#11228,#11229);
#11228 = CARTESIAN_POINT('',(83.488,-7.284,0.));
#11229 = VECTOR('',#11230,1.);
#11230 = DIRECTION('',(0.,0.,1.));
#11231 = ORIENTED_EDGE('',*,*,#5670,.T.);
#11232 = ORIENTED_EDGE('',*,*,#11204,.F.);
#11233 = ORIENTED_EDGE('',*,*,#2228,.F.);
#11234 = PLANE('',#11235);
#11235 = AXIS2_PLACEMENT_3D('',#11236,#11237,#11238);
#11236 = CARTESIAN_POINT('',(83.488,-7.284,0.));
#11237 = DIRECTION('',(1.,0.,-0.));
#11238 = DIRECTION('',(0.,-1.,0.));
#11239 = ADVANCED_FACE('',(#11240),#11251,.T.);
#11240 = FACE_BOUND('',#11241,.T.);
#11241 = EDGE_LOOP('',(#11242,#11243,#11244,#11250));
#11242 = ORIENTED_EDGE('',*,*,#11211,.T.);
#11243 = ORIENTED_EDGE('',*,*,#5686,.T.);
#11244 = ORIENTED_EDGE('',*,*,#11245,.F.);
#11245 = EDGE_CURVE('',#2237,#5679,#11246,.T.);
#11246 = LINE('',#11247,#11248);
#11247 = CARTESIAN_POINT('',(97.488,-7.284,0.));
#11248 = VECTOR('',#11249,1.);
#11249 = DIRECTION('',(0.,0.,1.));
#11250 = ORIENTED_EDGE('',*,*,#2244,.F.);
#11251 = PLANE('',#11252);
#11252 = AXIS2_PLACEMENT_3D('',#11253,#11254,#11255);
#11253 = CARTESIAN_POINT('',(97.488,-21.284,0.));
#11254 = DIRECTION('',(-1.,0.,0.));
#11255 = DIRECTION('',(0.,1.,0.));
#11256 = ADVANCED_FACE('',(#11257),#11263,.T.);
#11257 = FACE_BOUND('',#11258,.T.);
#11258 = EDGE_LOOP('',(#11259,#11260,#11261,#11262));
#11259 = ORIENTED_EDGE('',*,*,#11245,.T.);
#11260 = ORIENTED_EDGE('',*,*,#5678,.T.);
#11261 = ORIENTED_EDGE('',*,*,#11226,.F.);
#11262 = ORIENTED_EDGE('',*,*,#2236,.F.);
#11263 = PLANE('',#11264);
#11264 = AXIS2_PLACEMENT_3D('',#11265,#11266,#11267);
#11265 = CARTESIAN_POINT('',(97.488,-7.284,0.));
#11266 = DIRECTION('',(0.,-1.,0.));
#11267 = DIRECTION('',(-1.,0.,0.));
#11268 = ADVANCED_FACE('',(#11269),#11285,.T.);
#11269 = FACE_BOUND('',#11270,.T.);
#11270 = EDGE_LOOP('',(#11271,#11277,#11278,#11284));
#11271 = ORIENTED_EDGE('',*,*,#11272,.T.);
#11272 = EDGE_CURVE('',#2253,#5695,#11273,.T.);
#11273 = LINE('',#11274,#11275);
#11274 = CARTESIAN_POINT('',(102.538,-21.284,0.));
#11275 = VECTOR('',#11276,1.);
#11276 = DIRECTION('',(0.,0.,1.));
#11277 = ORIENTED_EDGE('',*,*,#5694,.T.);
#11278 = ORIENTED_EDGE('',*,*,#11279,.F.);
#11279 = EDGE_CURVE('',#2255,#5697,#11280,.T.);
#11280 = LINE('',#11281,#11282);
#11281 = CARTESIAN_POINT('',(116.538,-21.284,0.));
#11282 = VECTOR('',#11283,1.);
#11283 = DIRECTION('',(0.,0.,1.));
#11284 = ORIENTED_EDGE('',*,*,#2252,.F.);
#11285 = PLANE('',#11286);
#11286 = AXIS2_PLACEMENT_3D('',#11287,#11288,#11289);
#11287 = CARTESIAN_POINT('',(102.538,-21.284,0.));
#11288 = DIRECTION('',(0.,1.,0.));
#11289 = DIRECTION('',(1.,0.,0.));
#11290 = ADVANCED_FACE('',(#11291),#11302,.T.);
#11291 = FACE_BOUND('',#11292,.T.);
#11292 = EDGE_LOOP('',(#11293,#11299,#11300,#11301));
#11293 = ORIENTED_EDGE('',*,*,#11294,.T.);
#11294 = EDGE_CURVE('',#2263,#5705,#11295,.T.);
#11295 = LINE('',#11296,#11297);
#11296 = CARTESIAN_POINT('',(102.538,-7.284,0.));
#11297 = VECTOR('',#11298,1.);
#11298 = DIRECTION('',(0.,0.,1.));
#11299 = ORIENTED_EDGE('',*,*,#5704,.T.);
#11300 = ORIENTED_EDGE('',*,*,#11272,.F.);
#11301 = ORIENTED_EDGE('',*,*,#2262,.F.);
#11302 = PLANE('',#11303);
#11303 = AXIS2_PLACEMENT_3D('',#11304,#11305,#11306);
#11304 = CARTESIAN_POINT('',(102.538,-7.284,0.));
#11305 = DIRECTION('',(1.,0.,-0.));
#11306 = DIRECTION('',(0.,-1.,0.));
#11307 = ADVANCED_FACE('',(#11308),#11319,.T.);
#11308 = FACE_BOUND('',#11309,.T.);
#11309 = EDGE_LOOP('',(#11310,#11311,#11312,#11318));
#11310 = ORIENTED_EDGE('',*,*,#11279,.T.);
#11311 = ORIENTED_EDGE('',*,*,#5720,.T.);
#11312 = ORIENTED_EDGE('',*,*,#11313,.F.);
#11313 = EDGE_CURVE('',#2271,#5713,#11314,.T.);
#11314 = LINE('',#11315,#11316);
#11315 = CARTESIAN_POINT('',(116.538,-7.284,0.));
#11316 = VECTOR('',#11317,1.);
#11317 = DIRECTION('',(0.,0.,1.));
#11318 = ORIENTED_EDGE('',*,*,#2278,.F.);
#11319 = PLANE('',#11320);
#11320 = AXIS2_PLACEMENT_3D('',#11321,#11322,#11323);
#11321 = CARTESIAN_POINT('',(116.538,-21.284,0.));
#11322 = DIRECTION('',(-1.,0.,0.));
#11323 = DIRECTION('',(0.,1.,0.));
#11324 = ADVANCED_FACE('',(#11325),#11331,.T.);
#11325 = FACE_BOUND('',#11326,.T.);
#11326 = EDGE_LOOP('',(#11327,#11328,#11329,#11330));
#11327 = ORIENTED_EDGE('',*,*,#11313,.T.);
#11328 = ORIENTED_EDGE('',*,*,#5712,.T.);
#11329 = ORIENTED_EDGE('',*,*,#11294,.F.);
#11330 = ORIENTED_EDGE('',*,*,#2270,.F.);
#11331 = PLANE('',#11332);
#11332 = AXIS2_PLACEMENT_3D('',#11333,#11334,#11335);
#11333 = CARTESIAN_POINT('',(116.538,-7.284,0.));
#11334 = DIRECTION('',(0.,-1.,0.));
#11335 = DIRECTION('',(-1.,0.,0.));
#11336 = ADVANCED_FACE('',(#11337),#11348,.F.);
#11337 = FACE_BOUND('',#11338,.T.);
#11338 = EDGE_LOOP('',(#11339,#11340,#11346,#11347));
#11339 = ORIENTED_EDGE('',*,*,#2286,.T.);
#11340 = ORIENTED_EDGE('',*,*,#11341,.T.);
#11341 = EDGE_CURVE('',#2287,#5729,#11342,.T.);
#11342 = LINE('',#11343,#11344);
#11343 = CARTESIAN_POINT('',(108.744083,-3.48125,-4.6E-02));
#11344 = VECTOR('',#11345,1.);
#11345 = DIRECTION('',(0.,0.,1.));
#11346 = ORIENTED_EDGE('',*,*,#5728,.F.);
#11347 = ORIENTED_EDGE('',*,*,#11341,.F.);
#11348 = CYLINDRICAL_SURFACE('',#11349,1.1);
#11349 = AXIS2_PLACEMENT_3D('',#11350,#11351,#11352);
#11350 = CARTESIAN_POINT('',(108.744083,-2.38125,-4.6E-02));
#11351 = DIRECTION('',(-0.,0.,-1.));
#11352 = DIRECTION('',(1.2918958832E-14,-1.,-0.));
#11353 = ADVANCED_FACE('',(#11354),#11370,.T.);
#11354 = FACE_BOUND('',#11355,.T.);
#11355 = EDGE_LOOP('',(#11356,#11362,#11363,#11369));
#11356 = ORIENTED_EDGE('',*,*,#11357,.T.);
#11357 = EDGE_CURVE('',#2298,#5740,#11358,.T.);
#11358 = LINE('',#11359,#11360);
#11359 = CARTESIAN_POINT('',(121.588,-21.284,0.));
#11360 = VECTOR('',#11361,1.);
#11361 = DIRECTION('',(0.,0.,1.));
#11362 = ORIENTED_EDGE('',*,*,#5739,.T.);
#11363 = ORIENTED_EDGE('',*,*,#11364,.F.);
#11364 = EDGE_CURVE('',#2300,#5742,#11365,.T.);
#11365 = LINE('',#11366,#11367);
#11366 = CARTESIAN_POINT('',(135.588,-21.284,0.));
#11367 = VECTOR('',#11368,1.);
#11368 = DIRECTION('',(0.,0.,1.));
#11369 = ORIENTED_EDGE('',*,*,#2297,.F.);
#11370 = PLANE('',#11371);
#11371 = AXIS2_PLACEMENT_3D('',#11372,#11373,#11374);
#11372 = CARTESIAN_POINT('',(121.588,-21.284,0.));
#11373 = DIRECTION('',(0.,1.,0.));
#11374 = DIRECTION('',(1.,0.,0.));
#11375 = ADVANCED_FACE('',(#11376),#11387,.T.);
#11376 = FACE_BOUND('',#11377,.T.);
#11377 = EDGE_LOOP('',(#11378,#11384,#11385,#11386));
#11378 = ORIENTED_EDGE('',*,*,#11379,.T.);
#11379 = EDGE_CURVE('',#2308,#5750,#11380,.T.);
#11380 = LINE('',#11381,#11382);
#11381 = CARTESIAN_POINT('',(121.588,-7.284,0.));
#11382 = VECTOR('',#11383,1.);
#11383 = DIRECTION('',(0.,0.,1.));
#11384 = ORIENTED_EDGE('',*,*,#5749,.T.);
#11385 = ORIENTED_EDGE('',*,*,#11357,.F.);
#11386 = ORIENTED_EDGE('',*,*,#2307,.F.);
#11387 = PLANE('',#11388);
#11388 = AXIS2_PLACEMENT_3D('',#11389,#11390,#11391);
#11389 = CARTESIAN_POINT('',(121.588,-7.284,0.));
#11390 = DIRECTION('',(1.,0.,-0.));
#11391 = DIRECTION('',(0.,-1.,0.));
#11392 = ADVANCED_FACE('',(#11393),#11404,.T.);
#11393 = FACE_BOUND('',#11394,.T.);
#11394 = EDGE_LOOP('',(#11395,#11396,#11397,#11403));
#11395 = ORIENTED_EDGE('',*,*,#11364,.T.);
#11396 = ORIENTED_EDGE('',*,*,#5765,.T.);
#11397 = ORIENTED_EDGE('',*,*,#11398,.F.);
#11398 = EDGE_CURVE('',#2316,#5758,#11399,.T.);
#11399 = LINE('',#11400,#11401);
#11400 = CARTESIAN_POINT('',(135.588,-7.284,0.));
#11401 = VECTOR('',#11402,1.);
#11402 = DIRECTION('',(0.,0.,1.));
#11403 = ORIENTED_EDGE('',*,*,#2323,.F.);
#11404 = PLANE('',#11405);
#11405 = AXIS2_PLACEMENT_3D('',#11406,#11407,#11408);
#11406 = CARTESIAN_POINT('',(135.588,-21.284,0.));
#11407 = DIRECTION('',(-1.,0.,0.));
#11408 = DIRECTION('',(0.,1.,0.));
#11409 = ADVANCED_FACE('',(#11410),#11416,.T.);
#11410 = FACE_BOUND('',#11411,.T.);
#11411 = EDGE_LOOP('',(#11412,#11413,#11414,#11415));
#11412 = ORIENTED_EDGE('',*,*,#11398,.T.);
#11413 = ORIENTED_EDGE('',*,*,#5757,.T.);
#11414 = ORIENTED_EDGE('',*,*,#11379,.F.);
#11415 = ORIENTED_EDGE('',*,*,#2315,.F.);
#11416 = PLANE('',#11417);
#11417 = AXIS2_PLACEMENT_3D('',#11418,#11419,#11420);
#11418 = CARTESIAN_POINT('',(135.588,-7.284,0.));
#11419 = DIRECTION('',(0.,-1.,0.));
#11420 = DIRECTION('',(-1.,0.,0.));
#11421 = ADVANCED_FACE('',(#11422),#11438,.T.);
#11422 = FACE_BOUND('',#11423,.T.);
#11423 = EDGE_LOOP('',(#11424,#11430,#11431,#11437));
#11424 = ORIENTED_EDGE('',*,*,#11425,.T.);
#11425 = EDGE_CURVE('',#2332,#5774,#11426,.T.);
#11426 = LINE('',#11427,#11428);
#11427 = CARTESIAN_POINT('',(140.638,-21.284,0.));
#11428 = VECTOR('',#11429,1.);
#11429 = DIRECTION('',(0.,0.,1.));
#11430 = ORIENTED_EDGE('',*,*,#5773,.T.);
#11431 = ORIENTED_EDGE('',*,*,#11432,.F.);
#11432 = EDGE_CURVE('',#2334,#5776,#11433,.T.);
#11433 = LINE('',#11434,#11435);
#11434 = CARTESIAN_POINT('',(154.638,-21.284,0.));
#11435 = VECTOR('',#11436,1.);
#11436 = DIRECTION('',(0.,0.,1.));
#11437 = ORIENTED_EDGE('',*,*,#2331,.F.);
#11438 = PLANE('',#11439);
#11439 = AXIS2_PLACEMENT_3D('',#11440,#11441,#11442);
#11440 = CARTESIAN_POINT('',(140.638,-21.284,0.));
#11441 = DIRECTION('',(0.,1.,0.));
#11442 = DIRECTION('',(1.,0.,0.));
#11443 = ADVANCED_FACE('',(#11444),#11455,.T.);
#11444 = FACE_BOUND('',#11445,.T.);
#11445 = EDGE_LOOP('',(#11446,#11452,#11453,#11454));
#11446 = ORIENTED_EDGE('',*,*,#11447,.T.);
#11447 = EDGE_CURVE('',#2342,#5784,#11448,.T.);
#11448 = LINE('',#11449,#11450);
#11449 = CARTESIAN_POINT('',(140.638,-7.284,0.));
#11450 = VECTOR('',#11451,1.);
#11451 = DIRECTION('',(0.,0.,1.));
#11452 = ORIENTED_EDGE('',*,*,#5783,.T.);
#11453 = ORIENTED_EDGE('',*,*,#11425,.F.);
#11454 = ORIENTED_EDGE('',*,*,#2341,.F.);
#11455 = PLANE('',#11456);
#11456 = AXIS2_PLACEMENT_3D('',#11457,#11458,#11459);
#11457 = CARTESIAN_POINT('',(140.638,-7.284,0.));
#11458 = DIRECTION('',(1.,0.,-0.));
#11459 = DIRECTION('',(0.,-1.,0.));
#11460 = ADVANCED_FACE('',(#11461),#11472,.T.);
#11461 = FACE_BOUND('',#11462,.T.);
#11462 = EDGE_LOOP('',(#11463,#11464,#11465,#11471));
#11463 = ORIENTED_EDGE('',*,*,#11432,.T.);
#11464 = ORIENTED_EDGE('',*,*,#5799,.T.);
#11465 = ORIENTED_EDGE('',*,*,#11466,.F.);
#11466 = EDGE_CURVE('',#2350,#5792,#11467,.T.);
#11467 = LINE('',#11468,#11469);
#11468 = CARTESIAN_POINT('',(154.638,-7.284,0.));
#11469 = VECTOR('',#11470,1.);
#11470 = DIRECTION('',(0.,0.,1.));
#11471 = ORIENTED_EDGE('',*,*,#2357,.F.);
#11472 = PLANE('',#11473);
#11473 = AXIS2_PLACEMENT_3D('',#11474,#11475,#11476);
#11474 = CARTESIAN_POINT('',(154.638,-21.284,0.));
#11475 = DIRECTION('',(-1.,0.,0.));
#11476 = DIRECTION('',(0.,1.,0.));
#11477 = ADVANCED_FACE('',(#11478),#11484,.T.);
#11478 = FACE_BOUND('',#11479,.T.);
#11479 = EDGE_LOOP('',(#11480,#11481,#11482,#11483));
#11480 = ORIENTED_EDGE('',*,*,#11466,.T.);
#11481 = ORIENTED_EDGE('',*,*,#5791,.T.);
#11482 = ORIENTED_EDGE('',*,*,#11447,.F.);
#11483 = ORIENTED_EDGE('',*,*,#2349,.F.);
#11484 = PLANE('',#11485);
#11485 = AXIS2_PLACEMENT_3D('',#11486,#11487,#11488);
#11486 = CARTESIAN_POINT('',(154.638,-7.284,0.));
#11487 = DIRECTION('',(0.,-1.,0.));
#11488 = DIRECTION('',(-1.,0.,0.));
#11489 = ADVANCED_FACE('',(#11490),#11506,.T.);
#11490 = FACE_BOUND('',#11491,.T.);
#11491 = EDGE_LOOP('',(#11492,#11498,#11499,#11505));
#11492 = ORIENTED_EDGE('',*,*,#11493,.T.);
#11493 = EDGE_CURVE('',#2366,#5808,#11494,.T.);
#11494 = LINE('',#11495,#11496);
#11495 = CARTESIAN_POINT('',(154.926,-59.384,0.));
#11496 = VECTOR('',#11497,1.);
#11497 = DIRECTION('',(0.,0.,1.));
#11498 = ORIENTED_EDGE('',*,*,#5807,.T.);
#11499 = ORIENTED_EDGE('',*,*,#11500,.F.);
#11500 = EDGE_CURVE('',#2368,#5810,#11501,.T.);
#11501 = LINE('',#11502,#11503);
#11502 = CARTESIAN_POINT('',(168.926,-59.384,0.));
#11503 = VECTOR('',#11504,1.);
#11504 = DIRECTION('',(0.,0.,1.));
#11505 = ORIENTED_EDGE('',*,*,#2365,.F.);
#11506 = PLANE('',#11507);
#11507 = AXIS2_PLACEMENT_3D('',#11508,#11509,#11510);
#11508 = CARTESIAN_POINT('',(154.926,-59.384,0.));
#11509 = DIRECTION('',(0.,1.,0.));
#11510 = DIRECTION('',(1.,0.,0.));
#11511 = ADVANCED_FACE('',(#11512),#11523,.T.);
#11512 = FACE_BOUND('',#11513,.T.);
#11513 = EDGE_LOOP('',(#11514,#11520,#11521,#11522));
#11514 = ORIENTED_EDGE('',*,*,#11515,.T.);
#11515 = EDGE_CURVE('',#2376,#5818,#11516,.T.);
#11516 = LINE('',#11517,#11518);
#11517 = CARTESIAN_POINT('',(154.926,-45.384,0.));
#11518 = VECTOR('',#11519,1.);
#11519 = DIRECTION('',(0.,0.,1.));
#11520 = ORIENTED_EDGE('',*,*,#5817,.T.);
#11521 = ORIENTED_EDGE('',*,*,#11493,.F.);
#11522 = ORIENTED_EDGE('',*,*,#2375,.F.);
#11523 = PLANE('',#11524);
#11524 = AXIS2_PLACEMENT_3D('',#11525,#11526,#11527);
#11525 = CARTESIAN_POINT('',(154.926,-45.384,0.));
#11526 = DIRECTION('',(1.,0.,-0.));
#11527 = DIRECTION('',(0.,-1.,0.));
#11528 = ADVANCED_FACE('',(#11529),#11540,.T.);
#11529 = FACE_BOUND('',#11530,.T.);
#11530 = EDGE_LOOP('',(#11531,#11532,#11533,#11539));
#11531 = ORIENTED_EDGE('',*,*,#11500,.T.);
#11532 = ORIENTED_EDGE('',*,*,#5833,.T.);
#11533 = ORIENTED_EDGE('',*,*,#11534,.F.);
#11534 = EDGE_CURVE('',#2384,#5826,#11535,.T.);
#11535 = LINE('',#11536,#11537);
#11536 = CARTESIAN_POINT('',(168.926,-45.384,0.));
#11537 = VECTOR('',#11538,1.);
#11538 = DIRECTION('',(0.,0.,1.));
#11539 = ORIENTED_EDGE('',*,*,#2391,.F.);
#11540 = PLANE('',#11541);
#11541 = AXIS2_PLACEMENT_3D('',#11542,#11543,#11544);
#11542 = CARTESIAN_POINT('',(168.926,-59.384,0.));
#11543 = DIRECTION('',(-1.,0.,0.));
#11544 = DIRECTION('',(0.,1.,0.));
#11545 = ADVANCED_FACE('',(#11546),#11552,.T.);
#11546 = FACE_BOUND('',#11547,.T.);
#11547 = EDGE_LOOP('',(#11548,#11549,#11550,#11551));
#11548 = ORIENTED_EDGE('',*,*,#11534,.T.);
#11549 = ORIENTED_EDGE('',*,*,#5825,.T.);
#11550 = ORIENTED_EDGE('',*,*,#11515,.F.);
#11551 = ORIENTED_EDGE('',*,*,#2383,.F.);
#11552 = PLANE('',#11553);
#11553 = AXIS2_PLACEMENT_3D('',#11554,#11555,#11556);
#11554 = CARTESIAN_POINT('',(168.926,-45.384,0.));
#11555 = DIRECTION('',(0.,-1.,0.));
#11556 = DIRECTION('',(-1.,0.,0.));
#11557 = ADVANCED_FACE('',(#11558),#11574,.T.);
#11558 = FACE_BOUND('',#11559,.T.);
#11559 = EDGE_LOOP('',(#11560,#11566,#11567,#11573));
#11560 = ORIENTED_EDGE('',*,*,#11561,.T.);
#11561 = EDGE_CURVE('',#2400,#5842,#11562,.T.);
#11562 = LINE('',#11563,#11564);
#11563 = CARTESIAN_POINT('',(173.976,-59.384,0.));
#11564 = VECTOR('',#11565,1.);
#11565 = DIRECTION('',(0.,0.,1.));
#11566 = ORIENTED_EDGE('',*,*,#5841,.T.);
#11567 = ORIENTED_EDGE('',*,*,#11568,.F.);
#11568 = EDGE_CURVE('',#2402,#5844,#11569,.T.);
#11569 = LINE('',#11570,#11571);
#11570 = CARTESIAN_POINT('',(187.976,-59.384,0.));
#11571 = VECTOR('',#11572,1.);
#11572 = DIRECTION('',(0.,0.,1.));
#11573 = ORIENTED_EDGE('',*,*,#2399,.F.);
#11574 = PLANE('',#11575);
#11575 = AXIS2_PLACEMENT_3D('',#11576,#11577,#11578);
#11576 = CARTESIAN_POINT('',(173.976,-59.384,0.));
#11577 = DIRECTION('',(0.,1.,0.));
#11578 = DIRECTION('',(1.,0.,0.));
#11579 = ADVANCED_FACE('',(#11580),#11591,.T.);
#11580 = FACE_BOUND('',#11581,.T.);
#11581 = EDGE_LOOP('',(#11582,#11588,#11589,#11590));
#11582 = ORIENTED_EDGE('',*,*,#11583,.T.);
#11583 = EDGE_CURVE('',#2410,#5852,#11584,.T.);
#11584 = LINE('',#11585,#11586);
#11585 = CARTESIAN_POINT('',(173.976,-45.384,0.));
#11586 = VECTOR('',#11587,1.);
#11587 = DIRECTION('',(0.,0.,1.));
#11588 = ORIENTED_EDGE('',*,*,#5851,.T.);
#11589 = ORIENTED_EDGE('',*,*,#11561,.F.);
#11590 = ORIENTED_EDGE('',*,*,#2409,.F.);
#11591 = PLANE('',#11592);
#11592 = AXIS2_PLACEMENT_3D('',#11593,#11594,#11595);
#11593 = CARTESIAN_POINT('',(173.976,-45.384,0.));
#11594 = DIRECTION('',(1.,0.,-0.));
#11595 = DIRECTION('',(0.,-1.,0.));
#11596 = ADVANCED_FACE('',(#11597),#11608,.T.);
#11597 = FACE_BOUND('',#11598,.T.);
#11598 = EDGE_LOOP('',(#11599,#11600,#11601,#11607));
#11599 = ORIENTED_EDGE('',*,*,#11568,.T.);
#11600 = ORIENTED_EDGE('',*,*,#5867,.T.);
#11601 = ORIENTED_EDGE('',*,*,#11602,.F.);
#11602 = EDGE_CURVE('',#2418,#5860,#11603,.T.);
#11603 = LINE('',#11604,#11605);
#11604 = CARTESIAN_POINT('',(187.976,-45.384,0.));
#11605 = VECTOR('',#11606,1.);
#11606 = DIRECTION('',(0.,0.,1.));
#11607 = ORIENTED_EDGE('',*,*,#2425,.F.);
#11608 = PLANE('',#11609);
#11609 = AXIS2_PLACEMENT_3D('',#11610,#11611,#11612);
#11610 = CARTESIAN_POINT('',(187.976,-59.384,0.));
#11611 = DIRECTION('',(-1.,0.,0.));
#11612 = DIRECTION('',(0.,1.,0.));
#11613 = ADVANCED_FACE('',(#11614),#11620,.T.);
#11614 = FACE_BOUND('',#11615,.T.);
#11615 = EDGE_LOOP('',(#11616,#11617,#11618,#11619));
#11616 = ORIENTED_EDGE('',*,*,#11602,.T.);
#11617 = ORIENTED_EDGE('',*,*,#5859,.T.);
#11618 = ORIENTED_EDGE('',*,*,#11583,.F.);
#11619 = ORIENTED_EDGE('',*,*,#2417,.F.);
#11620 = PLANE('',#11621);
#11621 = AXIS2_PLACEMENT_3D('',#11622,#11623,#11624);
#11622 = CARTESIAN_POINT('',(187.976,-45.384,0.));
#11623 = DIRECTION('',(0.,-1.,0.));
#11624 = DIRECTION('',(-1.,0.,0.));
#11625 = ADVANCED_FACE('',(#11626),#11642,.T.);
#11626 = FACE_BOUND('',#11627,.T.);
#11627 = EDGE_LOOP('',(#11628,#11634,#11635,#11641));
#11628 = ORIENTED_EDGE('',*,*,#11629,.T.);
#11629 = EDGE_CURVE('',#2434,#5876,#11630,.T.);
#11630 = LINE('',#11631,#11632);
#11631 = CARTESIAN_POINT('',(193.026,-59.384,0.));
#11632 = VECTOR('',#11633,1.);
#11633 = DIRECTION('',(0.,0.,1.));
#11634 = ORIENTED_EDGE('',*,*,#5875,.T.);
#11635 = ORIENTED_EDGE('',*,*,#11636,.F.);
#11636 = EDGE_CURVE('',#2436,#5878,#11637,.T.);
#11637 = LINE('',#11638,#11639);
#11638 = CARTESIAN_POINT('',(207.026,-59.384,0.));
#11639 = VECTOR('',#11640,1.);
#11640 = DIRECTION('',(0.,0.,1.));
#11641 = ORIENTED_EDGE('',*,*,#2433,.F.);
#11642 = PLANE('',#11643);
#11643 = AXIS2_PLACEMENT_3D('',#11644,#11645,#11646);
#11644 = CARTESIAN_POINT('',(193.026,-59.384,0.));
#11645 = DIRECTION('',(0.,1.,0.));
#11646 = DIRECTION('',(1.,0.,0.));
#11647 = ADVANCED_FACE('',(#11648),#11659,.T.);
#11648 = FACE_BOUND('',#11649,.T.);
#11649 = EDGE_LOOP('',(#11650,#11656,#11657,#11658));
#11650 = ORIENTED_EDGE('',*,*,#11651,.T.);
#11651 = EDGE_CURVE('',#2444,#5886,#11652,.T.);
#11652 = LINE('',#11653,#11654);
#11653 = CARTESIAN_POINT('',(193.026,-45.384,0.));
#11654 = VECTOR('',#11655,1.);
#11655 = DIRECTION('',(0.,0.,1.));
#11656 = ORIENTED_EDGE('',*,*,#5885,.T.);
#11657 = ORIENTED_EDGE('',*,*,#11629,.F.);
#11658 = ORIENTED_EDGE('',*,*,#2443,.F.);
#11659 = PLANE('',#11660);
#11660 = AXIS2_PLACEMENT_3D('',#11661,#11662,#11663);
#11661 = CARTESIAN_POINT('',(193.026,-45.384,0.));
#11662 = DIRECTION('',(1.,0.,-0.));
#11663 = DIRECTION('',(0.,-1.,0.));
#11664 = ADVANCED_FACE('',(#11665),#11676,.T.);
#11665 = FACE_BOUND('',#11666,.T.);
#11666 = EDGE_LOOP('',(#11667,#11668,#11669,#11675));
#11667 = ORIENTED_EDGE('',*,*,#11636,.T.);
#11668 = ORIENTED_EDGE('',*,*,#5901,.T.);
#11669 = ORIENTED_EDGE('',*,*,#11670,.F.);
#11670 = EDGE_CURVE('',#2452,#5894,#11671,.T.);
#11671 = LINE('',#11672,#11673);
#11672 = CARTESIAN_POINT('',(207.026,-45.384,0.));
#11673 = VECTOR('',#11674,1.);
#11674 = DIRECTION('',(0.,0.,1.));
#11675 = ORIENTED_EDGE('',*,*,#2459,.F.);
#11676 = PLANE('',#11677);
#11677 = AXIS2_PLACEMENT_3D('',#11678,#11679,#11680);
#11678 = CARTESIAN_POINT('',(207.026,-59.384,0.));
#11679 = DIRECTION('',(-1.,0.,0.));
#11680 = DIRECTION('',(0.,1.,0.));
#11681 = ADVANCED_FACE('',(#11682),#11688,.T.);
#11682 = FACE_BOUND('',#11683,.T.);
#11683 = EDGE_LOOP('',(#11684,#11685,#11686,#11687));
#11684 = ORIENTED_EDGE('',*,*,#11670,.T.);
#11685 = ORIENTED_EDGE('',*,*,#5893,.T.);
#11686 = ORIENTED_EDGE('',*,*,#11651,.F.);
#11687 = ORIENTED_EDGE('',*,*,#2451,.F.);
#11688 = PLANE('',#11689);
#11689 = AXIS2_PLACEMENT_3D('',#11690,#11691,#11692);
#11690 = CARTESIAN_POINT('',(207.026,-45.384,0.));
#11691 = DIRECTION('',(0.,-1.,0.));
#11692 = DIRECTION('',(-1.,0.,0.));
#11693 = ADVANCED_FACE('',(#11694),#11710,.T.);
#11694 = FACE_BOUND('',#11695,.T.);
#11695 = EDGE_LOOP('',(#11696,#11702,#11703,#11709));
#11696 = ORIENTED_EDGE('',*,*,#11697,.T.);
#11697 = EDGE_CURVE('',#2468,#5910,#11698,.T.);
#11698 = LINE('',#11699,#11700);
#11699 = CARTESIAN_POINT('',(212.076,-59.384,0.));
#11700 = VECTOR('',#11701,1.);
#11701 = DIRECTION('',(0.,0.,1.));
#11702 = ORIENTED_EDGE('',*,*,#5909,.T.);
#11703 = ORIENTED_EDGE('',*,*,#11704,.F.);
#11704 = EDGE_CURVE('',#2470,#5912,#11705,.T.);
#11705 = LINE('',#11706,#11707);
#11706 = CARTESIAN_POINT('',(226.076,-59.384,0.));
#11707 = VECTOR('',#11708,1.);
#11708 = DIRECTION('',(0.,0.,1.));
#11709 = ORIENTED_EDGE('',*,*,#2467,.F.);
#11710 = PLANE('',#11711);
#11711 = AXIS2_PLACEMENT_3D('',#11712,#11713,#11714);
#11712 = CARTESIAN_POINT('',(212.076,-59.384,0.));
#11713 = DIRECTION('',(0.,1.,0.));
#11714 = DIRECTION('',(1.,0.,0.));
#11715 = ADVANCED_FACE('',(#11716),#11727,.T.);
#11716 = FACE_BOUND('',#11717,.T.);
#11717 = EDGE_LOOP('',(#11718,#11724,#11725,#11726));
#11718 = ORIENTED_EDGE('',*,*,#11719,.T.);
#11719 = EDGE_CURVE('',#2478,#5920,#11720,.T.);
#11720 = LINE('',#11721,#11722);
#11721 = CARTESIAN_POINT('',(212.076,-45.384,0.));
#11722 = VECTOR('',#11723,1.);
#11723 = DIRECTION('',(0.,0.,1.));
#11724 = ORIENTED_EDGE('',*,*,#5919,.T.);
#11725 = ORIENTED_EDGE('',*,*,#11697,.F.);
#11726 = ORIENTED_EDGE('',*,*,#2477,.F.);
#11727 = PLANE('',#11728);
#11728 = AXIS2_PLACEMENT_3D('',#11729,#11730,#11731);
#11729 = CARTESIAN_POINT('',(212.076,-45.384,0.));
#11730 = DIRECTION('',(1.,0.,-0.));
#11731 = DIRECTION('',(0.,-1.,0.));
#11732 = ADVANCED_FACE('',(#11733),#11744,.T.);
#11733 = FACE_BOUND('',#11734,.T.);
#11734 = EDGE_LOOP('',(#11735,#11736,#11737,#11743));
#11735 = ORIENTED_EDGE('',*,*,#11704,.T.);
#11736 = ORIENTED_EDGE('',*,*,#5935,.T.);
#11737 = ORIENTED_EDGE('',*,*,#11738,.F.);
#11738 = EDGE_CURVE('',#2486,#5928,#11739,.T.);
#11739 = LINE('',#11740,#11741);
#11740 = CARTESIAN_POINT('',(226.076,-45.384,0.));
#11741 = VECTOR('',#11742,1.);
#11742 = DIRECTION('',(0.,0.,1.));
#11743 = ORIENTED_EDGE('',*,*,#2493,.F.);
#11744 = PLANE('',#11745);
#11745 = AXIS2_PLACEMENT_3D('',#11746,#11747,#11748);
#11746 = CARTESIAN_POINT('',(226.076,-59.384,0.));
#11747 = DIRECTION('',(-1.,0.,0.));
#11748 = DIRECTION('',(0.,1.,0.));
#11749 = ADVANCED_FACE('',(#11750),#11756,.T.);
#11750 = FACE_BOUND('',#11751,.T.);
#11751 = EDGE_LOOP('',(#11752,#11753,#11754,#11755));
#11752 = ORIENTED_EDGE('',*,*,#11738,.T.);
#11753 = ORIENTED_EDGE('',*,*,#5927,.T.);
#11754 = ORIENTED_EDGE('',*,*,#11719,.F.);
#11755 = ORIENTED_EDGE('',*,*,#2485,.F.);
#11756 = PLANE('',#11757);
#11757 = AXIS2_PLACEMENT_3D('',#11758,#11759,#11760);
#11758 = CARTESIAN_POINT('',(226.076,-45.384,0.));
#11759 = DIRECTION('',(0.,-1.,0.));
#11760 = DIRECTION('',(-1.,0.,0.));
#11761 = ADVANCED_FACE('',(#11762),#11778,.T.);
#11762 = FACE_BOUND('',#11763,.T.);
#11763 = EDGE_LOOP('',(#11764,#11770,#11771,#11777));
#11764 = ORIENTED_EDGE('',*,*,#11765,.T.);
#11765 = EDGE_CURVE('',#2502,#5944,#11766,.T.);
#11766 = LINE('',#11767,#11768);
#11767 = CARTESIAN_POINT('',(231.126,-59.384,0.));
#11768 = VECTOR('',#11769,1.);
#11769 = DIRECTION('',(0.,0.,1.));
#11770 = ORIENTED_EDGE('',*,*,#5943,.T.);
#11771 = ORIENTED_EDGE('',*,*,#11772,.F.);
#11772 = EDGE_CURVE('',#2504,#5946,#11773,.T.);
#11773 = LINE('',#11774,#11775);
#11774 = CARTESIAN_POINT('',(245.126,-59.384,0.));
#11775 = VECTOR('',#11776,1.);
#11776 = DIRECTION('',(0.,0.,1.));
#11777 = ORIENTED_EDGE('',*,*,#2501,.F.);
#11778 = PLANE('',#11779);
#11779 = AXIS2_PLACEMENT_3D('',#11780,#11781,#11782);
#11780 = CARTESIAN_POINT('',(231.126,-59.384,0.));
#11781 = DIRECTION('',(0.,1.,0.));
#11782 = DIRECTION('',(1.,0.,0.));
#11783 = ADVANCED_FACE('',(#11784),#11795,.T.);
#11784 = FACE_BOUND('',#11785,.T.);
#11785 = EDGE_LOOP('',(#11786,#11792,#11793,#11794));
#11786 = ORIENTED_EDGE('',*,*,#11787,.T.);
#11787 = EDGE_CURVE('',#2512,#5954,#11788,.T.);
#11788 = LINE('',#11789,#11790);
#11789 = CARTESIAN_POINT('',(231.126,-45.384,0.));
#11790 = VECTOR('',#11791,1.);
#11791 = DIRECTION('',(0.,0.,1.));
#11792 = ORIENTED_EDGE('',*,*,#5953,.T.);
#11793 = ORIENTED_EDGE('',*,*,#11765,.F.);
#11794 = ORIENTED_EDGE('',*,*,#2511,.F.);
#11795 = PLANE('',#11796);
#11796 = AXIS2_PLACEMENT_3D('',#11797,#11798,#11799);
#11797 = CARTESIAN_POINT('',(231.126,-45.384,0.));
#11798 = DIRECTION('',(1.,0.,-0.));
#11799 = DIRECTION('',(0.,-1.,0.));
#11800 = ADVANCED_FACE('',(#11801),#11812,.T.);
#11801 = FACE_BOUND('',#11802,.T.);
#11802 = EDGE_LOOP('',(#11803,#11804,#11805,#11811));
#11803 = ORIENTED_EDGE('',*,*,#11772,.T.);
#11804 = ORIENTED_EDGE('',*,*,#5969,.T.);
#11805 = ORIENTED_EDGE('',*,*,#11806,.F.);
#11806 = EDGE_CURVE('',#2520,#5962,#11807,.T.);
#11807 = LINE('',#11808,#11809);
#11808 = CARTESIAN_POINT('',(245.126,-45.384,0.));
#11809 = VECTOR('',#11810,1.);
#11810 = DIRECTION('',(0.,0.,1.));
#11811 = ORIENTED_EDGE('',*,*,#2527,.F.);
#11812 = PLANE('',#11813);
#11813 = AXIS2_PLACEMENT_3D('',#11814,#11815,#11816);
#11814 = CARTESIAN_POINT('',(245.126,-59.384,0.));
#11815 = DIRECTION('',(-1.,0.,0.));
#11816 = DIRECTION('',(0.,1.,0.));
#11817 = ADVANCED_FACE('',(#11818),#11824,.T.);
#11818 = FACE_BOUND('',#11819,.T.);
#11819 = EDGE_LOOP('',(#11820,#11821,#11822,#11823));
#11820 = ORIENTED_EDGE('',*,*,#11806,.T.);
#11821 = ORIENTED_EDGE('',*,*,#5961,.T.);
#11822 = ORIENTED_EDGE('',*,*,#11787,.F.);
#11823 = ORIENTED_EDGE('',*,*,#2519,.F.);
#11824 = PLANE('',#11825);
#11825 = AXIS2_PLACEMENT_3D('',#11826,#11827,#11828);
#11826 = CARTESIAN_POINT('',(245.126,-45.384,0.));
#11827 = DIRECTION('',(0.,-1.,0.));
#11828 = DIRECTION('',(-1.,0.,0.));
#11829 = ADVANCED_FACE('',(#11830),#11846,.T.);
#11830 = FACE_BOUND('',#11831,.T.);
#11831 = EDGE_LOOP('',(#11832,#11838,#11839,#11845));
#11832 = ORIENTED_EDGE('',*,*,#11833,.T.);
#11833 = EDGE_CURVE('',#2536,#5978,#11834,.T.);
#11834 = LINE('',#11835,#11836);
#11835 = CARTESIAN_POINT('',(169.213,-40.334,0.));
#11836 = VECTOR('',#11837,1.);
#11837 = DIRECTION('',(0.,0.,1.));
#11838 = ORIENTED_EDGE('',*,*,#5977,.T.);
#11839 = ORIENTED_EDGE('',*,*,#11840,.F.);
#11840 = EDGE_CURVE('',#2538,#5980,#11841,.T.);
#11841 = LINE('',#11842,#11843);
#11842 = CARTESIAN_POINT('',(183.213,-40.334,0.));
#11843 = VECTOR('',#11844,1.);
#11844 = DIRECTION('',(0.,0.,1.));
#11845 = ORIENTED_EDGE('',*,*,#2535,.F.);
#11846 = PLANE('',#11847);
#11847 = AXIS2_PLACEMENT_3D('',#11848,#11849,#11850);
#11848 = CARTESIAN_POINT('',(169.213,-40.334,0.));
#11849 = DIRECTION('',(0.,1.,0.));
#11850 = DIRECTION('',(1.,0.,0.));
#11851 = ADVANCED_FACE('',(#11852),#11863,.T.);
#11852 = FACE_BOUND('',#11853,.T.);
#11853 = EDGE_LOOP('',(#11854,#11860,#11861,#11862));
#11854 = ORIENTED_EDGE('',*,*,#11855,.T.);
#11855 = EDGE_CURVE('',#2546,#5988,#11856,.T.);
#11856 = LINE('',#11857,#11858);
#11857 = CARTESIAN_POINT('',(169.213,-26.334,0.));
#11858 = VECTOR('',#11859,1.);
#11859 = DIRECTION('',(0.,0.,1.));
#11860 = ORIENTED_EDGE('',*,*,#5987,.T.);
#11861 = ORIENTED_EDGE('',*,*,#11833,.F.);
#11862 = ORIENTED_EDGE('',*,*,#2545,.F.);
#11863 = PLANE('',#11864);
#11864 = AXIS2_PLACEMENT_3D('',#11865,#11866,#11867);
#11865 = CARTESIAN_POINT('',(169.213,-26.334,0.));
#11866 = DIRECTION('',(1.,0.,-0.));
#11867 = DIRECTION('',(0.,-1.,0.));
#11868 = ADVANCED_FACE('',(#11869),#11880,.T.);
#11869 = FACE_BOUND('',#11870,.T.);
#11870 = EDGE_LOOP('',(#11871,#11872,#11873,#11879));
#11871 = ORIENTED_EDGE('',*,*,#11840,.T.);
#11872 = ORIENTED_EDGE('',*,*,#6003,.T.);
#11873 = ORIENTED_EDGE('',*,*,#11874,.F.);
#11874 = EDGE_CURVE('',#2554,#5996,#11875,.T.);
#11875 = LINE('',#11876,#11877);
#11876 = CARTESIAN_POINT('',(183.213,-26.334,0.));
#11877 = VECTOR('',#11878,1.);
#11878 = DIRECTION('',(0.,0.,1.));
#11879 = ORIENTED_EDGE('',*,*,#2561,.F.);
#11880 = PLANE('',#11881);
#11881 = AXIS2_PLACEMENT_3D('',#11882,#11883,#11884);
#11882 = CARTESIAN_POINT('',(183.213,-40.334,0.));
#11883 = DIRECTION('',(-1.,0.,0.));
#11884 = DIRECTION('',(0.,1.,0.));
#11885 = ADVANCED_FACE('',(#11886),#11892,.T.);
#11886 = FACE_BOUND('',#11887,.T.);
#11887 = EDGE_LOOP('',(#11888,#11889,#11890,#11891));
#11888 = ORIENTED_EDGE('',*,*,#11874,.T.);
#11889 = ORIENTED_EDGE('',*,*,#5995,.T.);
#11890 = ORIENTED_EDGE('',*,*,#11855,.F.);
#11891 = ORIENTED_EDGE('',*,*,#2553,.F.);
#11892 = PLANE('',#11893);
#11893 = AXIS2_PLACEMENT_3D('',#11894,#11895,#11896);
#11894 = CARTESIAN_POINT('',(183.213,-26.334,0.));
#11895 = DIRECTION('',(0.,-1.,0.));
#11896 = DIRECTION('',(-1.,0.,0.));
#11897 = ADVANCED_FACE('',(#11898),#11914,.T.);
#11898 = FACE_BOUND('',#11899,.T.);
#11899 = EDGE_LOOP('',(#11900,#11906,#11907,#11913));
#11900 = ORIENTED_EDGE('',*,*,#11901,.T.);
#11901 = EDGE_CURVE('',#2570,#6012,#11902,.T.);
#11902 = LINE('',#11903,#11904);
#11903 = CARTESIAN_POINT('',(188.263,-40.334,0.));
#11904 = VECTOR('',#11905,1.);
#11905 = DIRECTION('',(0.,0.,1.));
#11906 = ORIENTED_EDGE('',*,*,#6011,.T.);
#11907 = ORIENTED_EDGE('',*,*,#11908,.F.);
#11908 = EDGE_CURVE('',#2572,#6014,#11909,.T.);
#11909 = LINE('',#11910,#11911);
#11910 = CARTESIAN_POINT('',(202.263,-40.334,0.));
#11911 = VECTOR('',#11912,1.);
#11912 = DIRECTION('',(0.,0.,1.));
#11913 = ORIENTED_EDGE('',*,*,#2569,.F.);
#11914 = PLANE('',#11915);
#11915 = AXIS2_PLACEMENT_3D('',#11916,#11917,#11918);
#11916 = CARTESIAN_POINT('',(188.263,-40.334,0.));
#11917 = DIRECTION('',(0.,1.,0.));
#11918 = DIRECTION('',(1.,0.,0.));
#11919 = ADVANCED_FACE('',(#11920),#11931,.T.);
#11920 = FACE_BOUND('',#11921,.T.);
#11921 = EDGE_LOOP('',(#11922,#11928,#11929,#11930));
#11922 = ORIENTED_EDGE('',*,*,#11923,.T.);
#11923 = EDGE_CURVE('',#2580,#6022,#11924,.T.);
#11924 = LINE('',#11925,#11926);
#11925 = CARTESIAN_POINT('',(188.263,-26.334,0.));
#11926 = VECTOR('',#11927,1.);
#11927 = DIRECTION('',(0.,0.,1.));
#11928 = ORIENTED_EDGE('',*,*,#6021,.T.);
#11929 = ORIENTED_EDGE('',*,*,#11901,.F.);
#11930 = ORIENTED_EDGE('',*,*,#2579,.F.);
#11931 = PLANE('',#11932);
#11932 = AXIS2_PLACEMENT_3D('',#11933,#11934,#11935);
#11933 = CARTESIAN_POINT('',(188.263,-26.334,0.));
#11934 = DIRECTION('',(1.,0.,-0.));
#11935 = DIRECTION('',(0.,-1.,0.));
#11936 = ADVANCED_FACE('',(#11937),#11948,.T.);
#11937 = FACE_BOUND('',#11938,.T.);
#11938 = EDGE_LOOP('',(#11939,#11940,#11941,#11947));
#11939 = ORIENTED_EDGE('',*,*,#11908,.T.);
#11940 = ORIENTED_EDGE('',*,*,#6037,.T.);
#11941 = ORIENTED_EDGE('',*,*,#11942,.F.);
#11942 = EDGE_CURVE('',#2588,#6030,#11943,.T.);
#11943 = LINE('',#11944,#11945);
#11944 = CARTESIAN_POINT('',(202.263,-26.334,0.));
#11945 = VECTOR('',#11946,1.);
#11946 = DIRECTION('',(0.,0.,1.));
#11947 = ORIENTED_EDGE('',*,*,#2595,.F.);
#11948 = PLANE('',#11949);
#11949 = AXIS2_PLACEMENT_3D('',#11950,#11951,#11952);
#11950 = CARTESIAN_POINT('',(202.263,-40.334,0.));
#11951 = DIRECTION('',(-1.,0.,0.));
#11952 = DIRECTION('',(0.,1.,0.));
#11953 = ADVANCED_FACE('',(#11954),#11960,.T.);
#11954 = FACE_BOUND('',#11955,.T.);
#11955 = EDGE_LOOP('',(#11956,#11957,#11958,#11959));
#11956 = ORIENTED_EDGE('',*,*,#11942,.T.);
#11957 = ORIENTED_EDGE('',*,*,#6029,.T.);
#11958 = ORIENTED_EDGE('',*,*,#11923,.F.);
#11959 = ORIENTED_EDGE('',*,*,#2587,.F.);
#11960 = PLANE('',#11961);
#11961 = AXIS2_PLACEMENT_3D('',#11962,#11963,#11964);
#11962 = CARTESIAN_POINT('',(202.263,-26.334,0.));
#11963 = DIRECTION('',(0.,-1.,0.));
#11964 = DIRECTION('',(-1.,0.,0.));
#11965 = ADVANCED_FACE('',(#11966),#11982,.T.);
#11966 = FACE_BOUND('',#11967,.T.);
#11967 = EDGE_LOOP('',(#11968,#11974,#11975,#11981));
#11968 = ORIENTED_EDGE('',*,*,#11969,.T.);
#11969 = EDGE_CURVE('',#2604,#6046,#11970,.T.);
#11970 = LINE('',#11971,#11972);
#11971 = CARTESIAN_POINT('',(207.313,-40.334,0.));
#11972 = VECTOR('',#11973,1.);
#11973 = DIRECTION('',(0.,0.,1.));
#11974 = ORIENTED_EDGE('',*,*,#6045,.T.);
#11975 = ORIENTED_EDGE('',*,*,#11976,.F.);
#11976 = EDGE_CURVE('',#2606,#6048,#11977,.T.);
#11977 = LINE('',#11978,#11979);
#11978 = CARTESIAN_POINT('',(221.313,-40.334,0.));
#11979 = VECTOR('',#11980,1.);
#11980 = DIRECTION('',(0.,0.,1.));
#11981 = ORIENTED_EDGE('',*,*,#2603,.F.);
#11982 = PLANE('',#11983);
#11983 = AXIS2_PLACEMENT_3D('',#11984,#11985,#11986);
#11984 = CARTESIAN_POINT('',(207.313,-40.334,0.));
#11985 = DIRECTION('',(0.,1.,0.));
#11986 = DIRECTION('',(1.,0.,0.));
#11987 = ADVANCED_FACE('',(#11988),#11999,.T.);
#11988 = FACE_BOUND('',#11989,.T.);
#11989 = EDGE_LOOP('',(#11990,#11996,#11997,#11998));
#11990 = ORIENTED_EDGE('',*,*,#11991,.T.);
#11991 = EDGE_CURVE('',#2614,#6056,#11992,.T.);
#11992 = LINE('',#11993,#11994);
#11993 = CARTESIAN_POINT('',(207.313,-26.334,0.));
#11994 = VECTOR('',#11995,1.);
#11995 = DIRECTION('',(0.,0.,1.));
#11996 = ORIENTED_EDGE('',*,*,#6055,.T.);
#11997 = ORIENTED_EDGE('',*,*,#11969,.F.);
#11998 = ORIENTED_EDGE('',*,*,#2613,.F.);
#11999 = PLANE('',#12000);
#12000 = AXIS2_PLACEMENT_3D('',#12001,#12002,#12003);
#12001 = CARTESIAN_POINT('',(207.313,-26.334,0.));
#12002 = DIRECTION('',(1.,0.,-0.));
#12003 = DIRECTION('',(0.,-1.,0.));
#12004 = ADVANCED_FACE('',(#12005),#12016,.T.);
#12005 = FACE_BOUND('',#12006,.T.);
#12006 = EDGE_LOOP('',(#12007,#12008,#12009,#12015));
#12007 = ORIENTED_EDGE('',*,*,#11976,.T.);
#12008 = ORIENTED_EDGE('',*,*,#6071,.T.);
#12009 = ORIENTED_EDGE('',*,*,#12010,.F.);
#12010 = EDGE_CURVE('',#2622,#6064,#12011,.T.);
#12011 = LINE('',#12012,#12013);
#12012 = CARTESIAN_POINT('',(221.313,-26.334,0.));
#12013 = VECTOR('',#12014,1.);
#12014 = DIRECTION('',(0.,0.,1.));
#12015 = ORIENTED_EDGE('',*,*,#2629,.F.);
#12016 = PLANE('',#12017);
#12017 = AXIS2_PLACEMENT_3D('',#12018,#12019,#12020);
#12018 = CARTESIAN_POINT('',(221.313,-40.334,0.));
#12019 = DIRECTION('',(-1.,0.,0.));
#12020 = DIRECTION('',(0.,1.,0.));
#12021 = ADVANCED_FACE('',(#12022),#12028,.T.);
#12022 = FACE_BOUND('',#12023,.T.);
#12023 = EDGE_LOOP('',(#12024,#12025,#12026,#12027));
#12024 = ORIENTED_EDGE('',*,*,#12010,.T.);
#12025 = ORIENTED_EDGE('',*,*,#6063,.T.);
#12026 = ORIENTED_EDGE('',*,*,#11991,.F.);
#12027 = ORIENTED_EDGE('',*,*,#2621,.F.);
#12028 = PLANE('',#12029);
#12029 = AXIS2_PLACEMENT_3D('',#12030,#12031,#12032);
#12030 = CARTESIAN_POINT('',(221.313,-26.334,0.));
#12031 = DIRECTION('',(0.,-1.,0.));
#12032 = DIRECTION('',(-1.,0.,0.));
#12033 = ADVANCED_FACE('',(#12034),#12050,.T.);
#12034 = FACE_BOUND('',#12035,.T.);
#12035 = EDGE_LOOP('',(#12036,#12042,#12043,#12049));
#12036 = ORIENTED_EDGE('',*,*,#12037,.T.);
#12037 = EDGE_CURVE('',#2638,#6080,#12038,.T.);
#12038 = LINE('',#12039,#12040);
#12039 = CARTESIAN_POINT('',(226.363,-40.334,0.));
#12040 = VECTOR('',#12041,1.);
#12041 = DIRECTION('',(0.,0.,1.));
#12042 = ORIENTED_EDGE('',*,*,#6079,.T.);
#12043 = ORIENTED_EDGE('',*,*,#12044,.F.);
#12044 = EDGE_CURVE('',#2640,#6082,#12045,.T.);
#12045 = LINE('',#12046,#12047);
#12046 = CARTESIAN_POINT('',(240.363,-40.334,0.));
#12047 = VECTOR('',#12048,1.);
#12048 = DIRECTION('',(0.,0.,1.));
#12049 = ORIENTED_EDGE('',*,*,#2637,.F.);
#12050 = PLANE('',#12051);
#12051 = AXIS2_PLACEMENT_3D('',#12052,#12053,#12054);
#12052 = CARTESIAN_POINT('',(226.363,-40.334,0.));
#12053 = DIRECTION('',(0.,1.,0.));
#12054 = DIRECTION('',(1.,0.,0.));
#12055 = ADVANCED_FACE('',(#12056),#12067,.T.);
#12056 = FACE_BOUND('',#12057,.T.);
#12057 = EDGE_LOOP('',(#12058,#12064,#12065,#12066));
#12058 = ORIENTED_EDGE('',*,*,#12059,.T.);
#12059 = EDGE_CURVE('',#2648,#6090,#12060,.T.);
#12060 = LINE('',#12061,#12062);
#12061 = CARTESIAN_POINT('',(226.363,-26.334,0.));
#12062 = VECTOR('',#12063,1.);
#12063 = DIRECTION('',(0.,0.,1.));
#12064 = ORIENTED_EDGE('',*,*,#6089,.T.);
#12065 = ORIENTED_EDGE('',*,*,#12037,.F.);
#12066 = ORIENTED_EDGE('',*,*,#2647,.F.);
#12067 = PLANE('',#12068);
#12068 = AXIS2_PLACEMENT_3D('',#12069,#12070,#12071);
#12069 = CARTESIAN_POINT('',(226.363,-26.334,0.));
#12070 = DIRECTION('',(1.,0.,-0.));
#12071 = DIRECTION('',(0.,-1.,0.));
#12072 = ADVANCED_FACE('',(#12073),#12084,.T.);
#12073 = FACE_BOUND('',#12074,.T.);
#12074 = EDGE_LOOP('',(#12075,#12076,#12077,#12083));
#12075 = ORIENTED_EDGE('',*,*,#12044,.T.);
#12076 = ORIENTED_EDGE('',*,*,#6105,.T.);
#12077 = ORIENTED_EDGE('',*,*,#12078,.F.);
#12078 = EDGE_CURVE('',#2656,#6098,#12079,.T.);
#12079 = LINE('',#12080,#12081);
#12080 = CARTESIAN_POINT('',(240.363,-26.334,0.));
#12081 = VECTOR('',#12082,1.);
#12082 = DIRECTION('',(0.,0.,1.));
#12083 = ORIENTED_EDGE('',*,*,#2663,.F.);
#12084 = PLANE('',#12085);
#12085 = AXIS2_PLACEMENT_3D('',#12086,#12087,#12088);
#12086 = CARTESIAN_POINT('',(240.363,-40.334,0.));
#12087 = DIRECTION('',(-1.,0.,0.));
#12088 = DIRECTION('',(0.,1.,0.));
#12089 = ADVANCED_FACE('',(#12090),#12096,.T.);
#12090 = FACE_BOUND('',#12091,.T.);
#12091 = EDGE_LOOP('',(#12092,#12093,#12094,#12095));
#12092 = ORIENTED_EDGE('',*,*,#12078,.T.);
#12093 = ORIENTED_EDGE('',*,*,#6097,.T.);
#12094 = ORIENTED_EDGE('',*,*,#12059,.F.);
#12095 = ORIENTED_EDGE('',*,*,#2655,.F.);
#12096 = PLANE('',#12097);
#12097 = AXIS2_PLACEMENT_3D('',#12098,#12099,#12100);
#12098 = CARTESIAN_POINT('',(240.363,-26.334,0.));
#12099 = DIRECTION('',(0.,-1.,0.));
#12100 = DIRECTION('',(-1.,0.,0.));
#12101 = ADVANCED_FACE('',(#12102),#12118,.T.);
#12102 = FACE_BOUND('',#12103,.T.);
#12103 = EDGE_LOOP('',(#12104,#12110,#12111,#12117));
#12104 = ORIENTED_EDGE('',*,*,#12105,.T.);
#12105 = EDGE_CURVE('',#2672,#6114,#12106,.T.);
#12106 = LINE('',#12107,#12108);
#12107 = CARTESIAN_POINT('',(262.082,-50.084,0.));
#12108 = VECTOR('',#12109,1.);
#12109 = DIRECTION('',(0.,0.,1.));
#12110 = ORIENTED_EDGE('',*,*,#6113,.T.);
#12111 = ORIENTED_EDGE('',*,*,#12112,.F.);
#12112 = EDGE_CURVE('',#2674,#6116,#12113,.T.);
#12113 = LINE('',#12114,#12115);
#12114 = CARTESIAN_POINT('',(260.557,-50.084,0.));
#12115 = VECTOR('',#12116,1.);
#12116 = DIRECTION('',(0.,0.,1.));
#12117 = ORIENTED_EDGE('',*,*,#2671,.F.);
#12118 = PLANE('',#12119);
#12119 = AXIS2_PLACEMENT_3D('',#12120,#12121,#12122);
#12120 = CARTESIAN_POINT('',(262.082,-50.084,0.));
#12121 = DIRECTION('',(0.,-1.,0.));
#12122 = DIRECTION('',(-1.,0.,0.));
#12123 = ADVANCED_FACE('',(#12124),#12135,.T.);
#12124 = FACE_BOUND('',#12125,.T.);
#12125 = EDGE_LOOP('',(#12126,#12132,#12133,#12134));
#12126 = ORIENTED_EDGE('',*,*,#12127,.T.);
#12127 = EDGE_CURVE('',#2682,#6124,#12128,.T.);
#12128 = LINE('',#12129,#12130);
#12129 = CARTESIAN_POINT('',(262.082,-45.384,0.));
#12130 = VECTOR('',#12131,1.);
#12131 = DIRECTION('',(0.,0.,1.));
#12132 = ORIENTED_EDGE('',*,*,#6123,.T.);
#12133 = ORIENTED_EDGE('',*,*,#12105,.F.);
#12134 = ORIENTED_EDGE('',*,*,#2681,.F.);
#12135 = PLANE('',#12136);
#12136 = AXIS2_PLACEMENT_3D('',#12137,#12138,#12139);
#12137 = CARTESIAN_POINT('',(262.082,-45.384,0.));
#12138 = DIRECTION('',(1.,0.,-0.));
#12139 = DIRECTION('',(0.,-1.,0.));
#12140 = ADVANCED_FACE('',(#12141),#12152,.T.);
#12141 = FACE_BOUND('',#12142,.T.);
#12142 = EDGE_LOOP('',(#12143,#12144,#12145,#12151));
#12143 = ORIENTED_EDGE('',*,*,#12112,.T.);
#12144 = ORIENTED_EDGE('',*,*,#6395,.T.);
#12145 = ORIENTED_EDGE('',*,*,#12146,.F.);
#12146 = EDGE_CURVE('',#2946,#6388,#12147,.T.);
#12147 = LINE('',#12148,#12149);
#12148 = CARTESIAN_POINT('',(260.557,-46.854,0.));
#12149 = VECTOR('',#12150,1.);
#12150 = DIRECTION('',(0.,0.,1.));
#12151 = ORIENTED_EDGE('',*,*,#2953,.F.);
#12152 = PLANE('',#12153);
#12153 = AXIS2_PLACEMENT_3D('',#12154,#12155,#12156);
#12154 = CARTESIAN_POINT('',(260.557,-50.084,0.));
#12155 = DIRECTION('',(-1.,0.,0.));
#12156 = DIRECTION('',(0.,1.,0.));
#12157 = ADVANCED_FACE('',(#12158),#12169,.T.);
#12158 = FACE_BOUND('',#12159,.T.);
#12159 = EDGE_LOOP('',(#12160,#12166,#12167,#12168));
#12160 = ORIENTED_EDGE('',*,*,#12161,.T.);
#12161 = EDGE_CURVE('',#2690,#6132,#12162,.T.);
#12162 = LINE('',#12163,#12164);
#12163 = CARTESIAN_POINT('',(276.082,-45.384,0.));
#12164 = VECTOR('',#12165,1.);
#12165 = DIRECTION('',(0.,0.,1.));
#12166 = ORIENTED_EDGE('',*,*,#6131,.T.);
#12167 = ORIENTED_EDGE('',*,*,#12127,.F.);
#12168 = ORIENTED_EDGE('',*,*,#2689,.F.);
#12169 = PLANE('',#12170);
#12170 = AXIS2_PLACEMENT_3D('',#12171,#12172,#12173);
#12171 = CARTESIAN_POINT('',(276.082,-45.384,0.));
#12172 = DIRECTION('',(0.,-1.,0.));
#12173 = DIRECTION('',(-1.,0.,0.));
#12174 = ADVANCED_FACE('',(#12175),#12186,.T.);
#12175 = FACE_BOUND('',#12176,.T.);
#12176 = EDGE_LOOP('',(#12177,#12178,#12179,#12185));
#12177 = ORIENTED_EDGE('',*,*,#12146,.T.);
#12178 = ORIENTED_EDGE('',*,*,#6387,.T.);
#12179 = ORIENTED_EDGE('',*,*,#12180,.F.);
#12180 = EDGE_CURVE('',#2938,#6380,#12181,.T.);
#12181 = LINE('',#12182,#12183);
#12182 = CARTESIAN_POINT('',(253.806,-46.854,0.));
#12183 = VECTOR('',#12184,1.);
#12184 = DIRECTION('',(0.,0.,1.));
#12185 = ORIENTED_EDGE('',*,*,#2945,.F.);
#12186 = PLANE('',#12187);
#12187 = AXIS2_PLACEMENT_3D('',#12188,#12189,#12190);
#12188 = CARTESIAN_POINT('',(260.557,-46.854,0.));
#12189 = DIRECTION('',(0.,-1.,0.));
#12190 = DIRECTION('',(-1.,0.,0.));
#12191 = ADVANCED_FACE('',(#12192),#12203,.T.);
#12192 = FACE_BOUND('',#12193,.T.);
#12193 = EDGE_LOOP('',(#12194,#12200,#12201,#12202));
#12194 = ORIENTED_EDGE('',*,*,#12195,.T.);
#12195 = EDGE_CURVE('',#2698,#6140,#12196,.T.);
#12196 = LINE('',#12197,#12198);
#12197 = CARTESIAN_POINT('',(276.082,-50.084,0.));
#12198 = VECTOR('',#12199,1.);
#12199 = DIRECTION('',(0.,0.,1.));
#12200 = ORIENTED_EDGE('',*,*,#6139,.T.);
#12201 = ORIENTED_EDGE('',*,*,#12161,.F.);
#12202 = ORIENTED_EDGE('',*,*,#2697,.F.);
#12203 = PLANE('',#12204);
#12204 = AXIS2_PLACEMENT_3D('',#12205,#12206,#12207);
#12205 = CARTESIAN_POINT('',(276.082,-50.084,0.));
#12206 = DIRECTION('',(-1.,0.,0.));
#12207 = DIRECTION('',(0.,1.,0.));
#12208 = ADVANCED_FACE('',(#12209),#12220,.T.);
#12209 = FACE_BOUND('',#12210,.T.);
#12210 = EDGE_LOOP('',(#12211,#12212,#12213,#12219));
#12211 = ORIENTED_EDGE('',*,*,#12180,.T.);
#12212 = ORIENTED_EDGE('',*,*,#6379,.T.);
#12213 = ORIENTED_EDGE('',*,*,#12214,.F.);
#12214 = EDGE_CURVE('',#2930,#6372,#12215,.T.);
#12215 = LINE('',#12216,#12217);
#12216 = CARTESIAN_POINT('',(253.806,-50.084,0.));
#12217 = VECTOR('',#12218,1.);
#12218 = DIRECTION('',(0.,0.,1.));
#12219 = ORIENTED_EDGE('',*,*,#2937,.F.);
#12220 = PLANE('',#12221);
#12221 = AXIS2_PLACEMENT_3D('',#12222,#12223,#12224);
#12222 = CARTESIAN_POINT('',(253.806,-46.854,0.));
#12223 = DIRECTION('',(1.,0.,-0.));
#12224 = DIRECTION('',(0.,-1.,0.));
#12225 = ADVANCED_FACE('',(#12226),#12237,.T.);
#12226 = FACE_BOUND('',#12227,.T.);
#12227 = EDGE_LOOP('',(#12228,#12234,#12235,#12236));
#12228 = ORIENTED_EDGE('',*,*,#12229,.T.);
#12229 = EDGE_CURVE('',#2706,#6148,#12230,.T.);
#12230 = LINE('',#12231,#12232);
#12231 = CARTESIAN_POINT('',(277.607,-50.084,0.));
#12232 = VECTOR('',#12233,1.);
#12233 = DIRECTION('',(0.,0.,1.));
#12234 = ORIENTED_EDGE('',*,*,#6147,.T.);
#12235 = ORIENTED_EDGE('',*,*,#12195,.F.);
#12236 = ORIENTED_EDGE('',*,*,#2705,.F.);
#12237 = PLANE('',#12238);
#12238 = AXIS2_PLACEMENT_3D('',#12239,#12240,#12241);
#12239 = CARTESIAN_POINT('',(277.607,-50.084,0.));
#12240 = DIRECTION('',(0.,-1.,0.));
#12241 = DIRECTION('',(-1.,0.,0.));
#12242 = ADVANCED_FACE('',(#12243),#12254,.T.);
#12243 = FACE_BOUND('',#12244,.T.);
#12244 = EDGE_LOOP('',(#12245,#12246,#12247,#12253));
#12245 = ORIENTED_EDGE('',*,*,#12214,.T.);
#12246 = ORIENTED_EDGE('',*,*,#6371,.T.);
#12247 = ORIENTED_EDGE('',*,*,#12248,.F.);
#12248 = EDGE_CURVE('',#2922,#6364,#12249,.T.);
#12249 = LINE('',#12250,#12251);
#12250 = CARTESIAN_POINT('',(252.982,-50.084,0.));
#12251 = VECTOR('',#12252,1.);
#12252 = DIRECTION('',(0.,0.,1.));
#12253 = ORIENTED_EDGE('',*,*,#2929,.F.);
#12254 = PLANE('',#12255);
#12255 = AXIS2_PLACEMENT_3D('',#12256,#12257,#12258);
#12256 = CARTESIAN_POINT('',(253.806,-50.084,0.));
#12257 = DIRECTION('',(0.,-1.,0.));
#12258 = DIRECTION('',(-1.,0.,0.));
#12259 = ADVANCED_FACE('',(#12260),#12271,.T.);
#12260 = FACE_BOUND('',#12261,.T.);
#12261 = EDGE_LOOP('',(#12262,#12268,#12269,#12270));
#12262 = ORIENTED_EDGE('',*,*,#12263,.T.);
#12263 = EDGE_CURVE('',#2714,#6156,#12264,.T.);
#12264 = LINE('',#12265,#12266);
#12265 = CARTESIAN_POINT('',(277.607,-46.854,0.));
#12266 = VECTOR('',#12267,1.);
#12267 = DIRECTION('',(0.,0.,1.));
#12268 = ORIENTED_EDGE('',*,*,#6155,.T.);
#12269 = ORIENTED_EDGE('',*,*,#12229,.F.);
#12270 = ORIENTED_EDGE('',*,*,#2713,.F.);
#12271 = PLANE('',#12272);
#12272 = AXIS2_PLACEMENT_3D('',#12273,#12274,#12275);
#12273 = CARTESIAN_POINT('',(277.607,-46.854,0.));
#12274 = DIRECTION('',(1.,0.,-0.));
#12275 = DIRECTION('',(0.,-1.,0.));
#12276 = ADVANCED_FACE('',(#12277),#12288,.T.);
#12277 = FACE_BOUND('',#12278,.T.);
#12278 = EDGE_LOOP('',(#12279,#12280,#12281,#12287));
#12279 = ORIENTED_EDGE('',*,*,#12248,.T.);
#12280 = ORIENTED_EDGE('',*,*,#6363,.T.);
#12281 = ORIENTED_EDGE('',*,*,#12282,.F.);
#12282 = EDGE_CURVE('',#2914,#6356,#12283,.T.);
#12283 = LINE('',#12284,#12285);
#12284 = CARTESIAN_POINT('',(252.982,-52.884,0.));
#12285 = VECTOR('',#12286,1.);
#12286 = DIRECTION('',(0.,0.,1.));
#12287 = ORIENTED_EDGE('',*,*,#2921,.F.);
#12288 = PLANE('',#12289);
#12289 = AXIS2_PLACEMENT_3D('',#12290,#12291,#12292);
#12290 = CARTESIAN_POINT('',(252.982,-50.084,0.));
#12291 = DIRECTION('',(1.,0.,-0.));
#12292 = DIRECTION('',(0.,-1.,0.));
#12293 = ADVANCED_FACE('',(#12294),#12305,.T.);
#12294 = FACE_BOUND('',#12295,.T.);
#12295 = EDGE_LOOP('',(#12296,#12302,#12303,#12304));
#12296 = ORIENTED_EDGE('',*,*,#12297,.T.);
#12297 = EDGE_CURVE('',#2722,#6164,#12298,.T.);
#12298 = LINE('',#12299,#12300);
#12299 = CARTESIAN_POINT('',(284.357,-46.854,0.));
#12300 = VECTOR('',#12301,1.);
#12301 = DIRECTION('',(0.,0.,1.));
#12302 = ORIENTED_EDGE('',*,*,#6163,.T.);
#12303 = ORIENTED_EDGE('',*,*,#12263,.F.);
#12304 = ORIENTED_EDGE('',*,*,#2721,.F.);
#12305 = PLANE('',#12306);
#12306 = AXIS2_PLACEMENT_3D('',#12307,#12308,#12309);
#12307 = CARTESIAN_POINT('',(284.357,-46.854,0.));
#12308 = DIRECTION('',(0.,-1.,0.));
#12309 = DIRECTION('',(-1.,0.,0.));
#12310 = ADVANCED_FACE('',(#12311),#12322,.T.);
#12311 = FACE_BOUND('',#12312,.T.);
#12312 = EDGE_LOOP('',(#12313,#12314,#12315,#12321));
#12313 = ORIENTED_EDGE('',*,*,#12282,.T.);
#12314 = ORIENTED_EDGE('',*,*,#6355,.T.);
#12315 = ORIENTED_EDGE('',*,*,#12316,.F.);
#12316 = EDGE_CURVE('',#2906,#6348,#12317,.T.);
#12317 = LINE('',#12318,#12319);
#12318 = CARTESIAN_POINT('',(253.806,-52.884,0.));
#12319 = VECTOR('',#12320,1.);
#12320 = DIRECTION('',(0.,0.,1.));
#12321 = ORIENTED_EDGE('',*,*,#2913,.F.);
#12322 = PLANE('',#12323);
#12323 = AXIS2_PLACEMENT_3D('',#12324,#12325,#12326);
#12324 = CARTESIAN_POINT('',(252.982,-52.884,0.));
#12325 = DIRECTION('',(0.,1.,0.));
#12326 = DIRECTION('',(1.,0.,0.));
#12327 = ADVANCED_FACE('',(#12328),#12339,.T.);
#12328 = FACE_BOUND('',#12329,.T.);
#12329 = EDGE_LOOP('',(#12330,#12336,#12337,#12338));
#12330 = ORIENTED_EDGE('',*,*,#12331,.T.);
#12331 = EDGE_CURVE('',#2730,#6172,#12332,.T.);
#12332 = LINE('',#12333,#12334);
#12333 = CARTESIAN_POINT('',(284.357,-50.084,0.));
#12334 = VECTOR('',#12335,1.);
#12335 = DIRECTION('',(0.,0.,1.));
#12336 = ORIENTED_EDGE('',*,*,#6171,.T.);
#12337 = ORIENTED_EDGE('',*,*,#12297,.F.);
#12338 = ORIENTED_EDGE('',*,*,#2729,.F.);
#12339 = PLANE('',#12340);
#12340 = AXIS2_PLACEMENT_3D('',#12341,#12342,#12343);
#12341 = CARTESIAN_POINT('',(284.357,-50.084,0.));
#12342 = DIRECTION('',(-1.,0.,0.));
#12343 = DIRECTION('',(0.,1.,0.));
#12344 = ADVANCED_FACE('',(#12345),#12356,.T.);
#12345 = FACE_BOUND('',#12346,.T.);
#12346 = EDGE_LOOP('',(#12347,#12348,#12349,#12355));
#12347 = ORIENTED_EDGE('',*,*,#12316,.T.);
#12348 = ORIENTED_EDGE('',*,*,#6347,.T.);
#12349 = ORIENTED_EDGE('',*,*,#12350,.F.);
#12350 = EDGE_CURVE('',#2898,#6340,#12351,.T.);
#12351 = LINE('',#12352,#12353);
#12352 = CARTESIAN_POINT('',(253.806,-59.154,0.));
#12353 = VECTOR('',#12354,1.);
#12354 = DIRECTION('',(0.,0.,1.));
#12355 = ORIENTED_EDGE('',*,*,#2905,.F.);
#12356 = PLANE('',#12357);
#12357 = AXIS2_PLACEMENT_3D('',#12358,#12359,#12360);
#12358 = CARTESIAN_POINT('',(253.806,-52.884,0.));
#12359 = DIRECTION('',(1.,0.,-0.));
#12360 = DIRECTION('',(0.,-1.,0.));
#12361 = ADVANCED_FACE('',(#12362),#12373,.T.);
#12362 = FACE_BOUND('',#12363,.T.);
#12363 = EDGE_LOOP('',(#12364,#12370,#12371,#12372));
#12364 = ORIENTED_EDGE('',*,*,#12365,.T.);
#12365 = EDGE_CURVE('',#2738,#6180,#12366,.T.);
#12366 = LINE('',#12367,#12368);
#12367 = CARTESIAN_POINT('',(285.182,-50.084,0.));
#12368 = VECTOR('',#12369,1.);
#12369 = DIRECTION('',(0.,0.,1.));
#12370 = ORIENTED_EDGE('',*,*,#6179,.T.);
#12371 = ORIENTED_EDGE('',*,*,#12331,.F.);
#12372 = ORIENTED_EDGE('',*,*,#2737,.F.);
#12373 = PLANE('',#12374);
#12374 = AXIS2_PLACEMENT_3D('',#12375,#12376,#12377);
#12375 = CARTESIAN_POINT('',(285.182,-50.084,0.));
#12376 = DIRECTION('',(0.,-1.,0.));
#12377 = DIRECTION('',(-1.,0.,0.));
#12378 = ADVANCED_FACE('',(#12379),#12390,.T.);
#12379 = FACE_BOUND('',#12380,.T.);
#12380 = EDGE_LOOP('',(#12381,#12382,#12383,#12389));
#12381 = ORIENTED_EDGE('',*,*,#12350,.T.);
#12382 = ORIENTED_EDGE('',*,*,#6339,.T.);
#12383 = ORIENTED_EDGE('',*,*,#12384,.F.);
#12384 = EDGE_CURVE('',#2890,#6332,#12385,.T.);
#12385 = LINE('',#12386,#12387);
#12386 = CARTESIAN_POINT('',(255.532,-59.154,0.));
#12387 = VECTOR('',#12388,1.);
#12388 = DIRECTION('',(0.,0.,1.));
#12389 = ORIENTED_EDGE('',*,*,#2897,.F.);
#12390 = PLANE('',#12391);
#12391 = AXIS2_PLACEMENT_3D('',#12392,#12393,#12394);
#12392 = CARTESIAN_POINT('',(253.806,-59.154,0.));
#12393 = DIRECTION('',(0.,1.,0.));
#12394 = DIRECTION('',(1.,0.,0.));
#12395 = ADVANCED_FACE('',(#12396),#12407,.T.);
#12396 = FACE_BOUND('',#12397,.T.);
#12397 = EDGE_LOOP('',(#12398,#12404,#12405,#12406));
#12398 = ORIENTED_EDGE('',*,*,#12399,.T.);
#12399 = EDGE_CURVE('',#2746,#6188,#12400,.T.);
#12400 = LINE('',#12401,#12402);
#12401 = CARTESIAN_POINT('',(285.182,-52.884,0.));
#12402 = VECTOR('',#12403,1.);
#12403 = DIRECTION('',(0.,0.,1.));
#12404 = ORIENTED_EDGE('',*,*,#6187,.T.);
#12405 = ORIENTED_EDGE('',*,*,#12365,.F.);
#12406 = ORIENTED_EDGE('',*,*,#2745,.F.);
#12407 = PLANE('',#12408);
#12408 = AXIS2_PLACEMENT_3D('',#12409,#12410,#12411);
#12409 = CARTESIAN_POINT('',(285.182,-52.884,0.));
#12410 = DIRECTION('',(-1.,0.,0.));
#12411 = DIRECTION('',(0.,1.,0.));
#12412 = ADVANCED_FACE('',(#12413),#12424,.T.);
#12413 = FACE_BOUND('',#12414,.T.);
#12414 = EDGE_LOOP('',(#12415,#12416,#12417,#12423));
#12415 = ORIENTED_EDGE('',*,*,#12384,.T.);
#12416 = ORIENTED_EDGE('',*,*,#6331,.T.);
#12417 = ORIENTED_EDGE('',*,*,#12418,.F.);
#12418 = EDGE_CURVE('',#2882,#6324,#12419,.T.);
#12419 = LINE('',#12420,#12421);
#12420 = CARTESIAN_POINT('',(255.532,-60.354,0.));
#12421 = VECTOR('',#12422,1.);
#12422 = DIRECTION('',(0.,0.,1.));
#12423 = ORIENTED_EDGE('',*,*,#2889,.F.);
#12424 = PLANE('',#12425);
#12425 = AXIS2_PLACEMENT_3D('',#12426,#12427,#12428);
#12426 = CARTESIAN_POINT('',(255.532,-59.154,0.));
#12427 = DIRECTION('',(1.,0.,-0.));
#12428 = DIRECTION('',(0.,-1.,0.));
#12429 = ADVANCED_FACE('',(#12430),#12441,.T.);
#12430 = FACE_BOUND('',#12431,.T.);
#12431 = EDGE_LOOP('',(#12432,#12438,#12439,#12440));
#12432 = ORIENTED_EDGE('',*,*,#12433,.T.);
#12433 = EDGE_CURVE('',#2754,#6196,#12434,.T.);
#12434 = LINE('',#12435,#12436);
#12435 = CARTESIAN_POINT('',(284.357,-52.884,0.));
#12436 = VECTOR('',#12437,1.);
#12437 = DIRECTION('',(0.,0.,1.));
#12438 = ORIENTED_EDGE('',*,*,#6195,.T.);
#12439 = ORIENTED_EDGE('',*,*,#12399,.F.);
#12440 = ORIENTED_EDGE('',*,*,#2753,.F.);
#12441 = PLANE('',#12442);
#12442 = AXIS2_PLACEMENT_3D('',#12443,#12444,#12445);
#12443 = CARTESIAN_POINT('',(284.357,-52.884,0.));
#12444 = DIRECTION('',(0.,1.,0.));
#12445 = DIRECTION('',(1.,0.,0.));
#12446 = ADVANCED_FACE('',(#12447),#12458,.T.);
#12447 = FACE_BOUND('',#12448,.T.);
#12448 = EDGE_LOOP('',(#12449,#12450,#12451,#12457));
#12449 = ORIENTED_EDGE('',*,*,#12418,.T.);
#12450 = ORIENTED_EDGE('',*,*,#6323,.T.);
#12451 = ORIENTED_EDGE('',*,*,#12452,.F.);
#12452 = EDGE_CURVE('',#2874,#6316,#12453,.T.);
#12453 = LINE('',#12454,#12455);
#12454 = CARTESIAN_POINT('',(258.832,-60.354,0.));
#12455 = VECTOR('',#12456,1.);
#12456 = DIRECTION('',(0.,0.,1.));
#12457 = ORIENTED_EDGE('',*,*,#2881,.F.);
#12458 = PLANE('',#12459);
#12459 = AXIS2_PLACEMENT_3D('',#12460,#12461,#12462);
#12460 = CARTESIAN_POINT('',(255.532,-60.354,0.));
#12461 = DIRECTION('',(0.,1.,0.));
#12462 = DIRECTION('',(1.,0.,0.));
#12463 = ADVANCED_FACE('',(#12464),#12475,.T.);
#12464 = FACE_BOUND('',#12465,.T.);
#12465 = EDGE_LOOP('',(#12466,#12472,#12473,#12474));
#12466 = ORIENTED_EDGE('',*,*,#12467,.T.);
#12467 = EDGE_CURVE('',#2762,#6204,#12468,.T.);
#12468 = LINE('',#12469,#12470);
#12469 = CARTESIAN_POINT('',(284.357,-59.154,0.));
#12470 = VECTOR('',#12471,1.);
#12471 = DIRECTION('',(0.,0.,1.));
#12472 = ORIENTED_EDGE('',*,*,#6203,.T.);
#12473 = ORIENTED_EDGE('',*,*,#12433,.F.);
#12474 = ORIENTED_EDGE('',*,*,#2761,.F.);
#12475 = PLANE('',#12476);
#12476 = AXIS2_PLACEMENT_3D('',#12477,#12478,#12479);
#12477 = CARTESIAN_POINT('',(284.357,-59.154,0.));
#12478 = DIRECTION('',(-1.,0.,0.));
#12479 = DIRECTION('',(0.,1.,0.));
#12480 = ADVANCED_FACE('',(#12481),#12492,.T.);
#12481 = FACE_BOUND('',#12482,.T.);
#12482 = EDGE_LOOP('',(#12483,#12484,#12485,#12491));
#12483 = ORIENTED_EDGE('',*,*,#12452,.T.);
#12484 = ORIENTED_EDGE('',*,*,#6315,.T.);
#12485 = ORIENTED_EDGE('',*,*,#12486,.F.);
#12486 = EDGE_CURVE('',#2866,#6308,#12487,.T.);
#12487 = LINE('',#12488,#12489);
#12488 = CARTESIAN_POINT('',(258.832,-59.154,0.));
#12489 = VECTOR('',#12490,1.);
#12490 = DIRECTION('',(0.,0.,1.));
#12491 = ORIENTED_EDGE('',*,*,#2873,.F.);
#12492 = PLANE('',#12493);
#12493 = AXIS2_PLACEMENT_3D('',#12494,#12495,#12496);
#12494 = CARTESIAN_POINT('',(258.832,-60.354,0.));
#12495 = DIRECTION('',(-1.,0.,0.));
#12496 = DIRECTION('',(0.,1.,0.));
#12497 = ADVANCED_FACE('',(#12498),#12509,.T.);
#12498 = FACE_BOUND('',#12499,.T.);
#12499 = EDGE_LOOP('',(#12500,#12506,#12507,#12508));
#12500 = ORIENTED_EDGE('',*,*,#12501,.T.);
#12501 = EDGE_CURVE('',#2770,#6212,#12502,.T.);
#12502 = LINE('',#12503,#12504);
#12503 = CARTESIAN_POINT('',(282.632,-59.154,0.));
#12504 = VECTOR('',#12505,1.);
#12505 = DIRECTION('',(0.,0.,1.));
#12506 = ORIENTED_EDGE('',*,*,#6211,.T.);
#12507 = ORIENTED_EDGE('',*,*,#12467,.F.);
#12508 = ORIENTED_EDGE('',*,*,#2769,.F.);
#12509 = PLANE('',#12510);
#12510 = AXIS2_PLACEMENT_3D('',#12511,#12512,#12513);
#12511 = CARTESIAN_POINT('',(282.632,-59.154,0.));
#12512 = DIRECTION('',(0.,1.,0.));
#12513 = DIRECTION('',(1.,0.,0.));
#12514 = ADVANCED_FACE('',(#12515),#12526,.T.);
#12515 = FACE_BOUND('',#12516,.T.);
#12516 = EDGE_LOOP('',(#12517,#12518,#12519,#12525));
#12517 = ORIENTED_EDGE('',*,*,#12486,.T.);
#12518 = ORIENTED_EDGE('',*,*,#6307,.T.);
#12519 = ORIENTED_EDGE('',*,*,#12520,.F.);
#12520 = EDGE_CURVE('',#2858,#6300,#12521,.T.);
#12521 = LINE('',#12522,#12523);
#12522 = CARTESIAN_POINT('',(260.557,-59.154,0.));
#12523 = VECTOR('',#12524,1.);
#12524 = DIRECTION('',(0.,0.,1.));
#12525 = ORIENTED_EDGE('',*,*,#2865,.F.);
#12526 = PLANE('',#12527);
#12527 = AXIS2_PLACEMENT_3D('',#12528,#12529,#12530);
#12528 = CARTESIAN_POINT('',(258.832,-59.154,0.));
#12529 = DIRECTION('',(0.,1.,0.));
#12530 = DIRECTION('',(1.,0.,0.));
#12531 = ADVANCED_FACE('',(#12532),#12543,.T.);
#12532 = FACE_BOUND('',#12533,.T.);
#12533 = EDGE_LOOP('',(#12534,#12540,#12541,#12542));
#12534 = ORIENTED_EDGE('',*,*,#12535,.T.);
#12535 = EDGE_CURVE('',#2778,#6220,#12536,.T.);
#12536 = LINE('',#12537,#12538);
#12537 = CARTESIAN_POINT('',(282.632,-60.354,0.));
#12538 = VECTOR('',#12539,1.);
#12539 = DIRECTION('',(0.,0.,1.));
#12540 = ORIENTED_EDGE('',*,*,#6219,.T.);
#12541 = ORIENTED_EDGE('',*,*,#12501,.F.);
#12542 = ORIENTED_EDGE('',*,*,#2777,.F.);
#12543 = PLANE('',#12544);
#12544 = AXIS2_PLACEMENT_3D('',#12545,#12546,#12547);
#12545 = CARTESIAN_POINT('',(282.632,-60.354,0.));
#12546 = DIRECTION('',(-1.,0.,0.));
#12547 = DIRECTION('',(0.,1.,0.));
#12548 = ADVANCED_FACE('',(#12549),#12560,.T.);
#12549 = FACE_BOUND('',#12550,.T.);
#12550 = EDGE_LOOP('',(#12551,#12552,#12553,#12559));
#12551 = ORIENTED_EDGE('',*,*,#12520,.T.);
#12552 = ORIENTED_EDGE('',*,*,#6299,.T.);
#12553 = ORIENTED_EDGE('',*,*,#12554,.F.);
#12554 = EDGE_CURVE('',#2850,#6292,#12555,.T.);
#12555 = LINE('',#12556,#12557);
#12556 = CARTESIAN_POINT('',(260.557,-54.684,0.));
#12557 = VECTOR('',#12558,1.);
#12558 = DIRECTION('',(0.,0.,1.));
#12559 = ORIENTED_EDGE('',*,*,#2857,.F.);
#12560 = PLANE('',#12561);
#12561 = AXIS2_PLACEMENT_3D('',#12562,#12563,#12564);
#12562 = CARTESIAN_POINT('',(260.557,-59.154,0.));
#12563 = DIRECTION('',(-1.,0.,0.));
#12564 = DIRECTION('',(0.,1.,0.));
#12565 = ADVANCED_FACE('',(#12566),#12577,.T.);
#12566 = FACE_BOUND('',#12567,.T.);
#12567 = EDGE_LOOP('',(#12568,#12574,#12575,#12576));
#12568 = ORIENTED_EDGE('',*,*,#12569,.T.);
#12569 = EDGE_CURVE('',#2786,#6228,#12570,.T.);
#12570 = LINE('',#12571,#12572);
#12571 = CARTESIAN_POINT('',(279.332,-60.354,0.));
#12572 = VECTOR('',#12573,1.);
#12573 = DIRECTION('',(0.,0.,1.));
#12574 = ORIENTED_EDGE('',*,*,#6227,.T.);
#12575 = ORIENTED_EDGE('',*,*,#12535,.F.);
#12576 = ORIENTED_EDGE('',*,*,#2785,.F.);
#12577 = PLANE('',#12578);
#12578 = AXIS2_PLACEMENT_3D('',#12579,#12580,#12581);
#12579 = CARTESIAN_POINT('',(279.332,-60.354,0.));
#12580 = DIRECTION('',(0.,1.,0.));
#12581 = DIRECTION('',(1.,0.,0.));
#12582 = ADVANCED_FACE('',(#12583),#12594,.T.);
#12583 = FACE_BOUND('',#12584,.T.);
#12584 = EDGE_LOOP('',(#12585,#12586,#12587,#12593));
#12585 = ORIENTED_EDGE('',*,*,#12554,.T.);
#12586 = ORIENTED_EDGE('',*,*,#6291,.T.);
#12587 = ORIENTED_EDGE('',*,*,#12588,.F.);
#12588 = EDGE_CURVE('',#2842,#6284,#12589,.T.);
#12589 = LINE('',#12590,#12591);
#12590 = CARTESIAN_POINT('',(262.082,-54.684,0.));
#12591 = VECTOR('',#12592,1.);
#12592 = DIRECTION('',(0.,0.,1.));
#12593 = ORIENTED_EDGE('',*,*,#2849,.F.);
#12594 = PLANE('',#12595);
#12595 = AXIS2_PLACEMENT_3D('',#12596,#12597,#12598);
#12596 = CARTESIAN_POINT('',(260.557,-54.684,0.));
#12597 = DIRECTION('',(0.,1.,0.));
#12598 = DIRECTION('',(1.,0.,0.));
#12599 = ADVANCED_FACE('',(#12600),#12611,.T.);
#12600 = FACE_BOUND('',#12601,.T.);
#12601 = EDGE_LOOP('',(#12602,#12608,#12609,#12610));
#12602 = ORIENTED_EDGE('',*,*,#12603,.T.);
#12603 = EDGE_CURVE('',#2794,#6236,#12604,.T.);
#12604 = LINE('',#12605,#12606);
#12605 = CARTESIAN_POINT('',(279.332,-59.154,0.));
#12606 = VECTOR('',#12607,1.);
#12607 = DIRECTION('',(0.,0.,1.));
#12608 = ORIENTED_EDGE('',*,*,#6235,.T.);
#12609 = ORIENTED_EDGE('',*,*,#12569,.F.);
#12610 = ORIENTED_EDGE('',*,*,#2793,.F.);
#12611 = PLANE('',#12612);
#12612 = AXIS2_PLACEMENT_3D('',#12613,#12614,#12615);
#12613 = CARTESIAN_POINT('',(279.332,-59.154,0.));
#12614 = DIRECTION('',(1.,0.,-0.));
#12615 = DIRECTION('',(0.,-1.,0.));
#12616 = ADVANCED_FACE('',(#12617),#12628,.T.);
#12617 = FACE_BOUND('',#12618,.T.);
#12618 = EDGE_LOOP('',(#12619,#12620,#12621,#12627));
#12619 = ORIENTED_EDGE('',*,*,#12588,.T.);
#12620 = ORIENTED_EDGE('',*,*,#6283,.T.);
#12621 = ORIENTED_EDGE('',*,*,#12622,.F.);
#12622 = EDGE_CURVE('',#2834,#6276,#12623,.T.);
#12623 = LINE('',#12624,#12625);
#12624 = CARTESIAN_POINT('',(262.082,-59.384,0.));
#12625 = VECTOR('',#12626,1.);
#12626 = DIRECTION('',(0.,0.,1.));
#12627 = ORIENTED_EDGE('',*,*,#2841,.F.);
#12628 = PLANE('',#12629);
#12629 = AXIS2_PLACEMENT_3D('',#12630,#12631,#12632);
#12630 = CARTESIAN_POINT('',(262.082,-54.684,0.));
#12631 = DIRECTION('',(1.,0.,-0.));
#12632 = DIRECTION('',(0.,-1.,0.));
#12633 = ADVANCED_FACE('',(#12634),#12645,.T.);
#12634 = FACE_BOUND('',#12635,.T.);
#12635 = EDGE_LOOP('',(#12636,#12642,#12643,#12644));
#12636 = ORIENTED_EDGE('',*,*,#12637,.T.);
#12637 = EDGE_CURVE('',#2802,#6244,#12638,.T.);
#12638 = LINE('',#12639,#12640);
#12639 = CARTESIAN_POINT('',(277.607,-59.154,0.));
#12640 = VECTOR('',#12641,1.);
#12641 = DIRECTION('',(0.,0.,1.));
#12642 = ORIENTED_EDGE('',*,*,#6243,.T.);
#12643 = ORIENTED_EDGE('',*,*,#12603,.F.);
#12644 = ORIENTED_EDGE('',*,*,#2801,.F.);
#12645 = PLANE('',#12646);
#12646 = AXIS2_PLACEMENT_3D('',#12647,#12648,#12649);
#12647 = CARTESIAN_POINT('',(277.607,-59.154,0.));
#12648 = DIRECTION('',(0.,1.,0.));
#12649 = DIRECTION('',(1.,0.,0.));
#12650 = ADVANCED_FACE('',(#12651),#12662,.T.);
#12651 = FACE_BOUND('',#12652,.T.);
#12652 = EDGE_LOOP('',(#12653,#12654,#12655,#12661));
#12653 = ORIENTED_EDGE('',*,*,#12622,.T.);
#12654 = ORIENTED_EDGE('',*,*,#6275,.T.);
#12655 = ORIENTED_EDGE('',*,*,#12656,.F.);
#12656 = EDGE_CURVE('',#2826,#6268,#12657,.T.);
#12657 = LINE('',#12658,#12659);
#12658 = CARTESIAN_POINT('',(276.082,-59.384,0.));
#12659 = VECTOR('',#12660,1.);
#12660 = DIRECTION('',(0.,0.,1.));
#12661 = ORIENTED_EDGE('',*,*,#2833,.F.);
#12662 = PLANE('',#12663);
#12663 = AXIS2_PLACEMENT_3D('',#12664,#12665,#12666);
#12664 = CARTESIAN_POINT('',(262.082,-59.384,0.));
#12665 = DIRECTION('',(0.,1.,0.));
#12666 = DIRECTION('',(1.,0.,0.));
#12667 = ADVANCED_FACE('',(#12668),#12679,.T.);
#12668 = FACE_BOUND('',#12669,.T.);
#12669 = EDGE_LOOP('',(#12670,#12676,#12677,#12678));
#12670 = ORIENTED_EDGE('',*,*,#12671,.T.);
#12671 = EDGE_CURVE('',#2810,#6252,#12672,.T.);
#12672 = LINE('',#12673,#12674);
#12673 = CARTESIAN_POINT('',(277.607,-54.684,0.));
#12674 = VECTOR('',#12675,1.);
#12675 = DIRECTION('',(0.,0.,1.));
#12676 = ORIENTED_EDGE('',*,*,#6251,.T.);
#12677 = ORIENTED_EDGE('',*,*,#12637,.F.);
#12678 = ORIENTED_EDGE('',*,*,#2809,.F.);
#12679 = PLANE('',#12680);
#12680 = AXIS2_PLACEMENT_3D('',#12681,#12682,#12683);
#12681 = CARTESIAN_POINT('',(277.607,-54.684,0.));
#12682 = DIRECTION('',(1.,0.,-0.));
#12683 = DIRECTION('',(0.,-1.,0.));
#12684 = ADVANCED_FACE('',(#12685),#12696,.T.);
#12685 = FACE_BOUND('',#12686,.T.);
#12686 = EDGE_LOOP('',(#12687,#12688,#12689,#12695));
#12687 = ORIENTED_EDGE('',*,*,#12656,.T.);
#12688 = ORIENTED_EDGE('',*,*,#6267,.T.);
#12689 = ORIENTED_EDGE('',*,*,#12690,.F.);
#12690 = EDGE_CURVE('',#2818,#6260,#12691,.T.);
#12691 = LINE('',#12692,#12693);
#12692 = CARTESIAN_POINT('',(276.082,-54.684,0.));
#12693 = VECTOR('',#12694,1.);
#12694 = DIRECTION('',(0.,0.,1.));
#12695 = ORIENTED_EDGE('',*,*,#2825,.F.);
#12696 = PLANE('',#12697);
#12697 = AXIS2_PLACEMENT_3D('',#12698,#12699,#12700);
#12698 = CARTESIAN_POINT('',(276.082,-59.384,0.));
#12699 = DIRECTION('',(-1.,0.,0.));
#12700 = DIRECTION('',(0.,1.,0.));
#12701 = ADVANCED_FACE('',(#12702),#12708,.T.);
#12702 = FACE_BOUND('',#12703,.T.);
#12703 = EDGE_LOOP('',(#12704,#12705,#12706,#12707));
#12704 = ORIENTED_EDGE('',*,*,#12690,.T.);
#12705 = ORIENTED_EDGE('',*,*,#6259,.T.);
#12706 = ORIENTED_EDGE('',*,*,#12671,.F.);
#12707 = ORIENTED_EDGE('',*,*,#2817,.F.);
#12708 = PLANE('',#12709);
#12709 = AXIS2_PLACEMENT_3D('',#12710,#12711,#12712);
#12710 = CARTESIAN_POINT('',(276.082,-54.684,0.));
#12711 = DIRECTION('',(0.,1.,0.));
#12712 = DIRECTION('',(1.,0.,0.));
#12713 = ADVANCED_FACE('',(#12714),#12730,.T.);
#12714 = FACE_BOUND('',#12715,.T.);
#12715 = EDGE_LOOP('',(#12716,#12722,#12723,#12729));
#12716 = ORIENTED_EDGE('',*,*,#12717,.T.);
#12717 = EDGE_CURVE('',#2962,#6404,#12718,.T.);
#12718 = LINE('',#12719,#12720);
#12719 = CARTESIAN_POINT('',(245.413,-40.334,0.));
#12720 = VECTOR('',#12721,1.);
#12721 = DIRECTION('',(0.,0.,1.));
#12722 = ORIENTED_EDGE('',*,*,#6403,.T.);
#12723 = ORIENTED_EDGE('',*,*,#12724,.F.);
#12724 = EDGE_CURVE('',#2964,#6406,#12725,.T.);
#12725 = LINE('',#12726,#12727);
#12726 = CARTESIAN_POINT('',(259.413,-40.334,0.));
#12727 = VECTOR('',#12728,1.);
#12728 = DIRECTION('',(0.,0.,1.));
#12729 = ORIENTED_EDGE('',*,*,#2961,.F.);
#12730 = PLANE('',#12731);
#12731 = AXIS2_PLACEMENT_3D('',#12732,#12733,#12734);
#12732 = CARTESIAN_POINT('',(245.413,-40.334,0.));
#12733 = DIRECTION('',(0.,1.,0.));
#12734 = DIRECTION('',(1.,0.,0.));
#12735 = ADVANCED_FACE('',(#12736),#12747,.T.);
#12736 = FACE_BOUND('',#12737,.T.);
#12737 = EDGE_LOOP('',(#12738,#12744,#12745,#12746));
#12738 = ORIENTED_EDGE('',*,*,#12739,.T.);
#12739 = EDGE_CURVE('',#2972,#6414,#12740,.T.);
#12740 = LINE('',#12741,#12742);
#12741 = CARTESIAN_POINT('',(245.413,-26.334,0.));
#12742 = VECTOR('',#12743,1.);
#12743 = DIRECTION('',(0.,0.,1.));
#12744 = ORIENTED_EDGE('',*,*,#6413,.T.);
#12745 = ORIENTED_EDGE('',*,*,#12717,.F.);
#12746 = ORIENTED_EDGE('',*,*,#2971,.F.);
#12747 = PLANE('',#12748);
#12748 = AXIS2_PLACEMENT_3D('',#12749,#12750,#12751);
#12749 = CARTESIAN_POINT('',(245.413,-26.334,0.));
#12750 = DIRECTION('',(1.,0.,-0.));
#12751 = DIRECTION('',(0.,-1.,0.));
#12752 = ADVANCED_FACE('',(#12753),#12764,.T.);
#12753 = FACE_BOUND('',#12754,.T.);
#12754 = EDGE_LOOP('',(#12755,#12756,#12757,#12763));
#12755 = ORIENTED_EDGE('',*,*,#12724,.T.);
#12756 = ORIENTED_EDGE('',*,*,#6429,.T.);
#12757 = ORIENTED_EDGE('',*,*,#12758,.F.);
#12758 = EDGE_CURVE('',#2980,#6422,#12759,.T.);
#12759 = LINE('',#12760,#12761);
#12760 = CARTESIAN_POINT('',(259.413,-26.334,0.));
#12761 = VECTOR('',#12762,1.);
#12762 = DIRECTION('',(0.,0.,1.));
#12763 = ORIENTED_EDGE('',*,*,#2987,.F.);
#12764 = PLANE('',#12765);
#12765 = AXIS2_PLACEMENT_3D('',#12766,#12767,#12768);
#12766 = CARTESIAN_POINT('',(259.413,-40.334,0.));
#12767 = DIRECTION('',(-1.,0.,0.));
#12768 = DIRECTION('',(0.,1.,0.));
#12769 = ADVANCED_FACE('',(#12770),#12776,.T.);
#12770 = FACE_BOUND('',#12771,.T.);
#12771 = EDGE_LOOP('',(#12772,#12773,#12774,#12775));
#12772 = ORIENTED_EDGE('',*,*,#12758,.T.);
#12773 = ORIENTED_EDGE('',*,*,#6421,.T.);
#12774 = ORIENTED_EDGE('',*,*,#12739,.F.);
#12775 = ORIENTED_EDGE('',*,*,#2979,.F.);
#12776 = PLANE('',#12777);
#12777 = AXIS2_PLACEMENT_3D('',#12778,#12779,#12780);
#12778 = CARTESIAN_POINT('',(259.413,-26.334,0.));
#12779 = DIRECTION('',(0.,-1.,0.));
#12780 = DIRECTION('',(-1.,0.,0.));
#12781 = ADVANCED_FACE('',(#12782),#12798,.T.);
#12782 = FACE_BOUND('',#12783,.T.);
#12783 = EDGE_LOOP('',(#12784,#12790,#12791,#12797));
#12784 = ORIENTED_EDGE('',*,*,#12785,.T.);
#12785 = EDGE_CURVE('',#2996,#6438,#12786,.T.);
#12786 = LINE('',#12787,#12788);
#12787 = CARTESIAN_POINT('',(269.226,-40.334,0.));
#12788 = VECTOR('',#12789,1.);
#12789 = DIRECTION('',(0.,0.,1.));
#12790 = ORIENTED_EDGE('',*,*,#6437,.T.);
#12791 = ORIENTED_EDGE('',*,*,#12792,.F.);
#12792 = EDGE_CURVE('',#2998,#6440,#12793,.T.);
#12793 = LINE('',#12794,#12795);
#12794 = CARTESIAN_POINT('',(283.226,-40.334,0.));
#12795 = VECTOR('',#12796,1.);
#12796 = DIRECTION('',(0.,0.,1.));
#12797 = ORIENTED_EDGE('',*,*,#2995,.F.);
#12798 = PLANE('',#12799);
#12799 = AXIS2_PLACEMENT_3D('',#12800,#12801,#12802);
#12800 = CARTESIAN_POINT('',(269.226,-40.334,0.));
#12801 = DIRECTION('',(0.,1.,0.));
#12802 = DIRECTION('',(1.,0.,0.));
#12803 = ADVANCED_FACE('',(#12804),#12815,.T.);
#12804 = FACE_BOUND('',#12805,.T.);
#12805 = EDGE_LOOP('',(#12806,#12812,#12813,#12814));
#12806 = ORIENTED_EDGE('',*,*,#12807,.T.);
#12807 = EDGE_CURVE('',#3006,#6448,#12808,.T.);
#12808 = LINE('',#12809,#12810);
#12809 = CARTESIAN_POINT('',(269.226,-26.334,0.));
#12810 = VECTOR('',#12811,1.);
#12811 = DIRECTION('',(0.,0.,1.));
#12812 = ORIENTED_EDGE('',*,*,#6447,.T.);
#12813 = ORIENTED_EDGE('',*,*,#12785,.F.);
#12814 = ORIENTED_EDGE('',*,*,#3005,.F.);
#12815 = PLANE('',#12816);
#12816 = AXIS2_PLACEMENT_3D('',#12817,#12818,#12819);
#12817 = CARTESIAN_POINT('',(269.226,-26.334,0.));
#12818 = DIRECTION('',(1.,0.,-0.));
#12819 = DIRECTION('',(0.,-1.,0.));
#12820 = ADVANCED_FACE('',(#12821),#12832,.T.);
#12821 = FACE_BOUND('',#12822,.T.);
#12822 = EDGE_LOOP('',(#12823,#12824,#12825,#12831));
#12823 = ORIENTED_EDGE('',*,*,#12792,.T.);
#12824 = ORIENTED_EDGE('',*,*,#6463,.T.);
#12825 = ORIENTED_EDGE('',*,*,#12826,.F.);
#12826 = EDGE_CURVE('',#3014,#6456,#12827,.T.);
#12827 = LINE('',#12828,#12829);
#12828 = CARTESIAN_POINT('',(283.226,-26.334,0.));
#12829 = VECTOR('',#12830,1.);
#12830 = DIRECTION('',(0.,0.,1.));
#12831 = ORIENTED_EDGE('',*,*,#3021,.F.);
#12832 = PLANE('',#12833);
#12833 = AXIS2_PLACEMENT_3D('',#12834,#12835,#12836);
#12834 = CARTESIAN_POINT('',(283.226,-40.334,0.));
#12835 = DIRECTION('',(-1.,0.,0.));
#12836 = DIRECTION('',(0.,1.,0.));
#12837 = ADVANCED_FACE('',(#12838),#12844,.T.);
#12838 = FACE_BOUND('',#12839,.T.);
#12839 = EDGE_LOOP('',(#12840,#12841,#12842,#12843));
#12840 = ORIENTED_EDGE('',*,*,#12826,.T.);
#12841 = ORIENTED_EDGE('',*,*,#6455,.T.);
#12842 = ORIENTED_EDGE('',*,*,#12807,.F.);
#12843 = ORIENTED_EDGE('',*,*,#3013,.F.);
#12844 = PLANE('',#12845);
#12845 = AXIS2_PLACEMENT_3D('',#12846,#12847,#12848);
#12846 = CARTESIAN_POINT('',(283.226,-26.334,0.));
#12847 = DIRECTION('',(0.,-1.,0.));
#12848 = DIRECTION('',(-1.,0.,0.));
#12849 = ADVANCED_FACE('',(#12850),#12866,.T.);
#12850 = FACE_BOUND('',#12851,.T.);
#12851 = EDGE_LOOP('',(#12852,#12858,#12859,#12865));
#12852 = ORIENTED_EDGE('',*,*,#12853,.T.);
#12853 = EDGE_CURVE('',#3030,#6472,#12854,.T.);
#12854 = LINE('',#12855,#12856);
#12855 = CARTESIAN_POINT('',(296.826915,-56.85735,0.));
#12856 = VECTOR('',#12857,1.);
#12857 = DIRECTION('',(0.,0.,1.));
#12858 = ORIENTED_EDGE('',*,*,#6471,.T.);
#12859 = ORIENTED_EDGE('',*,*,#12860,.F.);
#12860 = EDGE_CURVE('',#3032,#6474,#12861,.T.);
#12861 = LINE('',#12862,#12863);
#12862 = CARTESIAN_POINT('',(299.765915,-56.85735,0.));
#12863 = VECTOR('',#12864,1.);
#12864 = DIRECTION('',(0.,0.,1.));
#12865 = ORIENTED_EDGE('',*,*,#3029,.F.);
#12866 = PLANE('',#12867);
#12867 = AXIS2_PLACEMENT_3D('',#12868,#12869,#12870);
#12868 = CARTESIAN_POINT('',(296.826915,-56.85735,0.));
#12869 = DIRECTION('',(0.,1.,0.));
#12870 = DIRECTION('',(1.,0.,0.));
#12871 = ADVANCED_FACE('',(#12872),#12883,.T.);
#12872 = FACE_BOUND('',#12873,.T.);
#12873 = EDGE_LOOP('',(#12874,#12880,#12881,#12882));
#12874 = ORIENTED_EDGE('',*,*,#12875,.T.);
#12875 = EDGE_CURVE('',#3040,#6482,#12876,.T.);
#12876 = LINE('',#12877,#12878);
#12877 = CARTESIAN_POINT('',(296.826915,-5.05825,0.));
#12878 = VECTOR('',#12879,1.);
#12879 = DIRECTION('',(0.,0.,1.));
#12880 = ORIENTED_EDGE('',*,*,#6481,.T.);
#12881 = ORIENTED_EDGE('',*,*,#12853,.F.);
#12882 = ORIENTED_EDGE('',*,*,#3039,.F.);
#12883 = PLANE('',#12884);
#12884 = AXIS2_PLACEMENT_3D('',#12885,#12886,#12887);
#12885 = CARTESIAN_POINT('',(296.826915,-5.05825,0.));
#12886 = DIRECTION('',(1.,0.,-0.));
#12887 = DIRECTION('',(0.,-1.,0.));
#12888 = ADVANCED_FACE('',(#12889),#12900,.T.);
#12889 = FACE_BOUND('',#12890,.T.);
#12890 = EDGE_LOOP('',(#12891,#12892,#12893,#12899));
#12891 = ORIENTED_EDGE('',*,*,#12860,.T.);
#12892 = ORIENTED_EDGE('',*,*,#6497,.T.);
#12893 = ORIENTED_EDGE('',*,*,#12894,.F.);
#12894 = EDGE_CURVE('',#3048,#6490,#12895,.T.);
#12895 = LINE('',#12896,#12897);
#12896 = CARTESIAN_POINT('',(299.765915,-5.05825,0.));
#12897 = VECTOR('',#12898,1.);
#12898 = DIRECTION('',(0.,0.,1.));
#12899 = ORIENTED_EDGE('',*,*,#3055,.F.);
#12900 = PLANE('',#12901);
#12901 = AXIS2_PLACEMENT_3D('',#12902,#12903,#12904);
#12902 = CARTESIAN_POINT('',(299.765915,-56.85735,0.));
#12903 = DIRECTION('',(-1.,0.,0.));
#12904 = DIRECTION('',(0.,1.,0.));
#12905 = ADVANCED_FACE('',(#12906),#12912,.T.);
#12906 = FACE_BOUND('',#12907,.T.);
#12907 = EDGE_LOOP('',(#12908,#12909,#12910,#12911));
#12908 = ORIENTED_EDGE('',*,*,#12894,.T.);
#12909 = ORIENTED_EDGE('',*,*,#6489,.T.);
#12910 = ORIENTED_EDGE('',*,*,#12875,.F.);
#12911 = ORIENTED_EDGE('',*,*,#3047,.F.);
#12912 = PLANE('',#12913);
#12913 = AXIS2_PLACEMENT_3D('',#12914,#12915,#12916);
#12914 = CARTESIAN_POINT('',(299.765915,-5.05825,0.));
#12915 = DIRECTION('',(0.,-1.,0.));
#12916 = DIRECTION('',(-1.,0.,0.));
#12917 = ADVANCED_FACE('',(#12918),#12934,.T.);
#12918 = FACE_BOUND('',#12919,.T.);
#12919 = EDGE_LOOP('',(#12920,#12926,#12927,#12933));
#12920 = ORIENTED_EDGE('',*,*,#12921,.T.);
#12921 = EDGE_CURVE('',#3064,#6506,#12922,.T.);
#12922 = LINE('',#12923,#12924);
#12923 = CARTESIAN_POINT('',(314.605915,-56.85735,0.));
#12924 = VECTOR('',#12925,1.);
#12925 = DIRECTION('',(0.,0.,1.));
#12926 = ORIENTED_EDGE('',*,*,#6505,.T.);
#12927 = ORIENTED_EDGE('',*,*,#12928,.F.);
#12928 = EDGE_CURVE('',#3066,#6508,#12929,.T.);
#12929 = LINE('',#12930,#12931);
#12930 = CARTESIAN_POINT('',(317.546915,-56.85735,0.));
#12931 = VECTOR('',#12932,1.);
#12932 = DIRECTION('',(0.,0.,1.));
#12933 = ORIENTED_EDGE('',*,*,#3063,.F.);
#12934 = PLANE('',#12935);
#12935 = AXIS2_PLACEMENT_3D('',#12936,#12937,#12938);
#12936 = CARTESIAN_POINT('',(314.605915,-56.85735,0.));
#12937 = DIRECTION('',(0.,1.,0.));
#12938 = DIRECTION('',(1.,0.,0.));
#12939 = ADVANCED_FACE('',(#12940),#12951,.T.);
#12940 = FACE_BOUND('',#12941,.T.);
#12941 = EDGE_LOOP('',(#12942,#12948,#12949,#12950));
#12942 = ORIENTED_EDGE('',*,*,#12943,.T.);
#12943 = EDGE_CURVE('',#3074,#6516,#12944,.T.);
#12944 = LINE('',#12945,#12946);
#12945 = CARTESIAN_POINT('',(314.605915,-5.05825,0.));
#12946 = VECTOR('',#12947,1.);
#12947 = DIRECTION('',(0.,0.,1.));
#12948 = ORIENTED_EDGE('',*,*,#6515,.T.);
#12949 = ORIENTED_EDGE('',*,*,#12921,.F.);
#12950 = ORIENTED_EDGE('',*,*,#3073,.F.);
#12951 = PLANE('',#12952);
#12952 = AXIS2_PLACEMENT_3D('',#12953,#12954,#12955);
#12953 = CARTESIAN_POINT('',(314.605915,-5.05825,0.));
#12954 = DIRECTION('',(1.,0.,-0.));
#12955 = DIRECTION('',(0.,-1.,0.));
#12956 = ADVANCED_FACE('',(#12957),#12968,.T.);
#12957 = FACE_BOUND('',#12958,.T.);
#12958 = EDGE_LOOP('',(#12959,#12960,#12961,#12967));
#12959 = ORIENTED_EDGE('',*,*,#12928,.T.);
#12960 = ORIENTED_EDGE('',*,*,#6531,.T.);
#12961 = ORIENTED_EDGE('',*,*,#12962,.F.);
#12962 = EDGE_CURVE('',#3082,#6524,#12963,.T.);
#12963 = LINE('',#12964,#12965);
#12964 = CARTESIAN_POINT('',(317.546915,-5.05825,0.));
#12965 = VECTOR('',#12966,1.);
#12966 = DIRECTION('',(0.,0.,1.));
#12967 = ORIENTED_EDGE('',*,*,#3089,.F.);
#12968 = PLANE('',#12969);
#12969 = AXIS2_PLACEMENT_3D('',#12970,#12971,#12972);
#12970 = CARTESIAN_POINT('',(317.546915,-56.85735,0.));
#12971 = DIRECTION('',(-1.,0.,0.));
#12972 = DIRECTION('',(0.,1.,0.));
#12973 = ADVANCED_FACE('',(#12974),#12980,.T.);
#12974 = FACE_BOUND('',#12975,.T.);
#12975 = EDGE_LOOP('',(#12976,#12977,#12978,#12979));
#12976 = ORIENTED_EDGE('',*,*,#12962,.T.);
#12977 = ORIENTED_EDGE('',*,*,#6523,.T.);
#12978 = ORIENTED_EDGE('',*,*,#12943,.F.);
#12979 = ORIENTED_EDGE('',*,*,#3081,.F.);
#12980 = PLANE('',#12981);
#12981 = AXIS2_PLACEMENT_3D('',#12982,#12983,#12984);
#12982 = CARTESIAN_POINT('',(317.546915,-5.05825,0.));
#12983 = DIRECTION('',(0.,-1.,0.));
#12984 = DIRECTION('',(-1.,0.,0.));
#12985 = ADVANCED_FACE('',(#12986),#13002,.T.);
#12986 = FACE_BOUND('',#12987,.T.);
#12987 = EDGE_LOOP('',(#12988,#12994,#12995,#13001));
#12988 = ORIENTED_EDGE('',*,*,#12989,.T.);
#12989 = EDGE_CURVE('',#3098,#6540,#12990,.T.);
#12990 = LINE('',#12991,#12992);
#12991 = CARTESIAN_POINT('',(159.688,-21.284,0.));
#12992 = VECTOR('',#12993,1.);
#12993 = DIRECTION('',(0.,0.,1.));
#12994 = ORIENTED_EDGE('',*,*,#6539,.T.);
#12995 = ORIENTED_EDGE('',*,*,#12996,.F.);
#12996 = EDGE_CURVE('',#3100,#6542,#12997,.T.);
#12997 = LINE('',#12998,#12999);
#12998 = CARTESIAN_POINT('',(173.688,-21.284,0.));
#12999 = VECTOR('',#13000,1.);
#13000 = DIRECTION('',(0.,0.,1.));
#13001 = ORIENTED_EDGE('',*,*,#3097,.F.);
#13002 = PLANE('',#13003);
#13003 = AXIS2_PLACEMENT_3D('',#13004,#13005,#13006);
#13004 = CARTESIAN_POINT('',(159.688,-21.284,0.));
#13005 = DIRECTION('',(0.,1.,0.));
#13006 = DIRECTION('',(1.,0.,0.));
#13007 = ADVANCED_FACE('',(#13008),#13019,.T.);
#13008 = FACE_BOUND('',#13009,.T.);
#13009 = EDGE_LOOP('',(#13010,#13016,#13017,#13018));
#13010 = ORIENTED_EDGE('',*,*,#13011,.T.);
#13011 = EDGE_CURVE('',#3108,#6550,#13012,.T.);
#13012 = LINE('',#13013,#13014);
#13013 = CARTESIAN_POINT('',(159.688,-7.284,0.));
#13014 = VECTOR('',#13015,1.);
#13015 = DIRECTION('',(0.,0.,1.));
#13016 = ORIENTED_EDGE('',*,*,#6549,.T.);
#13017 = ORIENTED_EDGE('',*,*,#12989,.F.);
#13018 = ORIENTED_EDGE('',*,*,#3107,.F.);
#13019 = PLANE('',#13020);
#13020 = AXIS2_PLACEMENT_3D('',#13021,#13022,#13023);
#13021 = CARTESIAN_POINT('',(159.688,-7.284,0.));
#13022 = DIRECTION('',(1.,0.,-0.));
#13023 = DIRECTION('',(0.,-1.,0.));
#13024 = ADVANCED_FACE('',(#13025),#13036,.T.);
#13025 = FACE_BOUND('',#13026,.T.);
#13026 = EDGE_LOOP('',(#13027,#13028,#13029,#13035));
#13027 = ORIENTED_EDGE('',*,*,#12996,.T.);
#13028 = ORIENTED_EDGE('',*,*,#6565,.T.);
#13029 = ORIENTED_EDGE('',*,*,#13030,.F.);
#13030 = EDGE_CURVE('',#3116,#6558,#13031,.T.);
#13031 = LINE('',#13032,#13033);
#13032 = CARTESIAN_POINT('',(173.688,-7.284,0.));
#13033 = VECTOR('',#13034,1.);
#13034 = DIRECTION('',(0.,0.,1.));
#13035 = ORIENTED_EDGE('',*,*,#3123,.F.);
#13036 = PLANE('',#13037);
#13037 = AXIS2_PLACEMENT_3D('',#13038,#13039,#13040);
#13038 = CARTESIAN_POINT('',(173.688,-21.284,0.));
#13039 = DIRECTION('',(-1.,0.,0.));
#13040 = DIRECTION('',(0.,1.,0.));
#13041 = ADVANCED_FACE('',(#13042),#13048,.T.);
#13042 = FACE_BOUND('',#13043,.T.);
#13043 = EDGE_LOOP('',(#13044,#13045,#13046,#13047));
#13044 = ORIENTED_EDGE('',*,*,#13030,.T.);
#13045 = ORIENTED_EDGE('',*,*,#6557,.T.);
#13046 = ORIENTED_EDGE('',*,*,#13011,.F.);
#13047 = ORIENTED_EDGE('',*,*,#3115,.F.);
#13048 = PLANE('',#13049);
#13049 = AXIS2_PLACEMENT_3D('',#13050,#13051,#13052);
#13050 = CARTESIAN_POINT('',(173.688,-7.284,0.));
#13051 = DIRECTION('',(0.,-1.,0.));
#13052 = DIRECTION('',(-1.,0.,0.));
#13053 = ADVANCED_FACE('',(#13054),#13070,.T.);
#13054 = FACE_BOUND('',#13055,.T.);
#13055 = EDGE_LOOP('',(#13056,#13062,#13063,#13069));
#13056 = ORIENTED_EDGE('',*,*,#13057,.T.);
#13057 = EDGE_CURVE('',#3132,#6574,#13058,.T.);
#13058 = LINE('',#13059,#13060);
#13059 = CARTESIAN_POINT('',(178.738,-21.284,0.));
#13060 = VECTOR('',#13061,1.);
#13061 = DIRECTION('',(0.,0.,1.));
#13062 = ORIENTED_EDGE('',*,*,#6573,.T.);
#13063 = ORIENTED_EDGE('',*,*,#13064,.F.);
#13064 = EDGE_CURVE('',#3134,#6576,#13065,.T.);
#13065 = LINE('',#13066,#13067);
#13066 = CARTESIAN_POINT('',(192.738,-21.284,0.));
#13067 = VECTOR('',#13068,1.);
#13068 = DIRECTION('',(0.,0.,1.));
#13069 = ORIENTED_EDGE('',*,*,#3131,.F.);
#13070 = PLANE('',#13071);
#13071 = AXIS2_PLACEMENT_3D('',#13072,#13073,#13074);
#13072 = CARTESIAN_POINT('',(178.738,-21.284,0.));
#13073 = DIRECTION('',(0.,1.,0.));
#13074 = DIRECTION('',(1.,0.,0.));
#13075 = ADVANCED_FACE('',(#13076),#13087,.T.);
#13076 = FACE_BOUND('',#13077,.T.);
#13077 = EDGE_LOOP('',(#13078,#13084,#13085,#13086));
#13078 = ORIENTED_EDGE('',*,*,#13079,.T.);
#13079 = EDGE_CURVE('',#3142,#6584,#13080,.T.);
#13080 = LINE('',#13081,#13082);
#13081 = CARTESIAN_POINT('',(178.738,-7.284,0.));
#13082 = VECTOR('',#13083,1.);
#13083 = DIRECTION('',(0.,0.,1.));
#13084 = ORIENTED_EDGE('',*,*,#6583,.T.);
#13085 = ORIENTED_EDGE('',*,*,#13057,.F.);
#13086 = ORIENTED_EDGE('',*,*,#3141,.F.);
#13087 = PLANE('',#13088);
#13088 = AXIS2_PLACEMENT_3D('',#13089,#13090,#13091);
#13089 = CARTESIAN_POINT('',(178.738,-7.284,0.));
#13090 = DIRECTION('',(1.,0.,-0.));
#13091 = DIRECTION('',(0.,-1.,0.));
#13092 = ADVANCED_FACE('',(#13093),#13104,.T.);
#13093 = FACE_BOUND('',#13094,.T.);
#13094 = EDGE_LOOP('',(#13095,#13096,#13097,#13103));
#13095 = ORIENTED_EDGE('',*,*,#13064,.T.);
#13096 = ORIENTED_EDGE('',*,*,#6599,.T.);
#13097 = ORIENTED_EDGE('',*,*,#13098,.F.);
#13098 = EDGE_CURVE('',#3150,#6592,#13099,.T.);
#13099 = LINE('',#13100,#13101);
#13100 = CARTESIAN_POINT('',(192.738,-7.284,0.));
#13101 = VECTOR('',#13102,1.);
#13102 = DIRECTION('',(0.,0.,1.));
#13103 = ORIENTED_EDGE('',*,*,#3157,.F.);
#13104 = PLANE('',#13105);
#13105 = AXIS2_PLACEMENT_3D('',#13106,#13107,#13108);
#13106 = CARTESIAN_POINT('',(192.738,-21.284,0.));
#13107 = DIRECTION('',(-1.,0.,0.));
#13108 = DIRECTION('',(0.,1.,0.));
#13109 = ADVANCED_FACE('',(#13110),#13116,.T.);
#13110 = FACE_BOUND('',#13111,.T.);
#13111 = EDGE_LOOP('',(#13112,#13113,#13114,#13115));
#13112 = ORIENTED_EDGE('',*,*,#13098,.T.);
#13113 = ORIENTED_EDGE('',*,*,#6591,.T.);
#13114 = ORIENTED_EDGE('',*,*,#13079,.F.);
#13115 = ORIENTED_EDGE('',*,*,#3149,.F.);
#13116 = PLANE('',#13117);
#13117 = AXIS2_PLACEMENT_3D('',#13118,#13119,#13120);
#13118 = CARTESIAN_POINT('',(192.738,-7.284,0.));
#13119 = DIRECTION('',(0.,-1.,0.));
#13120 = DIRECTION('',(-1.,0.,0.));
#13121 = ADVANCED_FACE('',(#13122),#13138,.T.);
#13122 = FACE_BOUND('',#13123,.T.);
#13123 = EDGE_LOOP('',(#13124,#13130,#13131,#13137));
#13124 = ORIENTED_EDGE('',*,*,#13125,.T.);
#13125 = EDGE_CURVE('',#3166,#6608,#13126,.T.);
#13126 = LINE('',#13127,#13128);
#13127 = CARTESIAN_POINT('',(197.788,-21.284,0.));
#13128 = VECTOR('',#13129,1.);
#13129 = DIRECTION('',(0.,0.,1.));
#13130 = ORIENTED_EDGE('',*,*,#6607,.T.);
#13131 = ORIENTED_EDGE('',*,*,#13132,.F.);
#13132 = EDGE_CURVE('',#3168,#6610,#13133,.T.);
#13133 = LINE('',#13134,#13135);
#13134 = CARTESIAN_POINT('',(211.788,-21.284,0.));
#13135 = VECTOR('',#13136,1.);
#13136 = DIRECTION('',(0.,0.,1.));
#13137 = ORIENTED_EDGE('',*,*,#3165,.F.);
#13138 = PLANE('',#13139);
#13139 = AXIS2_PLACEMENT_3D('',#13140,#13141,#13142);
#13140 = CARTESIAN_POINT('',(197.788,-21.284,0.));
#13141 = DIRECTION('',(0.,1.,0.));
#13142 = DIRECTION('',(1.,0.,0.));
#13143 = ADVANCED_FACE('',(#13144),#13155,.T.);
#13144 = FACE_BOUND('',#13145,.T.);
#13145 = EDGE_LOOP('',(#13146,#13152,#13153,#13154));
#13146 = ORIENTED_EDGE('',*,*,#13147,.T.);
#13147 = EDGE_CURVE('',#3176,#6618,#13148,.T.);
#13148 = LINE('',#13149,#13150);
#13149 = CARTESIAN_POINT('',(197.788,-7.284,0.));
#13150 = VECTOR('',#13151,1.);
#13151 = DIRECTION('',(0.,0.,1.));
#13152 = ORIENTED_EDGE('',*,*,#6617,.T.);
#13153 = ORIENTED_EDGE('',*,*,#13125,.F.);
#13154 = ORIENTED_EDGE('',*,*,#3175,.F.);
#13155 = PLANE('',#13156);
#13156 = AXIS2_PLACEMENT_3D('',#13157,#13158,#13159);
#13157 = CARTESIAN_POINT('',(197.788,-7.284,0.));
#13158 = DIRECTION('',(1.,0.,-0.));
#13159 = DIRECTION('',(0.,-1.,0.));
#13160 = ADVANCED_FACE('',(#13161),#13172,.T.);
#13161 = FACE_BOUND('',#13162,.T.);
#13162 = EDGE_LOOP('',(#13163,#13164,#13165,#13171));
#13163 = ORIENTED_EDGE('',*,*,#13132,.T.);
#13164 = ORIENTED_EDGE('',*,*,#6633,.T.);
#13165 = ORIENTED_EDGE('',*,*,#13166,.F.);
#13166 = EDGE_CURVE('',#3184,#6626,#13167,.T.);
#13167 = LINE('',#13168,#13169);
#13168 = CARTESIAN_POINT('',(211.788,-7.284,0.));
#13169 = VECTOR('',#13170,1.);
#13170 = DIRECTION('',(0.,0.,1.));
#13171 = ORIENTED_EDGE('',*,*,#3191,.F.);
#13172 = PLANE('',#13173);
#13173 = AXIS2_PLACEMENT_3D('',#13174,#13175,#13176);
#13174 = CARTESIAN_POINT('',(211.788,-21.284,0.));
#13175 = DIRECTION('',(-1.,0.,0.));
#13176 = DIRECTION('',(0.,1.,0.));
#13177 = ADVANCED_FACE('',(#13178),#13184,.T.);
#13178 = FACE_BOUND('',#13179,.T.);
#13179 = EDGE_LOOP('',(#13180,#13181,#13182,#13183));
#13180 = ORIENTED_EDGE('',*,*,#13166,.T.);
#13181 = ORIENTED_EDGE('',*,*,#6625,.T.);
#13182 = ORIENTED_EDGE('',*,*,#13147,.F.);
#13183 = ORIENTED_EDGE('',*,*,#3183,.F.);
#13184 = PLANE('',#13185);
#13185 = AXIS2_PLACEMENT_3D('',#13186,#13187,#13188);
#13186 = CARTESIAN_POINT('',(211.788,-7.284,0.));
#13187 = DIRECTION('',(0.,-1.,0.));
#13188 = DIRECTION('',(-1.,0.,0.));
#13189 = ADVANCED_FACE('',(#13190),#13206,.T.);
#13190 = FACE_BOUND('',#13191,.T.);
#13191 = EDGE_LOOP('',(#13192,#13198,#13199,#13205));
#13192 = ORIENTED_EDGE('',*,*,#13193,.T.);
#13193 = EDGE_CURVE('',#3200,#6642,#13194,.T.);
#13194 = LINE('',#13195,#13196);
#13195 = CARTESIAN_POINT('',(216.838,-21.284,0.));
#13196 = VECTOR('',#13197,1.);
#13197 = DIRECTION('',(0.,0.,1.));
#13198 = ORIENTED_EDGE('',*,*,#6641,.T.);
#13199 = ORIENTED_EDGE('',*,*,#13200,.F.);
#13200 = EDGE_CURVE('',#3202,#6644,#13201,.T.);
#13201 = LINE('',#13202,#13203);
#13202 = CARTESIAN_POINT('',(230.838,-21.284,0.));
#13203 = VECTOR('',#13204,1.);
#13204 = DIRECTION('',(0.,0.,1.));
#13205 = ORIENTED_EDGE('',*,*,#3199,.F.);
#13206 = PLANE('',#13207);
#13207 = AXIS2_PLACEMENT_3D('',#13208,#13209,#13210);
#13208 = CARTESIAN_POINT('',(216.838,-21.284,0.));
#13209 = DIRECTION('',(0.,1.,0.));
#13210 = DIRECTION('',(1.,0.,0.));
#13211 = ADVANCED_FACE('',(#13212),#13223,.T.);
#13212 = FACE_BOUND('',#13213,.T.);
#13213 = EDGE_LOOP('',(#13214,#13220,#13221,#13222));
#13214 = ORIENTED_EDGE('',*,*,#13215,.T.);
#13215 = EDGE_CURVE('',#3210,#6652,#13216,.T.);
#13216 = LINE('',#13217,#13218);
#13217 = CARTESIAN_POINT('',(216.838,-7.284,0.));
#13218 = VECTOR('',#13219,1.);
#13219 = DIRECTION('',(0.,0.,1.));
#13220 = ORIENTED_EDGE('',*,*,#6651,.T.);
#13221 = ORIENTED_EDGE('',*,*,#13193,.F.);
#13222 = ORIENTED_EDGE('',*,*,#3209,.F.);
#13223 = PLANE('',#13224);
#13224 = AXIS2_PLACEMENT_3D('',#13225,#13226,#13227);
#13225 = CARTESIAN_POINT('',(216.838,-7.284,0.));
#13226 = DIRECTION('',(1.,0.,-0.));
#13227 = DIRECTION('',(0.,-1.,0.));
#13228 = ADVANCED_FACE('',(#13229),#13240,.T.);
#13229 = FACE_BOUND('',#13230,.T.);
#13230 = EDGE_LOOP('',(#13231,#13232,#13233,#13239));
#13231 = ORIENTED_EDGE('',*,*,#13200,.T.);
#13232 = ORIENTED_EDGE('',*,*,#6667,.T.);
#13233 = ORIENTED_EDGE('',*,*,#13234,.F.);
#13234 = EDGE_CURVE('',#3218,#6660,#13235,.T.);
#13235 = LINE('',#13236,#13237);
#13236 = CARTESIAN_POINT('',(230.838,-7.284,0.));
#13237 = VECTOR('',#13238,1.);
#13238 = DIRECTION('',(0.,0.,1.));
#13239 = ORIENTED_EDGE('',*,*,#3225,.F.);
#13240 = PLANE('',#13241);
#13241 = AXIS2_PLACEMENT_3D('',#13242,#13243,#13244);
#13242 = CARTESIAN_POINT('',(230.838,-21.284,0.));
#13243 = DIRECTION('',(-1.,0.,0.));
#13244 = DIRECTION('',(0.,1.,0.));
#13245 = ADVANCED_FACE('',(#13246),#13252,.T.);
#13246 = FACE_BOUND('',#13247,.T.);
#13247 = EDGE_LOOP('',(#13248,#13249,#13250,#13251));
#13248 = ORIENTED_EDGE('',*,*,#13234,.T.);
#13249 = ORIENTED_EDGE('',*,*,#6659,.T.);
#13250 = ORIENTED_EDGE('',*,*,#13215,.F.);
#13251 = ORIENTED_EDGE('',*,*,#3217,.F.);
#13252 = PLANE('',#13253);
#13253 = AXIS2_PLACEMENT_3D('',#13254,#13255,#13256);
#13254 = CARTESIAN_POINT('',(230.838,-7.284,0.));
#13255 = DIRECTION('',(0.,-1.,0.));
#13256 = DIRECTION('',(-1.,0.,0.));
#13257 = ADVANCED_FACE('',(#13258),#13269,.F.);
#13258 = FACE_BOUND('',#13259,.T.);
#13259 = EDGE_LOOP('',(#13260,#13261,#13267,#13268));
#13260 = ORIENTED_EDGE('',*,*,#3233,.T.);
#13261 = ORIENTED_EDGE('',*,*,#13262,.T.);
#13262 = EDGE_CURVE('',#3234,#6676,#13263,.T.);
#13263 = LINE('',#13264,#13265);
#13264 = CARTESIAN_POINT('',(215.106916,-3.48125,-4.6E-02));
#13265 = VECTOR('',#13266,1.);
#13266 = DIRECTION('',(0.,0.,1.));
#13267 = ORIENTED_EDGE('',*,*,#6675,.F.);
#13268 = ORIENTED_EDGE('',*,*,#13262,.F.);
#13269 = CYLINDRICAL_SURFACE('',#13270,1.1);
#13270 = AXIS2_PLACEMENT_3D('',#13271,#13272,#13273);
#13271 = CARTESIAN_POINT('',(215.106916,-2.38125,-4.6E-02));
#13272 = DIRECTION('',(-0.,-0.,-1.));
#13273 = DIRECTION('',(-0.,-1.,0.));
#13274 = ADVANCED_FACE('',(#13275),#13291,.T.);
#13275 = FACE_BOUND('',#13276,.T.);
#13276 = EDGE_LOOP('',(#13277,#13283,#13284,#13290));
#13277 = ORIENTED_EDGE('',*,*,#13278,.T.);
#13278 = EDGE_CURVE('',#3245,#6687,#13279,.T.);
#13279 = LINE('',#13280,#13281);
#13280 = CARTESIAN_POINT('',(264.463,-11.984,0.));
#13281 = VECTOR('',#13282,1.);
#13282 = DIRECTION('',(0.,0.,1.));
#13283 = ORIENTED_EDGE('',*,*,#6686,.T.);
#13284 = ORIENTED_EDGE('',*,*,#13285,.F.);
#13285 = EDGE_CURVE('',#3247,#6689,#13286,.T.);
#13286 = LINE('',#13287,#13288);
#13287 = CARTESIAN_POINT('',(262.938,-11.984,0.));
#13288 = VECTOR('',#13289,1.);
#13289 = DIRECTION('',(0.,0.,1.));
#13290 = ORIENTED_EDGE('',*,*,#3244,.F.);
#13291 = PLANE('',#13292);
#13292 = AXIS2_PLACEMENT_3D('',#13293,#13294,#13295);
#13293 = CARTESIAN_POINT('',(264.463,-11.984,0.));
#13294 = DIRECTION('',(0.,-1.,0.));
#13295 = DIRECTION('',(-1.,0.,0.));
#13296 = ADVANCED_FACE('',(#13297),#13308,.T.);
#13297 = FACE_BOUND('',#13298,.T.);
#13298 = EDGE_LOOP('',(#13299,#13305,#13306,#13307));
#13299 = ORIENTED_EDGE('',*,*,#13300,.T.);
#13300 = EDGE_CURVE('',#3255,#6697,#13301,.T.);
#13301 = LINE('',#13302,#13303);
#13302 = CARTESIAN_POINT('',(264.463,-7.284,0.));
#13303 = VECTOR('',#13304,1.);
#13304 = DIRECTION('',(0.,0.,1.));
#13305 = ORIENTED_EDGE('',*,*,#6696,.T.);
#13306 = ORIENTED_EDGE('',*,*,#13278,.F.);
#13307 = ORIENTED_EDGE('',*,*,#3254,.F.);
#13308 = PLANE('',#13309);
#13309 = AXIS2_PLACEMENT_3D('',#13310,#13311,#13312);
#13310 = CARTESIAN_POINT('',(264.463,-7.284,0.));
#13311 = DIRECTION('',(1.,0.,-0.));
#13312 = DIRECTION('',(0.,-1.,0.));
#13313 = ADVANCED_FACE('',(#13314),#13325,.T.);
#13314 = FACE_BOUND('',#13315,.T.);
#13315 = EDGE_LOOP('',(#13316,#13317,#13318,#13324));
#13316 = ORIENTED_EDGE('',*,*,#13285,.T.);
#13317 = ORIENTED_EDGE('',*,*,#6968,.T.);
#13318 = ORIENTED_EDGE('',*,*,#13319,.F.);
#13319 = EDGE_CURVE('',#3519,#6961,#13320,.T.);
#13320 = LINE('',#13321,#13322);
#13321 = CARTESIAN_POINT('',(262.938,-8.754,0.));
#13322 = VECTOR('',#13323,1.);
#13323 = DIRECTION('',(0.,0.,1.));
#13324 = ORIENTED_EDGE('',*,*,#3526,.F.);
#13325 = PLANE('',#13326);
#13326 = AXIS2_PLACEMENT_3D('',#13327,#13328,#13329);
#13327 = CARTESIAN_POINT('',(262.938,-11.984,0.));
#13328 = DIRECTION('',(-1.,0.,0.));
#13329 = DIRECTION('',(0.,1.,0.));
#13330 = ADVANCED_FACE('',(#13331),#13342,.T.);
#13331 = FACE_BOUND('',#13332,.T.);
#13332 = EDGE_LOOP('',(#13333,#13339,#13340,#13341));
#13333 = ORIENTED_EDGE('',*,*,#13334,.T.);
#13334 = EDGE_CURVE('',#3263,#6705,#13335,.T.);
#13335 = LINE('',#13336,#13337);
#13336 = CARTESIAN_POINT('',(278.463,-7.284,0.));
#13337 = VECTOR('',#13338,1.);
#13338 = DIRECTION('',(0.,0.,1.));
#13339 = ORIENTED_EDGE('',*,*,#6704,.T.);
#13340 = ORIENTED_EDGE('',*,*,#13300,.F.);
#13341 = ORIENTED_EDGE('',*,*,#3262,.F.);
#13342 = PLANE('',#13343);
#13343 = AXIS2_PLACEMENT_3D('',#13344,#13345,#13346);
#13344 = CARTESIAN_POINT('',(278.463,-7.284,0.));
#13345 = DIRECTION('',(0.,-1.,0.));
#13346 = DIRECTION('',(-1.,0.,0.));
#13347 = ADVANCED_FACE('',(#13348),#13359,.T.);
#13348 = FACE_BOUND('',#13349,.T.);
#13349 = EDGE_LOOP('',(#13350,#13351,#13352,#13358));
#13350 = ORIENTED_EDGE('',*,*,#13319,.T.);
#13351 = ORIENTED_EDGE('',*,*,#6960,.T.);
#13352 = ORIENTED_EDGE('',*,*,#13353,.F.);
#13353 = EDGE_CURVE('',#3511,#6953,#13354,.T.);
#13354 = LINE('',#13355,#13356);
#13355 = CARTESIAN_POINT('',(256.188,-8.754,0.));
#13356 = VECTOR('',#13357,1.);
#13357 = DIRECTION('',(0.,0.,1.));
#13358 = ORIENTED_EDGE('',*,*,#3518,.F.);
#13359 = PLANE('',#13360);
#13360 = AXIS2_PLACEMENT_3D('',#13361,#13362,#13363);
#13361 = CARTESIAN_POINT('',(262.938,-8.754,0.));
#13362 = DIRECTION('',(0.,-1.,0.));
#13363 = DIRECTION('',(-1.,0.,0.));
#13364 = ADVANCED_FACE('',(#13365),#13376,.T.);
#13365 = FACE_BOUND('',#13366,.T.);
#13366 = EDGE_LOOP('',(#13367,#13373,#13374,#13375));
#13367 = ORIENTED_EDGE('',*,*,#13368,.T.);
#13368 = EDGE_CURVE('',#3271,#6713,#13369,.T.);
#13369 = LINE('',#13370,#13371);
#13370 = CARTESIAN_POINT('',(278.463,-11.984,0.));
#13371 = VECTOR('',#13372,1.);
#13372 = DIRECTION('',(0.,0.,1.));
#13373 = ORIENTED_EDGE('',*,*,#6712,.T.);
#13374 = ORIENTED_EDGE('',*,*,#13334,.F.);
#13375 = ORIENTED_EDGE('',*,*,#3270,.F.);
#13376 = PLANE('',#13377);
#13377 = AXIS2_PLACEMENT_3D('',#13378,#13379,#13380);
#13378 = CARTESIAN_POINT('',(278.463,-11.984,0.));
#13379 = DIRECTION('',(-1.,0.,0.));
#13380 = DIRECTION('',(0.,1.,0.));
#13381 = ADVANCED_FACE('',(#13382),#13393,.T.);
#13382 = FACE_BOUND('',#13383,.T.);
#13383 = EDGE_LOOP('',(#13384,#13385,#13386,#13392));
#13384 = ORIENTED_EDGE('',*,*,#13353,.T.);
#13385 = ORIENTED_EDGE('',*,*,#6952,.T.);
#13386 = ORIENTED_EDGE('',*,*,#13387,.F.);
#13387 = EDGE_CURVE('',#3503,#6945,#13388,.T.);
#13388 = LINE('',#13389,#13390);
#13389 = CARTESIAN_POINT('',(256.188,-11.984,0.));
#13390 = VECTOR('',#13391,1.);
#13391 = DIRECTION('',(0.,0.,1.));
#13392 = ORIENTED_EDGE('',*,*,#3510,.F.);
#13393 = PLANE('',#13394);
#13394 = AXIS2_PLACEMENT_3D('',#13395,#13396,#13397);
#13395 = CARTESIAN_POINT('',(256.188,-8.754,0.));
#13396 = DIRECTION('',(1.,0.,-0.));
#13397 = DIRECTION('',(0.,-1.,0.));
#13398 = ADVANCED_FACE('',(#13399),#13410,.T.);
#13399 = FACE_BOUND('',#13400,.T.);
#13400 = EDGE_LOOP('',(#13401,#13407,#13408,#13409));
#13401 = ORIENTED_EDGE('',*,*,#13402,.T.);
#13402 = EDGE_CURVE('',#3279,#6721,#13403,.T.);
#13403 = LINE('',#13404,#13405);
#13404 = CARTESIAN_POINT('',(279.988,-11.984,0.));
#13405 = VECTOR('',#13406,1.);
#13406 = DIRECTION('',(0.,0.,1.));
#13407 = ORIENTED_EDGE('',*,*,#6720,.T.);
#13408 = ORIENTED_EDGE('',*,*,#13368,.F.);
#13409 = ORIENTED_EDGE('',*,*,#3278,.F.);
#13410 = PLANE('',#13411);
#13411 = AXIS2_PLACEMENT_3D('',#13412,#13413,#13414);
#13412 = CARTESIAN_POINT('',(279.988,-11.984,0.));
#13413 = DIRECTION('',(0.,-1.,0.));
#13414 = DIRECTION('',(-1.,0.,0.));
#13415 = ADVANCED_FACE('',(#13416),#13427,.T.);
#13416 = FACE_BOUND('',#13417,.T.);
#13417 = EDGE_LOOP('',(#13418,#13419,#13420,#13426));
#13418 = ORIENTED_EDGE('',*,*,#13387,.T.);
#13419 = ORIENTED_EDGE('',*,*,#6944,.T.);
#13420 = ORIENTED_EDGE('',*,*,#13421,.F.);
#13421 = EDGE_CURVE('',#3495,#6937,#13422,.T.);
#13422 = LINE('',#13423,#13424);
#13423 = CARTESIAN_POINT('',(255.363,-11.984,0.));
#13424 = VECTOR('',#13425,1.);
#13425 = DIRECTION('',(0.,0.,1.));
#13426 = ORIENTED_EDGE('',*,*,#3502,.F.);
#13427 = PLANE('',#13428);
#13428 = AXIS2_PLACEMENT_3D('',#13429,#13430,#13431);
#13429 = CARTESIAN_POINT('',(256.188,-11.984,0.));
#13430 = DIRECTION('',(0.,-1.,0.));
#13431 = DIRECTION('',(-1.,0.,0.));
#13432 = ADVANCED_FACE('',(#13433),#13444,.T.);
#13433 = FACE_BOUND('',#13434,.T.);
#13434 = EDGE_LOOP('',(#13435,#13441,#13442,#13443));
#13435 = ORIENTED_EDGE('',*,*,#13436,.T.);
#13436 = EDGE_CURVE('',#3287,#6729,#13437,.T.);
#13437 = LINE('',#13438,#13439);
#13438 = CARTESIAN_POINT('',(279.988,-8.754,0.));
#13439 = VECTOR('',#13440,1.);
#13440 = DIRECTION('',(0.,0.,1.));
#13441 = ORIENTED_EDGE('',*,*,#6728,.T.);
#13442 = ORIENTED_EDGE('',*,*,#13402,.F.);
#13443 = ORIENTED_EDGE('',*,*,#3286,.F.);
#13444 = PLANE('',#13445);
#13445 = AXIS2_PLACEMENT_3D('',#13446,#13447,#13448);
#13446 = CARTESIAN_POINT('',(279.988,-8.754,0.));
#13447 = DIRECTION('',(1.,0.,-0.));
#13448 = DIRECTION('',(0.,-1.,0.));
#13449 = ADVANCED_FACE('',(#13450),#13461,.T.);
#13450 = FACE_BOUND('',#13451,.T.);
#13451 = EDGE_LOOP('',(#13452,#13453,#13454,#13460));
#13452 = ORIENTED_EDGE('',*,*,#13421,.T.);
#13453 = ORIENTED_EDGE('',*,*,#6936,.T.);
#13454 = ORIENTED_EDGE('',*,*,#13455,.F.);
#13455 = EDGE_CURVE('',#3487,#6929,#13456,.T.);
#13456 = LINE('',#13457,#13458);
#13457 = CARTESIAN_POINT('',(255.363,-14.784,0.));
#13458 = VECTOR('',#13459,1.);
#13459 = DIRECTION('',(0.,0.,1.));
#13460 = ORIENTED_EDGE('',*,*,#3494,.F.);
#13461 = PLANE('',#13462);
#13462 = AXIS2_PLACEMENT_3D('',#13463,#13464,#13465);
#13463 = CARTESIAN_POINT('',(255.363,-11.984,0.));
#13464 = DIRECTION('',(1.,0.,-0.));
#13465 = DIRECTION('',(0.,-1.,0.));
#13466 = ADVANCED_FACE('',(#13467),#13478,.T.);
#13467 = FACE_BOUND('',#13468,.T.);
#13468 = EDGE_LOOP('',(#13469,#13475,#13476,#13477));
#13469 = ORIENTED_EDGE('',*,*,#13470,.T.);
#13470 = EDGE_CURVE('',#3295,#6737,#13471,.T.);
#13471 = LINE('',#13472,#13473);
#13472 = CARTESIAN_POINT('',(286.738,-8.754,0.));
#13473 = VECTOR('',#13474,1.);
#13474 = DIRECTION('',(0.,0.,1.));
#13475 = ORIENTED_EDGE('',*,*,#6736,.T.);
#13476 = ORIENTED_EDGE('',*,*,#13436,.F.);
#13477 = ORIENTED_EDGE('',*,*,#3294,.F.);
#13478 = PLANE('',#13479);
#13479 = AXIS2_PLACEMENT_3D('',#13480,#13481,#13482);
#13480 = CARTESIAN_POINT('',(286.738,-8.754,0.));
#13481 = DIRECTION('',(0.,-1.,0.));
#13482 = DIRECTION('',(-1.,0.,0.));
#13483 = ADVANCED_FACE('',(#13484),#13495,.T.);
#13484 = FACE_BOUND('',#13485,.T.);
#13485 = EDGE_LOOP('',(#13486,#13487,#13488,#13494));
#13486 = ORIENTED_EDGE('',*,*,#13455,.T.);
#13487 = ORIENTED_EDGE('',*,*,#6928,.T.);
#13488 = ORIENTED_EDGE('',*,*,#13489,.F.);
#13489 = EDGE_CURVE('',#3479,#6921,#13490,.T.);
#13490 = LINE('',#13491,#13492);
#13491 = CARTESIAN_POINT('',(256.188,-14.784,0.));
#13492 = VECTOR('',#13493,1.);
#13493 = DIRECTION('',(0.,0.,1.));
#13494 = ORIENTED_EDGE('',*,*,#3486,.F.);
#13495 = PLANE('',#13496);
#13496 = AXIS2_PLACEMENT_3D('',#13497,#13498,#13499);
#13497 = CARTESIAN_POINT('',(255.363,-14.784,0.));
#13498 = DIRECTION('',(0.,1.,0.));
#13499 = DIRECTION('',(1.,0.,0.));
#13500 = ADVANCED_FACE('',(#13501),#13512,.T.);
#13501 = FACE_BOUND('',#13502,.T.);
#13502 = EDGE_LOOP('',(#13503,#13509,#13510,#13511));
#13503 = ORIENTED_EDGE('',*,*,#13504,.T.);
#13504 = EDGE_CURVE('',#3303,#6745,#13505,.T.);
#13505 = LINE('',#13506,#13507);
#13506 = CARTESIAN_POINT('',(286.738,-11.984,0.));
#13507 = VECTOR('',#13508,1.);
#13508 = DIRECTION('',(0.,0.,1.));
#13509 = ORIENTED_EDGE('',*,*,#6744,.T.);
#13510 = ORIENTED_EDGE('',*,*,#13470,.F.);
#13511 = ORIENTED_EDGE('',*,*,#3302,.F.);
#13512 = PLANE('',#13513);
#13513 = AXIS2_PLACEMENT_3D('',#13514,#13515,#13516);
#13514 = CARTESIAN_POINT('',(286.738,-11.984,0.));
#13515 = DIRECTION('',(-1.,0.,0.));
#13516 = DIRECTION('',(0.,1.,0.));
#13517 = ADVANCED_FACE('',(#13518),#13529,.T.);
#13518 = FACE_BOUND('',#13519,.T.);
#13519 = EDGE_LOOP('',(#13520,#13521,#13522,#13528));
#13520 = ORIENTED_EDGE('',*,*,#13489,.T.);
#13521 = ORIENTED_EDGE('',*,*,#6920,.T.);
#13522 = ORIENTED_EDGE('',*,*,#13523,.F.);
#13523 = EDGE_CURVE('',#3471,#6913,#13524,.T.);
#13524 = LINE('',#13525,#13526);
#13525 = CARTESIAN_POINT('',(256.188,-21.054,0.));
#13526 = VECTOR('',#13527,1.);
#13527 = DIRECTION('',(0.,0.,1.));
#13528 = ORIENTED_EDGE('',*,*,#3478,.F.);
#13529 = PLANE('',#13530);
#13530 = AXIS2_PLACEMENT_3D('',#13531,#13532,#13533);
#13531 = CARTESIAN_POINT('',(256.188,-14.784,0.));
#13532 = DIRECTION('',(1.,0.,-0.));
#13533 = DIRECTION('',(0.,-1.,0.));
#13534 = ADVANCED_FACE('',(#13535),#13546,.T.);
#13535 = FACE_BOUND('',#13536,.T.);
#13536 = EDGE_LOOP('',(#13537,#13543,#13544,#13545));
#13537 = ORIENTED_EDGE('',*,*,#13538,.T.);
#13538 = EDGE_CURVE('',#3311,#6753,#13539,.T.);
#13539 = LINE('',#13540,#13541);
#13540 = CARTESIAN_POINT('',(287.563,-11.984,0.));
#13541 = VECTOR('',#13542,1.);
#13542 = DIRECTION('',(0.,0.,1.));
#13543 = ORIENTED_EDGE('',*,*,#6752,.T.);
#13544 = ORIENTED_EDGE('',*,*,#13504,.F.);
#13545 = ORIENTED_EDGE('',*,*,#3310,.F.);
#13546 = PLANE('',#13547);
#13547 = AXIS2_PLACEMENT_3D('',#13548,#13549,#13550);
#13548 = CARTESIAN_POINT('',(287.563,-11.984,0.));
#13549 = DIRECTION('',(0.,-1.,0.));
#13550 = DIRECTION('',(-1.,0.,0.));
#13551 = ADVANCED_FACE('',(#13552),#13563,.T.);
#13552 = FACE_BOUND('',#13553,.T.);
#13553 = EDGE_LOOP('',(#13554,#13555,#13556,#13562));
#13554 = ORIENTED_EDGE('',*,*,#13523,.T.);
#13555 = ORIENTED_EDGE('',*,*,#6912,.T.);
#13556 = ORIENTED_EDGE('',*,*,#13557,.F.);
#13557 = EDGE_CURVE('',#3463,#6905,#13558,.T.);
#13558 = LINE('',#13559,#13560);
#13559 = CARTESIAN_POINT('',(257.913,-21.054,0.));
#13560 = VECTOR('',#13561,1.);
#13561 = DIRECTION('',(0.,0.,1.));
#13562 = ORIENTED_EDGE('',*,*,#3470,.F.);
#13563 = PLANE('',#13564);
#13564 = AXIS2_PLACEMENT_3D('',#13565,#13566,#13567);
#13565 = CARTESIAN_POINT('',(256.188,-21.054,0.));
#13566 = DIRECTION('',(0.,1.,0.));
#13567 = DIRECTION('',(1.,0.,0.));
#13568 = ADVANCED_FACE('',(#13569),#13580,.T.);
#13569 = FACE_BOUND('',#13570,.T.);
#13570 = EDGE_LOOP('',(#13571,#13577,#13578,#13579));
#13571 = ORIENTED_EDGE('',*,*,#13572,.T.);
#13572 = EDGE_CURVE('',#3319,#6761,#13573,.T.);
#13573 = LINE('',#13574,#13575);
#13574 = CARTESIAN_POINT('',(287.563,-14.784,0.));
#13575 = VECTOR('',#13576,1.);
#13576 = DIRECTION('',(0.,0.,1.));
#13577 = ORIENTED_EDGE('',*,*,#6760,.T.);
#13578 = ORIENTED_EDGE('',*,*,#13538,.F.);
#13579 = ORIENTED_EDGE('',*,*,#3318,.F.);
#13580 = PLANE('',#13581);
#13581 = AXIS2_PLACEMENT_3D('',#13582,#13583,#13584);
#13582 = CARTESIAN_POINT('',(287.563,-14.784,0.));
#13583 = DIRECTION('',(-1.,0.,0.));
#13584 = DIRECTION('',(0.,1.,0.));
#13585 = ADVANCED_FACE('',(#13586),#13597,.T.);
#13586 = FACE_BOUND('',#13587,.T.);
#13587 = EDGE_LOOP('',(#13588,#13589,#13590,#13596));
#13588 = ORIENTED_EDGE('',*,*,#13557,.T.);
#13589 = ORIENTED_EDGE('',*,*,#6904,.T.);
#13590 = ORIENTED_EDGE('',*,*,#13591,.F.);
#13591 = EDGE_CURVE('',#3455,#6897,#13592,.T.);
#13592 = LINE('',#13593,#13594);
#13593 = CARTESIAN_POINT('',(257.913,-22.254,0.));
#13594 = VECTOR('',#13595,1.);
#13595 = DIRECTION('',(0.,0.,1.));
#13596 = ORIENTED_EDGE('',*,*,#3462,.F.);
#13597 = PLANE('',#13598);
#13598 = AXIS2_PLACEMENT_3D('',#13599,#13600,#13601);
#13599 = CARTESIAN_POINT('',(257.913,-21.054,0.));
#13600 = DIRECTION('',(1.,0.,-0.));
#13601 = DIRECTION('',(0.,-1.,0.));
#13602 = ADVANCED_FACE('',(#13603),#13614,.T.);
#13603 = FACE_BOUND('',#13604,.T.);
#13604 = EDGE_LOOP('',(#13605,#13611,#13612,#13613));
#13605 = ORIENTED_EDGE('',*,*,#13606,.T.);
#13606 = EDGE_CURVE('',#3327,#6769,#13607,.T.);
#13607 = LINE('',#13608,#13609);
#13608 = CARTESIAN_POINT('',(286.738,-14.784,0.));
#13609 = VECTOR('',#13610,1.);
#13610 = DIRECTION('',(0.,0.,1.));
#13611 = ORIENTED_EDGE('',*,*,#6768,.T.);
#13612 = ORIENTED_EDGE('',*,*,#13572,.F.);
#13613 = ORIENTED_EDGE('',*,*,#3326,.F.);
#13614 = PLANE('',#13615);
#13615 = AXIS2_PLACEMENT_3D('',#13616,#13617,#13618);
#13616 = CARTESIAN_POINT('',(286.738,-14.784,0.));
#13617 = DIRECTION('',(0.,1.,0.));
#13618 = DIRECTION('',(1.,0.,0.));
#13619 = ADVANCED_FACE('',(#13620),#13631,.T.);
#13620 = FACE_BOUND('',#13621,.T.);
#13621 = EDGE_LOOP('',(#13622,#13623,#13624,#13630));
#13622 = ORIENTED_EDGE('',*,*,#13591,.T.);
#13623 = ORIENTED_EDGE('',*,*,#6896,.T.);
#13624 = ORIENTED_EDGE('',*,*,#13625,.F.);
#13625 = EDGE_CURVE('',#3447,#6889,#13626,.T.);
#13626 = LINE('',#13627,#13628);
#13627 = CARTESIAN_POINT('',(261.213,-22.254,0.));
#13628 = VECTOR('',#13629,1.);
#13629 = DIRECTION('',(0.,0.,1.));
#13630 = ORIENTED_EDGE('',*,*,#3454,.F.);
#13631 = PLANE('',#13632);
#13632 = AXIS2_PLACEMENT_3D('',#13633,#13634,#13635);
#13633 = CARTESIAN_POINT('',(257.913,-22.254,0.));
#13634 = DIRECTION('',(0.,1.,0.));
#13635 = DIRECTION('',(1.,0.,0.));
#13636 = ADVANCED_FACE('',(#13637),#13648,.T.);
#13637 = FACE_BOUND('',#13638,.T.);
#13638 = EDGE_LOOP('',(#13639,#13645,#13646,#13647));
#13639 = ORIENTED_EDGE('',*,*,#13640,.T.);
#13640 = EDGE_CURVE('',#3335,#6777,#13641,.T.);
#13641 = LINE('',#13642,#13643);
#13642 = CARTESIAN_POINT('',(286.738,-21.054,0.));
#13643 = VECTOR('',#13644,1.);
#13644 = DIRECTION('',(0.,0.,1.));
#13645 = ORIENTED_EDGE('',*,*,#6776,.T.);
#13646 = ORIENTED_EDGE('',*,*,#13606,.F.);
#13647 = ORIENTED_EDGE('',*,*,#3334,.F.);
#13648 = PLANE('',#13649);
#13649 = AXIS2_PLACEMENT_3D('',#13650,#13651,#13652);
#13650 = CARTESIAN_POINT('',(286.738,-21.054,0.));
#13651 = DIRECTION('',(-1.,0.,0.));
#13652 = DIRECTION('',(0.,1.,0.));
#13653 = ADVANCED_FACE('',(#13654),#13665,.T.);
#13654 = FACE_BOUND('',#13655,.T.);
#13655 = EDGE_LOOP('',(#13656,#13657,#13658,#13664));
#13656 = ORIENTED_EDGE('',*,*,#13625,.T.);
#13657 = ORIENTED_EDGE('',*,*,#6888,.T.);
#13658 = ORIENTED_EDGE('',*,*,#13659,.F.);
#13659 = EDGE_CURVE('',#3439,#6881,#13660,.T.);
#13660 = LINE('',#13661,#13662);
#13661 = CARTESIAN_POINT('',(261.213,-21.054,0.));
#13662 = VECTOR('',#13663,1.);
#13663 = DIRECTION('',(0.,0.,1.));
#13664 = ORIENTED_EDGE('',*,*,#3446,.F.);
#13665 = PLANE('',#13666);
#13666 = AXIS2_PLACEMENT_3D('',#13667,#13668,#13669);
#13667 = CARTESIAN_POINT('',(261.213,-22.254,0.));
#13668 = DIRECTION('',(-1.,0.,0.));
#13669 = DIRECTION('',(0.,1.,0.));
#13670 = ADVANCED_FACE('',(#13671),#13682,.T.);
#13671 = FACE_BOUND('',#13672,.T.);
#13672 = EDGE_LOOP('',(#13673,#13679,#13680,#13681));
#13673 = ORIENTED_EDGE('',*,*,#13674,.T.);
#13674 = EDGE_CURVE('',#3343,#6785,#13675,.T.);
#13675 = LINE('',#13676,#13677);
#13676 = CARTESIAN_POINT('',(285.013,-21.054,0.));
#13677 = VECTOR('',#13678,1.);
#13678 = DIRECTION('',(0.,0.,1.));
#13679 = ORIENTED_EDGE('',*,*,#6784,.T.);
#13680 = ORIENTED_EDGE('',*,*,#13640,.F.);
#13681 = ORIENTED_EDGE('',*,*,#3342,.F.);
#13682 = PLANE('',#13683);
#13683 = AXIS2_PLACEMENT_3D('',#13684,#13685,#13686);
#13684 = CARTESIAN_POINT('',(285.013,-21.054,0.));
#13685 = DIRECTION('',(0.,1.,0.));
#13686 = DIRECTION('',(1.,0.,0.));
#13687 = ADVANCED_FACE('',(#13688),#13699,.T.);
#13688 = FACE_BOUND('',#13689,.T.);
#13689 = EDGE_LOOP('',(#13690,#13691,#13692,#13698));
#13690 = ORIENTED_EDGE('',*,*,#13659,.T.);
#13691 = ORIENTED_EDGE('',*,*,#6880,.T.);
#13692 = ORIENTED_EDGE('',*,*,#13693,.F.);
#13693 = EDGE_CURVE('',#3431,#6873,#13694,.T.);
#13694 = LINE('',#13695,#13696);
#13695 = CARTESIAN_POINT('',(262.938,-21.054,0.));
#13696 = VECTOR('',#13697,1.);
#13697 = DIRECTION('',(0.,0.,1.));
#13698 = ORIENTED_EDGE('',*,*,#3438,.F.);
#13699 = PLANE('',#13700);
#13700 = AXIS2_PLACEMENT_3D('',#13701,#13702,#13703);
#13701 = CARTESIAN_POINT('',(261.213,-21.054,0.));
#13702 = DIRECTION('',(0.,1.,0.));
#13703 = DIRECTION('',(1.,0.,0.));
#13704 = ADVANCED_FACE('',(#13705),#13716,.T.);
#13705 = FACE_BOUND('',#13706,.T.);
#13706 = EDGE_LOOP('',(#13707,#13713,#13714,#13715));
#13707 = ORIENTED_EDGE('',*,*,#13708,.T.);
#13708 = EDGE_CURVE('',#3351,#6793,#13709,.T.);
#13709 = LINE('',#13710,#13711);
#13710 = CARTESIAN_POINT('',(285.013,-22.254,0.));
#13711 = VECTOR('',#13712,1.);
#13712 = DIRECTION('',(0.,0.,1.));
#13713 = ORIENTED_EDGE('',*,*,#6792,.T.);
#13714 = ORIENTED_EDGE('',*,*,#13674,.F.);
#13715 = ORIENTED_EDGE('',*,*,#3350,.F.);
#13716 = PLANE('',#13717);
#13717 = AXIS2_PLACEMENT_3D('',#13718,#13719,#13720);
#13718 = CARTESIAN_POINT('',(285.013,-22.254,0.));
#13719 = DIRECTION('',(-1.,0.,0.));
#13720 = DIRECTION('',(0.,1.,0.));
#13721 = ADVANCED_FACE('',(#13722),#13733,.T.);
#13722 = FACE_BOUND('',#13723,.T.);
#13723 = EDGE_LOOP('',(#13724,#13725,#13726,#13732));
#13724 = ORIENTED_EDGE('',*,*,#13693,.T.);
#13725 = ORIENTED_EDGE('',*,*,#6872,.T.);
#13726 = ORIENTED_EDGE('',*,*,#13727,.F.);
#13727 = EDGE_CURVE('',#3423,#6865,#13728,.T.);
#13728 = LINE('',#13729,#13730);
#13729 = CARTESIAN_POINT('',(262.938,-16.584,0.));
#13730 = VECTOR('',#13731,1.);
#13731 = DIRECTION('',(0.,0.,1.));
#13732 = ORIENTED_EDGE('',*,*,#3430,.F.);
#13733 = PLANE('',#13734);
#13734 = AXIS2_PLACEMENT_3D('',#13735,#13736,#13737);
#13735 = CARTESIAN_POINT('',(262.938,-21.054,0.));
#13736 = DIRECTION('',(-1.,0.,0.));
#13737 = DIRECTION('',(0.,1.,0.));
#13738 = ADVANCED_FACE('',(#13739),#13750,.T.);
#13739 = FACE_BOUND('',#13740,.T.);
#13740 = EDGE_LOOP('',(#13741,#13747,#13748,#13749));
#13741 = ORIENTED_EDGE('',*,*,#13742,.T.);
#13742 = EDGE_CURVE('',#3359,#6801,#13743,.T.);
#13743 = LINE('',#13744,#13745);
#13744 = CARTESIAN_POINT('',(281.713,-22.254,0.));
#13745 = VECTOR('',#13746,1.);
#13746 = DIRECTION('',(0.,0.,1.));
#13747 = ORIENTED_EDGE('',*,*,#6800,.T.);
#13748 = ORIENTED_EDGE('',*,*,#13708,.F.);
#13749 = ORIENTED_EDGE('',*,*,#3358,.F.);
#13750 = PLANE('',#13751);
#13751 = AXIS2_PLACEMENT_3D('',#13752,#13753,#13754);
#13752 = CARTESIAN_POINT('',(281.713,-22.254,0.));
#13753 = DIRECTION('',(0.,1.,0.));
#13754 = DIRECTION('',(1.,0.,0.));
#13755 = ADVANCED_FACE('',(#13756),#13767,.T.);
#13756 = FACE_BOUND('',#13757,.T.);
#13757 = EDGE_LOOP('',(#13758,#13759,#13760,#13766));
#13758 = ORIENTED_EDGE('',*,*,#13727,.T.);
#13759 = ORIENTED_EDGE('',*,*,#6864,.T.);
#13760 = ORIENTED_EDGE('',*,*,#13761,.F.);
#13761 = EDGE_CURVE('',#3415,#6857,#13762,.T.);
#13762 = LINE('',#13763,#13764);
#13763 = CARTESIAN_POINT('',(264.463,-16.584,0.));
#13764 = VECTOR('',#13765,1.);
#13765 = DIRECTION('',(0.,0.,1.));
#13766 = ORIENTED_EDGE('',*,*,#3422,.F.);
#13767 = PLANE('',#13768);
#13768 = AXIS2_PLACEMENT_3D('',#13769,#13770,#13771);
#13769 = CARTESIAN_POINT('',(262.938,-16.584,0.));
#13770 = DIRECTION('',(0.,1.,0.));
#13771 = DIRECTION('',(1.,0.,0.));
#13772 = ADVANCED_FACE('',(#13773),#13784,.T.);
#13773 = FACE_BOUND('',#13774,.T.);
#13774 = EDGE_LOOP('',(#13775,#13781,#13782,#13783));
#13775 = ORIENTED_EDGE('',*,*,#13776,.T.);
#13776 = EDGE_CURVE('',#3367,#6809,#13777,.T.);
#13777 = LINE('',#13778,#13779);
#13778 = CARTESIAN_POINT('',(281.713,-21.054,0.));
#13779 = VECTOR('',#13780,1.);
#13780 = DIRECTION('',(0.,0.,1.));
#13781 = ORIENTED_EDGE('',*,*,#6808,.T.);
#13782 = ORIENTED_EDGE('',*,*,#13742,.F.);
#13783 = ORIENTED_EDGE('',*,*,#3366,.F.);
#13784 = PLANE('',#13785);
#13785 = AXIS2_PLACEMENT_3D('',#13786,#13787,#13788);
#13786 = CARTESIAN_POINT('',(281.713,-21.054,0.));
#13787 = DIRECTION('',(1.,0.,-0.));
#13788 = DIRECTION('',(0.,-1.,0.));
#13789 = ADVANCED_FACE('',(#13790),#13801,.T.);
#13790 = FACE_BOUND('',#13791,.T.);
#13791 = EDGE_LOOP('',(#13792,#13793,#13794,#13800));
#13792 = ORIENTED_EDGE('',*,*,#13761,.T.);
#13793 = ORIENTED_EDGE('',*,*,#6856,.T.);
#13794 = ORIENTED_EDGE('',*,*,#13795,.F.);
#13795 = EDGE_CURVE('',#3407,#6849,#13796,.T.);
#13796 = LINE('',#13797,#13798);
#13797 = CARTESIAN_POINT('',(264.463,-21.284,0.));
#13798 = VECTOR('',#13799,1.);
#13799 = DIRECTION('',(0.,0.,1.));
#13800 = ORIENTED_EDGE('',*,*,#3414,.F.);
#13801 = PLANE('',#13802);
#13802 = AXIS2_PLACEMENT_3D('',#13803,#13804,#13805);
#13803 = CARTESIAN_POINT('',(264.463,-16.584,0.));
#13804 = DIRECTION('',(1.,0.,-0.));
#13805 = DIRECTION('',(0.,-1.,0.));
#13806 = ADVANCED_FACE('',(#13807),#13818,.T.);
#13807 = FACE_BOUND('',#13808,.T.);
#13808 = EDGE_LOOP('',(#13809,#13815,#13816,#13817));
#13809 = ORIENTED_EDGE('',*,*,#13810,.T.);
#13810 = EDGE_CURVE('',#3375,#6817,#13811,.T.);
#13811 = LINE('',#13812,#13813);
#13812 = CARTESIAN_POINT('',(279.988,-21.054,0.));
#13813 = VECTOR('',#13814,1.);
#13814 = DIRECTION('',(0.,0.,1.));
#13815 = ORIENTED_EDGE('',*,*,#6816,.T.);
#13816 = ORIENTED_EDGE('',*,*,#13776,.F.);
#13817 = ORIENTED_EDGE('',*,*,#3374,.F.);
#13818 = PLANE('',#13819);
#13819 = AXIS2_PLACEMENT_3D('',#13820,#13821,#13822);
#13820 = CARTESIAN_POINT('',(279.988,-21.054,0.));
#13821 = DIRECTION('',(0.,1.,0.));
#13822 = DIRECTION('',(1.,0.,0.));
#13823 = ADVANCED_FACE('',(#13824),#13835,.T.);
#13824 = FACE_BOUND('',#13825,.T.);
#13825 = EDGE_LOOP('',(#13826,#13827,#13828,#13834));
#13826 = ORIENTED_EDGE('',*,*,#13795,.T.);
#13827 = ORIENTED_EDGE('',*,*,#6848,.T.);
#13828 = ORIENTED_EDGE('',*,*,#13829,.F.);
#13829 = EDGE_CURVE('',#3399,#6841,#13830,.T.);
#13830 = LINE('',#13831,#13832);
#13831 = CARTESIAN_POINT('',(278.463,-21.284,0.));
#13832 = VECTOR('',#13833,1.);
#13833 = DIRECTION('',(0.,0.,1.));
#13834 = ORIENTED_EDGE('',*,*,#3406,.F.);
#13835 = PLANE('',#13836);
#13836 = AXIS2_PLACEMENT_3D('',#13837,#13838,#13839);
#13837 = CARTESIAN_POINT('',(264.463,-21.284,0.));
#13838 = DIRECTION('',(0.,1.,0.));
#13839 = DIRECTION('',(1.,0.,0.));
#13840 = ADVANCED_FACE('',(#13841),#13852,.T.);
#13841 = FACE_BOUND('',#13842,.T.);
#13842 = EDGE_LOOP('',(#13843,#13849,#13850,#13851));
#13843 = ORIENTED_EDGE('',*,*,#13844,.T.);
#13844 = EDGE_CURVE('',#3383,#6825,#13845,.T.);
#13845 = LINE('',#13846,#13847);
#13846 = CARTESIAN_POINT('',(279.988,-16.584,0.));
#13847 = VECTOR('',#13848,1.);
#13848 = DIRECTION('',(0.,0.,1.));
#13849 = ORIENTED_EDGE('',*,*,#6824,.T.);
#13850 = ORIENTED_EDGE('',*,*,#13810,.F.);
#13851 = ORIENTED_EDGE('',*,*,#3382,.F.);
#13852 = PLANE('',#13853);
#13853 = AXIS2_PLACEMENT_3D('',#13854,#13855,#13856);
#13854 = CARTESIAN_POINT('',(279.988,-16.584,0.));
#13855 = DIRECTION('',(1.,0.,-0.));
#13856 = DIRECTION('',(0.,-1.,0.));
#13857 = ADVANCED_FACE('',(#13858),#13869,.T.);
#13858 = FACE_BOUND('',#13859,.T.);
#13859 = EDGE_LOOP('',(#13860,#13861,#13862,#13868));
#13860 = ORIENTED_EDGE('',*,*,#13829,.T.);
#13861 = ORIENTED_EDGE('',*,*,#6840,.T.);
#13862 = ORIENTED_EDGE('',*,*,#13863,.F.);
#13863 = EDGE_CURVE('',#3391,#6833,#13864,.T.);
#13864 = LINE('',#13865,#13866);
#13865 = CARTESIAN_POINT('',(278.463,-16.584,0.));
#13866 = VECTOR('',#13867,1.);
#13867 = DIRECTION('',(0.,0.,1.));
#13868 = ORIENTED_EDGE('',*,*,#3398,.F.);
#13869 = PLANE('',#13870);
#13870 = AXIS2_PLACEMENT_3D('',#13871,#13872,#13873);
#13871 = CARTESIAN_POINT('',(278.463,-21.284,0.));
#13872 = DIRECTION('',(-1.,0.,0.));
#13873 = DIRECTION('',(0.,1.,0.));
#13874 = ADVANCED_FACE('',(#13875),#13881,.T.);
#13875 = FACE_BOUND('',#13876,.T.);
#13876 = EDGE_LOOP('',(#13877,#13878,#13879,#13880));
#13877 = ORIENTED_EDGE('',*,*,#13863,.T.);
#13878 = ORIENTED_EDGE('',*,*,#6832,.T.);
#13879 = ORIENTED_EDGE('',*,*,#13844,.F.);
#13880 = ORIENTED_EDGE('',*,*,#3390,.F.);
#13881 = PLANE('',#13882);
#13882 = AXIS2_PLACEMENT_3D('',#13883,#13884,#13885);
#13883 = CARTESIAN_POINT('',(278.463,-16.584,0.));
#13884 = DIRECTION('',(0.,1.,0.));
#13885 = DIRECTION('',(1.,0.,0.));
#13886 = ADVANCED_FACE('',(#13887),#13903,.T.);
#13887 = FACE_BOUND('',#13888,.T.);
#13888 = EDGE_LOOP('',(#13889,#13895,#13896,#13902));
#13889 = ORIENTED_EDGE('',*,*,#13890,.T.);
#13890 = EDGE_CURVE('',#3535,#6977,#13891,.T.);
#13891 = LINE('',#13892,#13893);
#13892 = CARTESIAN_POINT('',(235.888,-21.284,0.));
#13893 = VECTOR('',#13894,1.);
#13894 = DIRECTION('',(0.,0.,1.));
#13895 = ORIENTED_EDGE('',*,*,#6976,.T.);
#13896 = ORIENTED_EDGE('',*,*,#13897,.F.);
#13897 = EDGE_CURVE('',#3537,#6979,#13898,.T.);
#13898 = LINE('',#13899,#13900);
#13899 = CARTESIAN_POINT('',(249.888,-21.284,0.));
#13900 = VECTOR('',#13901,1.);
#13901 = DIRECTION('',(0.,0.,1.));
#13902 = ORIENTED_EDGE('',*,*,#3534,.F.);
#13903 = PLANE('',#13904);
#13904 = AXIS2_PLACEMENT_3D('',#13905,#13906,#13907);
#13905 = CARTESIAN_POINT('',(235.888,-21.284,0.));
#13906 = DIRECTION('',(0.,1.,0.));
#13907 = DIRECTION('',(1.,0.,0.));
#13908 = ADVANCED_FACE('',(#13909),#13920,.T.);
#13909 = FACE_BOUND('',#13910,.T.);
#13910 = EDGE_LOOP('',(#13911,#13917,#13918,#13919));
#13911 = ORIENTED_EDGE('',*,*,#13912,.T.);
#13912 = EDGE_CURVE('',#3545,#6987,#13913,.T.);
#13913 = LINE('',#13914,#13915);
#13914 = CARTESIAN_POINT('',(235.888,-7.284,0.));
#13915 = VECTOR('',#13916,1.);
#13916 = DIRECTION('',(0.,0.,1.));
#13917 = ORIENTED_EDGE('',*,*,#6986,.T.);
#13918 = ORIENTED_EDGE('',*,*,#13890,.F.);
#13919 = ORIENTED_EDGE('',*,*,#3544,.F.);
#13920 = PLANE('',#13921);
#13921 = AXIS2_PLACEMENT_3D('',#13922,#13923,#13924);
#13922 = CARTESIAN_POINT('',(235.888,-7.284,0.));
#13923 = DIRECTION('',(1.,0.,-0.));
#13924 = DIRECTION('',(0.,-1.,0.));
#13925 = ADVANCED_FACE('',(#13926),#13937,.T.);
#13926 = FACE_BOUND('',#13927,.T.);
#13927 = EDGE_LOOP('',(#13928,#13929,#13930,#13936));
#13928 = ORIENTED_EDGE('',*,*,#13897,.T.);
#13929 = ORIENTED_EDGE('',*,*,#7002,.T.);
#13930 = ORIENTED_EDGE('',*,*,#13931,.F.);
#13931 = EDGE_CURVE('',#3553,#6995,#13932,.T.);
#13932 = LINE('',#13933,#13934);
#13933 = CARTESIAN_POINT('',(249.888,-7.284,0.));
#13934 = VECTOR('',#13935,1.);
#13935 = DIRECTION('',(0.,0.,1.));
#13936 = ORIENTED_EDGE('',*,*,#3560,.F.);
#13937 = PLANE('',#13938);
#13938 = AXIS2_PLACEMENT_3D('',#13939,#13940,#13941);
#13939 = CARTESIAN_POINT('',(249.888,-21.284,0.));
#13940 = DIRECTION('',(-1.,0.,0.));
#13941 = DIRECTION('',(0.,1.,0.));
#13942 = ADVANCED_FACE('',(#13943),#13949,.T.);
#13943 = FACE_BOUND('',#13944,.T.);
#13944 = EDGE_LOOP('',(#13945,#13946,#13947,#13948));
#13945 = ORIENTED_EDGE('',*,*,#13931,.T.);
#13946 = ORIENTED_EDGE('',*,*,#6994,.T.);
#13947 = ORIENTED_EDGE('',*,*,#13912,.F.);
#13948 = ORIENTED_EDGE('',*,*,#3552,.F.);
#13949 = PLANE('',#13950);
#13950 = AXIS2_PLACEMENT_3D('',#13951,#13952,#13953);
#13951 = CARTESIAN_POINT('',(249.888,-7.284,0.));
#13952 = DIRECTION('',(0.,-1.,0.));
#13953 = DIRECTION('',(-1.,0.,0.));
#13954 = ADVANCED_FACE('',(#13955),#13966,.F.);
#13955 = FACE_BOUND('',#13956,.T.);
#13956 = EDGE_LOOP('',(#13957,#13958,#13964,#13965));
#13957 = ORIENTED_EDGE('',*,*,#3568,.T.);
#13958 = ORIENTED_EDGE('',*,*,#13959,.T.);
#13959 = EDGE_CURVE('',#3569,#7011,#13960,.T.);
#13960 = LINE('',#13961,#13962);
#13961 = CARTESIAN_POINT('',(321.46875,-3.48125,-4.6E-02));
#13962 = VECTOR('',#13963,1.);
#13963 = DIRECTION('',(0.,0.,1.));
#13964 = ORIENTED_EDGE('',*,*,#7010,.F.);
#13965 = ORIENTED_EDGE('',*,*,#13959,.F.);
#13966 = CYLINDRICAL_SURFACE('',#13967,1.1);
#13967 = AXIS2_PLACEMENT_3D('',#13968,#13969,#13970);
#13968 = CARTESIAN_POINT('',(321.46875,-2.38125,-4.6E-02));
#13969 = DIRECTION('',(-0.,-0.,-1.));
#13970 = DIRECTION('',(-0.,-1.,0.));
#13971 = ( GEOMETRIC_REPRESENTATION_CONTEXT(3) 
GLOBAL_UNCERTAINTY_ASSIGNED_CONTEXT((#13975)) 
GLOBAL_UNIT_ASSIGNED_CONTEXT((#13972,#13973,#13974)) 
REPRESENTATION_CONTEXT('Context #1',
  '3D Context with UNIT and UNCERTAINTY') );
#13972 = ( LENGTH_UNIT() NAMED_UNIT(*) SI_UNIT(.MILLI.,.METRE.) );
#13973 = ( NAMED_UNIT(*) PLANE_ANGLE_UNIT() SI_UNIT($,.RADIAN.) );
#13974 = ( NAMED_UNIT(*) SI_UNIT($,.STERADIAN.) SOLID_ANGLE_UNIT() );
#13975 = UNCERTAINTY_MEASURE_WITH_UNIT(LENGTH_MEASURE(1.E-07),#13972,
  'distance_accuracy_value','confusion accuracy');
#13976 = CONTEXT_DEPENDENT_SHAPE_REPRESENTATION(#13977,#13979);
#13977 = ( REPRESENTATION_RELATIONSHIP('','',#32,#10) 
REPRESENTATION_RELATIONSHIP_WITH_TRANSFORMATION(#13978) 
SHAPE_REPRESENTATION_RELATIONSHIP() );
#13978 = ITEM_DEFINED_TRANSFORMATION('','',#11,#15);
#13979 = PRODUCT_DEFINITION_SHAPE('Placement','Placement of an item',
  #13980);
#13980 = NEXT_ASSEMBLY_USAGE_OCCURRENCE('1','=>[0:1:1:2]','',#5,#27,$);
#13981 = PRODUCT_RELATED_PRODUCT_CATEGORY('part',$,(#29));
#13982 = MECHANICAL_DESIGN_GEOMETRIC_PRESENTATION_REPRESENTATION('',(
    #13983),#13971);
#13983 = STYLED_ITEM('color',(#13984),#33);
#13984 = PRESENTATION_STYLE_ASSIGNMENT((#13985));
#13985 = SURFACE_STYLE_USAGE(.BOTH.,#13986);
#13986 = SURFACE_SIDE_STYLE('',(#13987));
#13987 = SURFACE_STYLE_FILL_AREA(#13988);
#13988 = FILL_AREA_STYLE('',(#13989));
#13989 = FILL_AREA_STYLE_COLOUR('',#13990);
#13990 = COLOUR_RGB('',0.313304153717,0.484529207832,0.410020903123);
ENDSEC;
END-ISO-10303-21;
